trial_number,cv_score,cv_std,mean_best_iteration,median_best_iteration,fold_0_score,fold_1_score,fold_2_score,fold_3_score,fold_4_score,params_cat_l2,params_cat_smooth,params_colsample_bytree,params_learning_rate,params_max_bin,params_max_cat_threshold,params_max_cat_to_onehot,params_max_depth,params_min_child_samples,params_min_child_weight,params_min_data_per_group,params_min_split_gain,params_num_leaves,params_reg_alpha,params_reg_lambda,params_subsample,params_subsample_freq,state
216,0.863754555303851,0.0304242101338407,199.8,176.0,0.8531468531468531,0.8811188811188811,0.8591549295774648,0.9084507042253521,0.8169014084507042,7.399983164441014,28.83549369109806,0.8869339873610533,0.11784745281602944,127,8,10,7,10,0.43511604559295053,60,0.08776787070217627,4,0.001,0.05,0.9696707640811784,1,COMPLETE
111,0.8623658032108736,0.02726940662029967,187.0,142.0,0.8531468531468531,0.8671328671328671,0.8591549295774648,0.9084507042253521,0.823943661971831,9.404203748603695,29.486134506510904,0.8824366205211784,0.06415589255560915,255,8,10,7,10,1.3284856101181381,50,0.05954220779641291,5,0.05,0.05,0.9262378051239301,1,COMPLETE
276,0.8623559539052497,0.024651889201927076,209.8,230.0,0.8601398601398601,0.8671328671328671,0.8591549295774648,0.9014084507042254,0.823943661971831,2.0933722840894085,29.491199663798312,0.7833722864679933,0.1071852498566946,63,32,10,7,10,1.3058999928868709,60,0.07827487888402482,4,0.001,0.01,0.980954521282409,1,COMPLETE
199,0.8623461045996258,0.02736750399284952,233.6,278.0,0.8601398601398601,0.8741258741258742,0.8591549295774648,0.9014084507042254,0.8169014084507042,8.314239289721916,29.43395946229507,0.8896700245949554,0.12135397476496647,255,8,10,7,10,0.8913385471494968,60,0.09680211703988155,4,0.001,0.05,0.972499684920482,1,COMPLETE
269,0.8623362552940017,0.02881763761358518,109.8,123.0,0.8601398601398601,0.8811188811188811,0.8661971830985915,0.8943661971830986,0.8098591549295775,17.56617042350864,28.71996794107181,0.8786373093186646,0.11325255217407268,63,32,10,7,10,1.4096160913817761,60,0.08859300919461453,7,0.01,0.01,0.9608806022806734,1,COMPLETE
225,0.8609672018122723,0.022349708717244374,201.4,273.0,0.8461538461538461,0.8671328671328671,0.852112676056338,0.9014084507042254,0.8380281690140845,7.1157949573608965,28.01522501758909,0.889681792912353,0.10638502275192067,127,8,10,7,10,0.535551250300806,60,0.09093086771668271,4,0.001,0.05,0.9674610542267802,1,COMPLETE
200,0.8609672018122723,0.02565556763442002,142.2,133.0,0.8461538461538461,0.8671328671328671,0.8661971830985915,0.9014084507042254,0.823943661971831,7.832831988214041,29.993348746003907,0.9003318145518321,0.104665467623694,255,8,10,7,10,0.6711428872889121,60,0.08543771928979958,4,0.001,0.05,0.979235378011197,1,COMPLETE
161,0.8609573525066484,0.026084888816272023,103.4,112.0,0.8461538461538461,0.8741258741258742,0.8591549295774648,0.9014084507042254,0.823943661971831,7.998924470522543,28.448048203781475,0.7975063447689451,0.08278542459518808,255,8,10,7,10,1.0973006458447359,60,0.14188809469689861,8,0.05,0.05,0.9467572193367021,1,COMPLETE
207,0.8609573525066484,0.027216958896360048,169.8,188.0,0.8531468531468531,0.8671328671328671,0.8661971830985915,0.9014084507042254,0.8169014084507042,7.592286458674563,29.94878220590208,0.8923168039085578,0.10415236139424157,127,8,10,7,10,0.9505352282696382,60,0.09167701837804076,4,0.001,0.05,0.9752415926872833,1,COMPLETE
241,0.8609573525066482,0.027578980862759984,95.4,83.0,0.8531468531468531,0.8671328671328671,0.852112676056338,0.9084507042253521,0.823943661971831,8.937293356886187,28.42011290425229,0.8831999090244933,0.10460436236333938,127,8,10,7,10,0.8609641112383144,60,0.0836753110910818,5,0.001,0.05,0.9639841140573041,1,COMPLETE
191,0.8609475032010245,0.025764108021622618,110.4,119.0,0.8531468531468531,0.8741258741258742,0.852112676056338,0.9014084507042254,0.823943661971831,6.048002032241794,28.317843489439536,0.8691371939640584,0.08204103437697831,255,8,10,7,10,1.0438702247888676,60,0.13935305580103113,8,0.05,0.05,0.9484277630725941,1,COMPLETE
81,0.8609376538954002,0.02905898043265672,131.0,128.0,0.8531468531468531,0.8811188811188811,0.8661971830985915,0.8943661971830986,0.8098591549295775,10.834577649227581,17.348470847884172,0.864587970576739,0.09779605583799666,255,8,10,7,5,1.343011339760481,40,0.10338202993952948,8,0.05,0.01,0.9635757755858331,1,COMPLETE
283,0.859558751108047,0.025522749509753608,87.8,50.0,0.8461538461538461,0.8671328671328671,0.8591549295774648,0.9014084507042254,0.823943661971831,2.94969973298472,28.94334159443407,0.7657547749300938,0.11571299061142085,255,32,10,7,10,1.4929869953926738,60,0.06740544093780675,5,0.001,0.0,0.9536261287587088,1,COMPLETE
248,0.8595587511080469,0.027407122470820146,112.4,128.0,0.8531468531468531,0.8601398601398601,0.852112676056338,0.9084507042253521,0.823943661971831,9.849764196864585,27.963730011417372,0.9196922973095328,0.10503910920582077,255,32,10,7,10,1.037106447492355,60,0.10026776015148542,5,0.001,0.01,0.9641030821675789,1,COMPLETE
214,0.8595587511080469,0.0277567063195834,125.2,93.0,0.8461538461538461,0.8671328671328671,0.8661971830985915,0.9014084507042254,0.8169014084507042,8.661119549689598,28.92824346077451,0.8716812916515301,0.11962083299916465,127,8,10,7,10,0.44404593109901874,60,0.09379810499126369,4,0.001,0.05,0.9688567185322945,1,COMPLETE
141,0.8595587511080469,0.029823795011459802,157.0,175.0,0.8461538461538461,0.8671328671328671,0.8591549295774648,0.9084507042253521,0.8169014084507042,7.863040119423137,27.929810597483467,0.8715348878718341,0.07698153561451603,255,8,10,7,10,1.2469607699765473,60,0.13890794883296323,7,0.05,0.05,0.9309638952328819,1,COMPLETE
264,0.8595587511080469,0.031107911915979933,61.6,42.0,0.8391608391608392,0.8741258741258742,0.8591549295774648,0.9084507042253521,0.8169014084507042,20.32683105082766,28.681598252193687,0.8701146654157447,0.11439354593863076,63,32,10,7,10,1.2021368224250402,60,0.08898046294637776,6,0.001,0.01,0.9567848112773758,1,COMPLETE
61,0.8595489018024229,0.027091284556783127,133.4,132.0,0.8531468531468531,0.8671328671328671,0.8591549295774648,0.9014084507042254,0.8169014084507042,9.985711929956246,15.76831927521591,0.8764046881911555,0.07452498061566891,255,8,10,7,10,1.4125423550488667,40,0.07806382999682797,6,0.05,0.01,0.9436302150232152,1,COMPLETE
201,0.8595489018024229,0.027091284556783127,151.2,200.0,0.8531468531468531,0.8671328671328671,0.8591549295774648,0.9014084507042254,0.8169014084507042,8.132245262645561,29.750269656877887,0.8927269188285747,0.11300897528690447,255,8,10,7,10,0.6605027580454308,60,0.08241507120137984,4,0.001,0.05,0.9811591939971407,1,COMPLETE
151,0.8595489018024229,0.028153512660087195,104.8,119.0,0.8461538461538461,0.8741258741258742,0.8591549295774648,0.9014084507042254,0.8169014084507042,1.3554893199160232,29.7988487370009,0.7697839218726007,0.08453540872450493,255,8,10,7,10,1.1390589743309287,60,0.142373712118595,7,0.05,0.05,0.9427015468086885,1,COMPLETE
83,0.8595489018024229,0.029543172408746116,101.2,107.0,0.8531468531468531,0.8671328671328671,0.8661971830985915,0.9014084507042254,0.8098591549295775,9.615815512119005,22.721188762583182,0.8443779375583831,0.10021078269688673,255,8,10,7,5,1.7040980709115043,40,0.09709266264735664,6,0.05,0.01,0.9620402693375641,1,COMPLETE
64,0.8595489018024229,0.03052018368453886,159.6,83.0,0.8461538461538461,0.8741258741258742,0.8661971830985915,0.9014084507042254,0.8098591549295775,13.956697983329798,17.74996221782671,0.882748477896273,0.0658924023331108,255,8,10,7,5,1.2270184312509542,40,0.10232367839322279,5,0.05,0.01,0.9374939375352954,1,COMPLETE
245,0.8595489018024228,0.022709624093123562,99.8,117.0,0.8531468531468531,0.8671328671328671,0.8591549295774648,0.8943661971830986,0.823943661971831,7.877914823552052,28.290054007071337,0.9124442929697135,0.09874935652634148,255,32,10,7,10,1.0293904795902757,60,0.09445964353491329,5,0.001,0.01,0.9698728471659667,1,COMPLETE
63,0.8595489018024228,0.03149322211439902,182.6,214.0,0.8531468531468531,0.8671328671328671,0.8591549295774648,0.9084507042253521,0.8098591549295775,14.242336701942293,17.397146678899976,0.8811684941516628,0.06497265819542225,255,8,10,7,10,1.1855486023053563,40,0.10274492391447244,5,0.05,0.01,0.9034387602898165,1,COMPLETE
261,0.8595489018024228,0.03149322211439902,147.8,143.0,0.8531468531468531,0.8671328671328671,0.8591549295774648,0.9084507042253521,0.8098591549295775,13.86148152949176,28.859266718016613,0.8665978320636638,0.11896069155735203,255,32,10,7,5,1.4418520101258505,60,0.0894977377165362,6,0.001,0.01,0.948597094777425,1,COMPLETE
284,0.859539052496799,0.02316908416966239,94.8,63.0,0.8461538461538461,0.8811188811188811,0.8591549295774648,0.8873239436619719,0.823943661971831,1.3235542231316928,28.172014106682134,0.7688240320924655,0.11597695121462746,63,32,10,7,10,1.5908570291132673,60,0.08345963590779046,5,0.001,0.0,0.9536598088363315,1,COMPLETE
195,0.859529203191175,0.023678058481629984,140.4,102.0,0.8601398601398601,0.8741258741258742,0.8591549295774648,0.8873239436619719,0.8169014084507042,7.646322634449994,29.069631770547296,0.878204185379761,0.11325893103361323,255,8,10,7,15,0.7811815459346451,60,0.10018238974520008,6,0.05,0.05,0.9573985253352238,1,COMPLETE
110,0.859529203191175,0.03058345951194355,242.6,202.0,0.8461538461538461,0.8881118881118881,0.8591549295774648,0.8943661971830986,0.8098591549295775,9.235559327923669,29.527982473638875,0.8822191220754761,0.05306861515759683,255,8,10,7,10,1.287262341819142,50,0.05588973335710386,5,0.05,0.05,0.9134878165822605,1,COMPLETE
145,0.859529203191175,0.03309726638742959,131.8,92.0,0.8531468531468531,0.8811188811188811,0.8591549295774648,0.9014084507042254,0.8028169014084507,8.94257334867619,27.432425959967205,0.7240821271867997,0.07248363987504663,255,8,10,7,5,1.2619840151771438,50,0.12496461302450926,7,0.05,0.01,0.9107421190770514,1,COMPLETE
267,0.8581601497094455,0.026033121503576916,120.6,119.0,0.8601398601398601,0.8461538461538461,0.8732394366197183,0.8943661971830986,0.8169014084507042,8.318517548321044,28.467113072079698,0.8723329831843539,0.10242537587192534,63,32,10,7,5,1.018747174619282,60,0.08484973260604768,6,0.001,0.01,0.9564939953593012,1,COMPLETE
210,0.8581601497094455,0.027157170175620596,89.8,58.0,0.8531468531468531,0.8531468531468531,0.8661971830985915,0.9014084507042254,0.8169014084507042,10.303196124500317,27.671221770005392,0.8859751121256428,0.13095025771255142,127,8,10,7,10,0.4801534058982956,70,0.09065787465085531,4,0.001,0.05,0.9684183333464433,1,COMPLETE
65,0.8581601497094453,0.02525962682810935,131.0,141.0,0.8461538461538461,0.8601398601398601,0.8591549295774648,0.9014084507042254,0.823943661971831,13.19644203243508,18.192571362730718,0.8812393425167296,0.06944301281040416,255,8,10,7,5,0.8790892194155774,50,0.10292471193502628,5,0.05,0.01,0.9402944248972215,1,COMPLETE
194,0.8581503004038217,0.027562109332060623,99.4,104.0,0.8461538461538461,0.8671328671328671,0.8591549295774648,0.9014084507042254,0.8169014084507042,6.802857016130424,28.404770638153945,0.8809000497545626,0.11135112478152996,255,8,10,7,10,1.1808305648268904,50,0.1009527215188497,7,0.05,0.05,0.9529902892722705,1,COMPLETE
217,0.8581503004038217,0.027562109332060623,108.8,117.0,0.8461538461538461,0.8671328671328671,0.8591549295774648,0.9014084507042254,0.8169014084507042,7.860232116486003,29.101117198746316,0.9065704091666449,0.11559651919418815,127,8,10,7,10,0.45811965956054446,60,0.08673503001219675,4,0.001,0.05,0.9701170125283087,1,COMPLETE
233,0.8581503004038217,0.027562109332060623,123.0,140.0,0.8461538461538461,0.8671328671328671,0.8591549295774648,0.9014084507042254,0.8169014084507042,8.996136830248203,28.586605978544817,0.8819450243652698,0.09986931592879209,127,8,10,7,10,0.8399068333665051,60,0.08362098729130799,5,0.001,0.05,0.9688419281867865,1,COMPLETE
243,0.8581503004038217,0.027562109332060623,182.6,178.0,0.8461538461538461,0.8671328671328671,0.8591549295774648,0.9014084507042254,0.8169014084507042,8.169696812057666,28.043389792087986,0.8759015565375559,0.1082492233392516,127,8,10,7,10,0.6581185234986202,60,0.08928162728300969,4,0.001,0.05,0.9600053072833467,1,COMPLETE
181,0.8581503004038215,0.02241288649200388,120.4,142.0,0.8531468531468531,0.8601398601398601,0.8591549295774648,0.8943661971830986,0.823943661971831,6.226005231751521,29.678612077957087,0.7232779851185757,0.0771681163737331,255,8,10,7,10,1.1069950448812693,50,0.10182077020895988,9,0.05,0.05,0.9439387669794356,1,COMPLETE
224,0.8581503004038215,0.02241288649200388,167.2,171.0,0.8531468531468531,0.8601398601398601,0.8591549295774648,0.8943661971830986,0.823943661971831,8.905022916051164,29.993957712257473,0.8847218409631342,0.12639265193658897,127,8,10,7,10,0.3044424463593244,60,0.08891897972009477,5,0.001,0.05,0.9787898061578395,1,COMPLETE
242,0.8581503004038215,0.023269275844917166,199.8,205.0,0.8461538461538461,0.8671328671328671,0.8591549295774648,0.8943661971830986,0.823943661971831,8.763588160548734,29.47397751145813,0.8859171473423444,0.10358976826813364,127,8,10,7,10,0.8919293345263714,60,0.08319550034057664,5,0.001,0.05,0.9651356061655336,1,COMPLETE
175,0.8581503004038215,0.02492712346175192,134.6,135.0,0.8531468531468531,0.8601398601398601,0.8661971830985915,0.8943661971830986,0.8169014084507042,6.798196756321373,29.975414768093703,0.70003808551248,0.06710069039204462,255,8,10,7,5,1.2526737093407785,50,0.10317537643933852,9,0.5,0.05,0.9342884851102701,1,COMPLETE
133,0.8581503004038215,0.02569986773352771,137.0,142.0,0.8461538461538461,0.8671328671328671,0.8661971830985915,0.8943661971830986,0.8169014084507042,10.021319054362284,24.990268584448916,0.8638378898978264,0.07823655389773713,255,8,10,7,10,1.578489531452439,60,0.1488391683834333,6,0.05,0.05,0.9431858329997543,1,COMPLETE
262,0.8581503004038215,0.027179526051931278,104.4,115.0,0.8391608391608392,0.8741258741258742,0.852112676056338,0.9014084507042254,0.823943661971831,7.884688469850875,28.756184775509436,0.8643806071771755,0.11963701462904155,255,32,10,7,10,1.333479497762575,60,0.08258929930729264,6,0.001,0.01,0.9493571987041827,1,COMPLETE
97,0.8581503004038215,0.02997551013525484,123.6,97.0,0.8461538461538461,0.8671328671328671,0.852112676056338,0.9084507042253521,0.8169014084507042,6.093444290628289,27.6571741365003,0.823310988783075,0.08059371350263307,127,8,10,7,5,1.972119363906521,50,0.11151781609114478,8,0.05,0.05,0.9439207974362016,1,COMPLETE
215,0.8581503004038215,0.03189914122735499,110.4,129.0,0.8461538461538461,0.8671328671328671,0.8591549295774648,0.9084507042253521,0.8098591549295775,8.3466950432646,28.71047888828491,0.8737821949489373,0.13387856645552174,127,8,10,7,10,0.34616034439429816,70,0.09365171649945372,4,0.001,1.0,0.9850085836952223,1,COMPLETE
198,0.8581404510981976,0.024154799048561323,97.8,106.0,0.8461538461538461,0.8741258741258742,0.852112676056338,0.8943661971830986,0.823943661971831,7.316901305647622,28.470552106783988,0.8766736668483894,0.11597669403237752,255,8,10,7,15,0.7470668224872078,60,0.10226545193349507,6,0.05,0.01,0.9531141757581504,1,COMPLETE
228,0.8581404510981976,0.024979159517944736,109.8,104.0,0.8531468531468531,0.8671328671328671,0.8591549295774648,0.8943661971830986,0.8169014084507042,6.900050571928076,28.596256524505623,0.8804170593613633,0.1474085053507536,127,8,10,7,10,0.42818499744575506,60,0.09295153605943354,5,0.001,0.05,0.975191992298987,1,COMPLETE
91,0.8581404510981976,0.02612739915085356,117.2,113.0,0.8461538461538461,0.8741258741258742,0.8591549295774648,0.8943661971830986,0.8169014084507042,6.2644788961004565,26.141052897643792,0.8393068554576818,0.07456810849541369,255,8,10,7,10,1.69994295272374,50,0.1398012463963237,7,0.05,0.05,0.9330156323551725,1,COMPLETE
235,0.8581404510981976,0.027619191647461936,87.0,23.0,0.8531468531468531,0.8671328671328671,0.8661971830985915,0.8943661971830986,0.8098591549295775,8.415000066388618,29.237169836990923,0.8897816948767855,0.12483892440060394,127,8,10,7,10,0.43835699690208285,60,0.08102672718996652,5,0.001,0.001,0.9576157896289413,1,COMPLETE
85,0.8581404510981976,0.02831368908429272,103.4,111.0,0.8461538461538461,0.8741258741258742,0.852112676056338,0.9014084507042254,0.8169014084507042,7.828791754463087,26.622670944450583,0.880666843780391,0.07036920821660791,255,8,10,7,5,1.667168863248009,50,0.12164702589197497,8,0.05,0.05,0.950297449525954,1,COMPLETE
257,0.8581404510981976,0.0286618618275981,95.6,120.0,0.8461538461538461,0.8741258741258742,0.8661971830985915,0.8943661971830986,0.8098591549295775,10.16747702415825,27.9049517592221,0.9347147932303014,0.106326504752248,255,32,10,7,10,1.2967754638650095,60,0.09313221998882387,6,0.001,0.01,0.9589218042164426,1,COMPLETE
275,0.8581404510981976,0.0286618618275981,78.2,95.0,0.8461538461538461,0.8741258741258742,0.8661971830985915,0.8943661971830986,0.8098591549295775,20.075113122752903,28.738010513579994,0.9132996895370221,0.09604937124816552,63,32,10,7,10,1.4740220661831223,60,0.14248286895797782,7,0.01,0.01,0.9625631983066816,1,COMPLETE
252,0.8581404510981976,0.0293599457862387,126.2,121.0,0.8531468531468531,0.8671328671328671,0.8591549295774648,0.9014084507042254,0.8098591549295775,9.49331021866447,28.43396107297167,0.9225500727686041,0.10514227119312032,255,32,10,7,10,1.2760887371662186,60,0.057842050719689356,5,0.1,0.01,0.9601055439390034,1,COMPLETE
92,0.8581404510981976,0.03034285735945067,82.6,108.0,0.8461538461538461,0.8741258741258742,0.8591549295774648,0.9014084507042254,0.8098591549295775,6.2408002884387646,28.441608792156096,0.8627815031051679,0.08077925502595873,255,8,10,7,10,1.1289978243587853,60,0.14402917928036663,8,0.05,0.05,0.9456207604679613,1,COMPLETE
95,0.8581404510981976,0.03034285735945067,109.2,95.0,0.8461538461538461,0.8741258741258742,0.8591549295774648,0.9014084507042254,0.8098591549295775,8.099086536501563,28.214412129397648,0.8569870012248146,0.07768005306693782,255,8,10,7,10,1.226370175576204,60,0.14056988816341012,7,0.05,0.05,0.9328323995310521,1,COMPLETE
117,0.8581404510981976,0.03034285735945067,109.0,92.0,0.8461538461538461,0.8741258741258742,0.8591549295774648,0.9014084507042254,0.8098591549295775,15.304309098393308,18.063604787910617,0.8878117379855837,0.05962718798617828,255,8,10,7,5,1.5346222789194508,40,0.05287509029946143,6,0.05,0.01,0.8880851319157811,1,COMPLETE
150,0.8581404510981976,0.03034285735945067,118.4,68.0,0.8461538461538461,0.8741258741258742,0.8591549295774648,0.9014084507042254,0.8098591549295775,10.811513336892375,19.851610318210938,0.8888745550893007,0.0744629254622019,255,8,10,7,5,0.9571349652215796,40,0.13471678510153212,6,0.05,0.001,0.8919293619614813,1,COMPLETE
223,0.8581404510981976,0.03034285735945067,128.4,91.0,0.8461538461538461,0.8741258741258742,0.8591549295774648,0.9014084507042254,0.8098591549295775,8.159404408605715,29.203763648590677,0.9091767959737795,0.11958476416576838,127,8,10,7,10,0.4872263130396537,60,0.09581359986241614,4,0.001,0.05,0.9606626474644372,1,COMPLETE
251,0.8581404510981976,0.03034285735945067,88.6,111.0,0.8461538461538461,0.8741258741258742,0.8591549295774648,0.9014084507042254,0.8098591549295775,4.027747626136444,27.227503063479077,0.8999142821889706,0.10731708130763623,255,32,10,7,10,0.8574683312779235,60,0.09927633828093757,6,0.001,0.01,0.963724101178771,1,COMPLETE
62,0.8581404510981976,0.03255073470403198,200.8,201.0,0.8461538461538461,0.8741258741258742,0.852112676056338,0.9084507042253521,0.8098591549295775,13.501471933954155,15.811191738481638,0.8814713918096916,0.07561817649560026,255,8,10,7,10,1.2431946528862385,40,0.10586246686018953,5,0.05,0.01,0.9372472194891611,1,COMPLETE
289,0.8581306017925737,0.021623598135174713,118.6,131.0,0.8531468531468531,0.8741258741258742,0.852112676056338,0.8873239436619719,0.823943661971831,2.5097313399044476,27.76915219773306,0.7661192849261061,0.11645422430821394,255,32,10,7,10,1.378160107601347,60,0.07264060861628467,6,0.001,0.01,0.9529696041041681,1,COMPLETE
90,0.8581306017925737,0.023806861734029027,134.2,92.0,0.8531468531468531,0.8741258741258742,0.8591549295774648,0.8873239436619719,0.8169014084507042,5.7241882868764495,26.121218381721476,0.8425453225821157,0.0719711328600266,255,8,10,7,10,1.7287766407727447,50,0.13280977202909935,7,0.05,0.05,0.9315188195321069,1,COMPLETE
152,0.8581306017925737,0.025806071668016812,83.0,100.0,0.8531468531468531,0.8741258741258742,0.852112676056338,0.8943661971830986,0.8169014084507042,1.3357381547299527,29.458396571625773,0.7421959536739999,0.08993990767049885,255,8,10,7,10,1.4245721283116541,50,0.1294240363367425,7,0.05,0.01,0.9609491206572136,1,COMPLETE
180,0.8581306017925737,0.025806071668016812,158.0,161.0,0.8531468531468531,0.8741258741258742,0.852112676056338,0.8943661971830986,0.8169014084507042,9.92826844905097,16.22235051899527,0.7922654067500685,0.058789868929508576,127,8,10,7,5,1.638789454848543,40,0.0905430912352916,7,0.0,0.05,0.9481471888042529,1,COMPLETE
197,0.8581306017925737,0.025806071668016812,119.6,82.0,0.8531468531468531,0.8741258741258742,0.852112676056338,0.8943661971830986,0.8169014084507042,1.0069541194898546,28.94214854255209,0.8672064965664189,0.11182448606286804,255,8,10,7,15,0.817318036317152,60,0.09376051141766188,7,0.05,0.05,0.9573814200958234,1,COMPLETE
253,0.8581306017925737,0.028017447030534263,63.4,40.0,0.8531468531468531,0.8741258741258742,0.8591549295774648,0.8943661971830986,0.8098591549295775,11.823322158073816,18.982329879327498,0.8710377849914114,0.09455926257868914,255,32,4,7,15,0.7153094271509151,60,0.048846155698633556,6,0.001,0.01,0.9662221777570391,1,COMPLETE
273,0.8581306017925737,0.02940883581237738,106.6,72.0,0.8671328671328671,0.8601398601398601,0.852112676056338,0.9014084507042254,0.8098591549295775,17.827243963112743,29.977312855267627,0.904091420936173,0.1152446090573294,63,32,4,7,10,1.1535438662958994,60,0.08519782400216043,7,0.001,0.01,0.9149704936103891,1,COMPLETE
86,0.8581306017925737,0.030066615061938164,160.2,159.0,0.8531468531468531,0.8741258741258742,0.852112676056338,0.9014084507042254,0.8098591549295775,5.306589074225062,26.883181878867106,0.8787793888751801,0.07096319191433377,255,8,10,7,5,1.7032056560810127,50,0.12456292263879333,5,0.05,0.05,0.9552285811551939,1,COMPLETE
105,0.8581306017925737,0.030066615061938164,178.0,211.0,0.8531468531468531,0.8741258741258742,0.852112676056338,0.9014084507042254,0.8098591549295775,6.100777803183936,27.8068456871271,0.8631387127083289,0.07437219752061355,255,8,10,7,5,0.971455357013194,50,0.11345978069405771,5,0.05,0.01,0.9434575444894824,1,COMPLETE
184,0.8581306017925735,0.027310357388093565,112.0,38.0,0.8601398601398601,0.8671328671328671,0.8591549295774648,0.8943661971830986,0.8098591549295775,7.928802270464063,29.38676319723679,0.7107659172007779,0.06301784426236204,255,8,10,7,5,1.258796995272436,50,0.052868601590414066,6,0.1,0.05,0.9343738609823771,1,COMPLETE
298,0.8581306017925735,0.027310357388093565,96.2,102.0,0.8601398601398601,0.8671328671328671,0.8591549295774648,0.8943661971830986,0.8098591549295775,19.39902307706549,29.051300048524396,0.9008213276941034,0.10262164586402696,127,8,10,7,10,0.8753284666791434,60,0.08587544821786203,6,0.01,0.0,0.9784770833199633,1,COMPLETE
160,0.8581306017925735,0.031681871170681705,113.8,88.0,0.8601398601398601,0.8671328671328671,0.8591549295774648,0.9014084507042254,0.8028169014084507,14.246418172769339,24.870381473984114,0.7562143429321344,0.0672145719566538,255,8,10,7,5,1.1647702272843388,50,0.061462392767636154,8,0.05,0.01,0.9166695868593946,1,COMPLETE
22,0.8581207524869496,0.03233783684122858,139.2,114.0,0.8601398601398601,0.8741258741258742,0.852112676056338,0.9014084507042254,0.8028169014084507,15.935822096030133,14.171084241642761,0.8933543401174467,0.09809099031447788,63,32,4,6,15,0.3606462270328805,70,0.00790297918200589,18,1.0,0.0,0.7606267713826459,1,COMPLETE
126,0.8567516990052202,0.02536102293341006,224.4,290.0,0.8461538461538461,0.8601398601398601,0.852112676056338,0.9014084507042254,0.823943661971831,6.872403208089993,28.647729342362563,0.8670169925558385,0.07004179676847756,255,8,10,7,10,1.279359290661714,60,0.04355166302116025,4,0.05,0.01,0.9613036444448868,1,COMPLETE
205,0.8567516990052202,0.02536102293341006,154.4,128.0,0.8461538461538461,0.8601398601398601,0.852112676056338,0.9014084507042254,0.823943661971831,8.533845497472077,28.1911448275606,0.895250262106125,0.1222327414870723,255,8,10,7,10,0.5879158487806746,60,0.08143137100362946,4,0.001,0.05,0.9874353425808208,1,COMPLETE
143,0.8567516990052202,0.027246433776562308,149.6,117.0,0.8461538461538461,0.8601398601398601,0.8591549295774648,0.9014084507042254,0.8169014084507042,7.775058083309446,27.031091614063538,0.8853896557635235,0.08093786073799153,255,8,10,7,10,1.985682063638187,60,0.13199960076379308,5,0.05,0.05,0.9274710568255383,1,COMPLETE
208,0.8567516990052202,0.027246433776562308,103.2,81.0,0.8461538461538461,0.8601398601398601,0.8591549295774648,0.9014084507042254,0.8169014084507042,7.551032136330551,28.623960263923895,0.8908517784147785,0.10557180816810431,127,8,10,7,10,0.9046247351970124,60,0.08792710344044198,4,0.001,0.0,0.9995386360120714,1,COMPLETE
140,0.8567516990052202,0.02935419274746284,99.0,89.0,0.8531468531468531,0.8531468531468531,0.852112676056338,0.9084507042253521,0.8169014084507042,14.699079424783607,26.42592982751569,0.8518476047880067,0.08926736684597135,255,8,10,7,5,1.1270755281872689,50,0.11150443339604023,4,0.0,0.05,0.9767665501511916,1,COMPLETE
122,0.8567418496995962,0.025411628437965465,145.4,174.0,0.8461538461538461,0.8671328671328671,0.8591549295774648,0.8943661971830986,0.8169014084507042,6.1986566036958735,28.653710120463217,0.8595127527271098,0.062217880297174545,255,8,10,7,10,1.1485689728451858,60,0.07954327794276111,7,0.05,0.05,0.9393539839680956,1,COMPLETE
230,0.8567418496995962,0.025411628437965465,107.4,113.0,0.8461538461538461,0.8671328671328671,0.8591549295774648,0.8943661971830986,0.8169014084507042,7.366362909483144,17.481483399641053,0.8914670042353203,0.11237404507178146,255,8,10,7,10,0.7388662080051176,80,0.09552681744848637,5,0.001,0.05,,0,COMPLETE
136,0.8567418496995962,0.026180632681313744,119.6,85.0,0.8461538461538461,0.8671328671328671,0.8450704225352113,0.9014084507042254,0.823943661971831,11.59447863116229,16.423388404556064,0.8352278011951325,0.09774228647242778,127,8,10,7,10,1.5441852325343481,50,0.07109383713340904,5,0.1,0.05,0.9391221713245382,1,COMPLETE
182,0.8567418496995962,0.02693794991456835,107.2,144.0,0.8531468531468531,0.8601398601398601,0.852112676056338,0.9014084507042254,0.8169014084507042,6.528989712107721,29.807184178187697,0.7248966382706801,0.07354593958871174,255,8,10,7,10,1.1129360058536886,50,0.10349162663856011,9,0.05,0.05,0.8974244060201401,1,COMPLETE
254,0.8567418496995962,0.027654563150467385,133.4,135.0,0.8461538461538461,0.8671328671328671,0.852112676056338,0.9014084507042254,0.8169014084507042,8.552930314213084,16.90706586877845,0.917728357839147,0.10151502640243588,255,32,10,7,10,1.2031834319753458,60,0.09087213838774894,4,0.001,0.01,0.9784859543060274,1,COMPLETE
246,0.8567418496995962,0.02972875487162491,149.2,147.0,0.8461538461538461,0.8671328671328671,0.8591549295774648,0.9014084507042254,0.8098591549295775,8.975326767218482,27.302774440448914,0.8825635394102691,0.09727433536615838,255,8,10,7,10,0.9434036576329576,60,0.09466315826775142,5,0.0,0.01,0.9523525968880973,1,COMPLETE
101,0.8567418496995962,0.031016806752210222,70.0,42.0,0.8391608391608392,0.8741258741258742,0.8591549295774648,0.9014084507042254,0.8098591549295775,4.878106668270412,28.171460425452466,0.8212539202279999,0.08017249300040685,127,8,10,7,10,1.0201195908943534,60,0.14705662489835752,8,0.05,0.05,0.9457728617106921,1,COMPLETE
174,0.8567320003939723,0.02697022250187272,91.2,87.0,0.8461538461538461,0.8741258741258742,0.8661971830985915,0.8873239436619719,0.8098591549295775,9.2583191921868,26.567959311987234,0.8755953470772228,0.0960175970956294,255,8,10,7,10,1.5284293303789416,70,0.14750270274929625,8,0.05,0.05,0.9582116887673198,1,COMPLETE
0,0.8567320003939722,0.020248347093115026,101.6,126.0,0.8461538461538461,0.8741258741258742,0.8591549295774648,0.8802816901408451,0.823943661971831,10.0,10.0,1.0,0.1,255,32,4,4,20,1.0,100,0.0,7,0.0,0.0,,0,COMPLETE
155,0.8567320003939722,0.02075240514464483,89.6,91.0,0.8531468531468531,0.8671328671328671,0.852112676056338,0.8873239436619719,0.823943661971831,2.802968108876817,27.829666372546534,0.8718621578774749,0.10183247990379442,255,8,10,7,10,0.8407281241006769,40,0.1499329071344764,7,0.05,0.01,0.9230815608084846,1,COMPLETE
165,0.8567320003939722,0.02301844887474231,127.2,135.0,0.8531468531468531,0.8671328671328671,0.8591549295774648,0.8873239436619719,0.8169014084507042,8.693638660100936,29.515891298979838,0.7770159298968881,0.08554829456165385,255,8,10,7,10,0.0527913522146216,60,0.10833179418040634,6,0.05,1.0,0.9355954706227644,1,COMPLETE
218,0.8567320003939722,0.02301844887474231,146.6,163.0,0.8531468531468531,0.8671328671328671,0.8591549295774648,0.8873239436619719,0.8169014084507042,7.304693614497434,29.01035309138348,0.8865129573488945,0.13842449590577488,127,8,10,7,10,0.3521325734168315,60,0.07439426679248314,4,0.001,0.05,0.9765406825007306,1,COMPLETE
98,0.8567320003939722,0.0250805832848993,175.4,179.0,0.8531468531468531,0.8671328671328671,0.852112676056338,0.8943661971830986,0.8169014084507042,9.058151548614878,27.156903655709606,0.7980783400367303,0.04779249894158849,127,8,10,7,5,1.9668520806431944,50,0.10449466598631896,9,0.05,0.01,0.9176505146902426,1,COMPLETE
193,0.8567320003939722,0.0250805832848993,105.8,111.0,0.8531468531468531,0.8671328671328671,0.852112676056338,0.8943661971830986,0.8169014084507042,5.831648875674721,27.073697950368786,0.7485642873815623,0.07190596567175368,255,8,10,7,10,1.4038414686286982,60,0.14042146539797196,9,0.05,0.05,0.9467520157688701,1,COMPLETE
203,0.8567320003939722,0.0250805832848993,201.6,182.0,0.8531468531468531,0.8671328671328671,0.852112676056338,0.8943661971830986,0.8169014084507042,8.696691103500623,29.899014336161095,0.9104008340786791,0.1191428977953108,255,8,10,7,10,0.6788626390906004,70,0.07999290934764931,4,0.001,0.05,0.9814403174991271,1,COMPLETE
258,0.8567320003939722,0.02622438243459442,115.0,154.0,0.8461538461538461,0.8741258741258742,0.852112676056338,0.8943661971830986,0.8169014084507042,8.242679279405362,29.97951190860289,0.8936321201301386,0.14215424619105282,255,8,10,7,15,0.5950606229041008,60,0.09960545283701774,5,0.001,0.0,0.8513247262391868,1,COMPLETE
115,0.8567320003939722,0.02840320822107667,235.8,182.0,0.8461538461538461,0.8741258741258742,0.8591549295774648,0.8943661971830986,0.8098591549295775,9.003720218411722,29.955016751780597,0.8935689650039447,0.05705783664740609,255,8,10,7,5,1.9907859151959533,40,0.05797641334749806,5,0.05,0.01,0.9096410973616376,1,COMPLETE
116,0.8567320003939722,0.02840320822107667,219.8,164.0,0.8461538461538461,0.8741258741258742,0.8591549295774648,0.8943661971830986,0.8098591549295775,10.38509758580934,17.01541226868858,0.8833076050429981,0.06801324985767923,255,8,10,7,10,0.8088115741443338,50,0.06760671848824931,4,0.05,0.1,0.8994172769012276,1,COMPLETE
159,0.8567320003939722,0.02840320822107667,83.4,74.0,0.8461538461538461,0.8741258741258742,0.8591549295774648,0.8943661971830986,0.8098591549295775,9.560639380712463,17.06663732103128,0.8955796467870356,0.07471943736330623,255,8,10,7,10,1.4336204977935834,60,0.1433100771977019,7,0.05,0.05,0.8848204622021099,1,COMPLETE
164,0.8567320003939722,0.02840320822107667,130.2,135.0,0.8461538461538461,0.8741258741258742,0.8591549295774648,0.8943661971830986,0.8098591549295775,7.889943897395869,28.370821525708312,0.8037442712629885,0.07139292303175533,255,8,10,7,10,1.313914522570185,50,0.1418570698063609,8,0.05,0.05,0.9567556235622369,1,COMPLETE
268,0.8567320003939722,0.02840320822107667,92.2,62.0,0.8461538461538461,0.8741258741258742,0.8591549295774648,0.8943661971830986,0.8098591549295775,20.741750455541908,29.2791263357795,0.8659940929966911,0.10925517193129443,63,32,10,7,10,1.235476027780674,60,0.13749904766219714,6,0.001,0.01,0.8989667256568945,1,COMPLETE
287,0.8567320003939722,0.02840320822107667,105.2,113.0,0.8461538461538461,0.8741258741258742,0.8591549295774648,0.8943661971830986,0.8098591549295775,3.063812730557596,28.40239137479593,0.7643333430022392,0.11077756815211233,255,32,10,7,10,0.8961989394031593,60,0.06869225584460116,5,0.001,1.0,0.8746087637068867,1,COMPLETE
234,0.8567320003939722,0.029446284387995653,149.8,170.0,0.8531468531468531,0.8671328671328671,0.852112676056338,0.9014084507042254,0.8098591549295775,7.511920560537874,27.996281867115485,0.8762399054592356,0.10556258308427928,127,8,10,7,10,0.4239217821094638,60,0.09096790808748079,4,0.001,0.05,0.9741419643744501,1,COMPLETE
82,0.8567320003939722,0.030075680056456357,81.6,29.0,0.8391608391608392,0.8811188811188811,0.8591549295774648,0.8943661971830986,0.8098591549295775,9.68400449199213,19.44561438828829,0.8698322439318475,0.09654113433581966,255,8,10,7,5,1.2373715818140718,40,0.09716806280594921,6,0.05,0.01,0.9640992130631751,1,COMPLETE
87,0.8567221510883483,0.02391267799281653,95.2,91.0,0.8531468531468531,0.8741258741258742,0.852112676056338,0.8873239436619719,0.8169014084507042,5.362015335039738,27.053793931916346,0.8760516925615169,0.06952124620573162,255,8,10,7,5,1.7629254825174372,50,0.1276527955043763,8,0.05,0.05,0.9492378001756686,1,COMPLETE
46,0.8567221510883483,0.030459518672289087,123.4,64.0,0.8461538461538461,0.8811188811188811,0.8661971830985915,0.8873239436619719,0.8028169014084507,12.343024085854909,13.81066536335536,0.9219953534718954,0.08989696660385732,255,32,10,4,20,0.920016876006934,30,0.10210462452334987,9,0.05,0.01,0.880764375951724,1,COMPLETE
137,0.8567221510883483,0.03047766687773281,171.2,197.0,0.8531468531468531,0.8741258741258742,0.8591549295774648,0.8943661971830986,0.8028169014084507,10.104832752154383,17.46050705935894,0.8442566323213248,0.06057439665539239,255,8,10,7,5,1.3743051731280784,60,0.14556862803464726,6,0.01,0.01,0.9166294111674635,1,COMPLETE
172,0.8567221510883483,0.03237147172255264,104.8,133.0,0.8531468531468531,0.8741258741258742,0.852112676056338,0.9014084507042254,0.8028169014084507,12.250713092693138,28.103157458237316,0.8640044091076117,0.07371908131593066,255,8,10,7,10,1.0313624722453762,60,0.13721437671702055,7,0.05,0.05,0.9533005893204582,1,COMPLETE
73,0.8567221510883483,0.03355824215257433,97.4,82.0,0.8461538461538461,0.8811188811188811,0.852112676056338,0.9014084507042254,0.8028169014084507,11.323403144460203,17.35431297156207,0.8662207687361807,0.08603177569108628,255,8,10,7,5,1.1721822918019345,40,0.10071991336473585,8,0.05,0.01,0.9633180401481871,1,COMPLETE
211,0.8567123017827243,0.02951934992558508,138.8,124.0,0.8531468531468531,0.8811188811188811,0.8450704225352113,0.8943661971830986,0.8098591549295775,10.162766344857765,27.65167986511686,0.8851695306353341,0.1322068878140523,127,8,10,7,10,0.60739528595705,70,0.09064886952476686,4,0.001,0.05,0.9726337587289842,1,COMPLETE
162,0.8553530976066188,0.027925558914182566,95.6,116.0,0.8391608391608392,0.8601398601398601,0.8591549295774648,0.9014084507042254,0.8169014084507042,1.3450366541971086,28.958273893757983,0.7927886578457758,0.08370820857301023,255,8,10,7,10,1.9908752726102201,60,0.1390773413178829,7,0.05,0.05,0.9443947082486531,1,COMPLETE
190,0.8553530976066188,0.027925558914182566,121.2,91.0,0.8391608391608392,0.8601398601398601,0.8591549295774648,0.9014084507042254,0.8169014084507042,9.686536782435105,15.633372688318723,0.7078588341501026,0.0773975758886499,255,8,10,7,5,1.1661442557376425,30,0.10514743188266805,5,0.05,0.01,0.9681427445382769,1,COMPLETE
179,0.8553530976066188,0.029657654328391982,120.8,92.0,0.8461538461538461,0.8531468531468531,0.8661971830985915,0.9014084507042254,0.8098591549295775,11.164622182367724,17.628336036322917,0.7004397736101341,0.0678137666418969,255,8,10,7,5,0.9089446723967517,40,0.11150395702572367,5,0.5,0.01,0.9121612764692852,1,COMPLETE
112,0.8553530976066188,0.03160064023776039,154.0,154.0,0.8461538461538461,0.8531468531468531,0.8591549295774648,0.9084507042253521,0.8098591549295775,9.510017213607155,29.533260719948608,0.9031568976511006,0.052923787641470134,255,8,10,7,10,1.4039656521697292,50,0.05581175180802577,5,0.05,0.05,0.9167407274193592,1,COMPLETE
280,0.8553530976066186,0.026089273109035385,163.2,253.0,0.8391608391608392,0.8601398601398601,0.8661971830985915,0.8943661971830986,0.8169014084507042,1.5388642582619312,29.13599253603164,0.784539635376362,0.10582629298822373,63,32,10,7,10,0.9457040003998655,60,0.08513112483954753,4,0.001,0.01,0.9747020297169918,1,COMPLETE
171,0.8553432483009947,0.024595702096221365,103.2,76.0,0.8531468531468531,0.8531468531468531,0.8591549295774648,0.8943661971830986,0.8169014084507042,5.991860720476474,28.552171303534443,0.8689188608064162,0.07802059745415539,255,8,10,7,10,1.1364627659193591,60,0.1461235053277903,8,0.05,0.05,0.947300452831732,1,COMPLETE
192,0.8553432483009947,0.024990186480452,101.4,103.0,0.8461538461538461,0.8601398601398601,0.8591549295774648,0.8943661971830986,0.8169014084507042,6.375246217365086,28.122027088805844,0.8729510989249089,0.08249282923526617,255,8,10,7,10,1.0210131234669595,60,0.13560974081077962,8,0.05,0.05,0.9339009481253276,1,COMPLETE
231,0.8553432483009947,0.024990186480452,98.2,111.0,0.8461538461538461,0.8601398601398601,0.8591549295774648,0.8943661971830986,0.8169014084507042,7.862992553996025,28.93783461320068,0.9024800957681721,0.11848087356894423,127,8,10,7,10,0.2753521472692183,60,0.08830337090074894,4,0.001,0.05,0.9689542989240936,1,COMPLETE
93,0.8553432483009947,0.028323417866967127,70.6,101.0,0.8391608391608392,0.8671328671328671,0.852112676056338,0.9014084507042254,0.8169014084507042,7.580916182706423,29.083554883642886,0.8328163365769333,0.0834199659569006,255,8,10,7,10,1.0911571676347769,60,0.14319252496734453,8,0.05,0.05,0.9447300863755757,1,COMPLETE
227,0.8553432483009947,0.030037178535947253,117.2,43.0,0.8461538461538461,0.8601398601398601,0.8450704225352113,0.9084507042253521,0.8169014084507042,8.46725251368205,28.1778451163671,0.8734899498751886,0.09636105541880081,127,8,10,7,10,0.510834482345623,60,0.09637491841198548,4,0.001,0.05,0.9943568984210374,1,COMPLETE
212,0.8553432483009947,0.031645201274632696,83.8,67.0,0.8461538461538461,0.8601398601398601,0.852112676056338,0.9084507042253521,0.8098591549295775,9.048737180928825,28.248231313317024,0.8915604297165706,0.11424046971847922,127,8,10,7,10,0.9682836608540396,80,0.09080126325952352,4,0.001,0.05,0.9662213625124229,1,COMPLETE
102,0.8553432483009947,0.032862420387723065,73.8,71.0,0.8391608391608392,0.8671328671328671,0.8661971830985915,0.9014084507042254,0.8028169014084507,5.810912617528295,27.511471540147586,0.8531811534649286,0.07432056708782175,255,8,10,7,10,1.3604738437399542,40,0.13663894084661507,6,0.05,0.05,0.9582872546873148,1,COMPLETE
68,0.8553333989953709,0.02255171830598357,88.2,47.0,0.8531468531468531,0.8601398601398601,0.8591549295774648,0.8873239436619719,0.8169014084507042,10.209212447855794,21.176462651652827,0.8920101726466142,0.06944777999103256,255,8,10,7,5,0.2625598554243859,50,0.10280847039014372,6,0.05,0.01,0.9960655201728976,1,COMPLETE
249,0.8553333989953709,0.02255171830598357,116.2,134.0,0.8531468531468531,0.8601398601398601,0.8591549295774648,0.8873239436619719,0.8169014084507042,10.498137156170886,27.657575119830863,0.9096360860161892,0.09102256072228825,255,32,10,7,10,0.987061445687756,60,0.09363938526595293,5,0.001,0.01,0.9751714731047637,1,COMPLETE
285,0.8553333989953709,0.023403027923664707,141.0,157.0,0.8461538461538461,0.8671328671328671,0.8591549295774648,0.8873239436619719,0.8169014084507042,1.8895547012911882,24.07005835016289,0.7560416353203653,0.10380753566849515,255,32,10,7,10,1.4420627592550042,60,0.07183165188802028,4,0.001,0.01,0.9467537173192897,1,COMPLETE
53,0.8553333989953709,0.02465292412400766,120.2,114.0,0.8531468531468531,0.8601398601398601,0.852112676056338,0.8943661971830986,0.8169014084507042,16.858877780307086,12.146181966602114,0.8592996232547344,0.04945641492370942,255,8,10,7,10,1.3140761177948839,40,0.12315163523256978,10,0.05,0.01,0.9227203005713251,1,COMPLETE
94,0.8553333989953709,0.02465292412400766,131.6,139.0,0.8531468531468531,0.8601398601398601,0.852112676056338,0.8943661971830986,0.8169014084507042,6.488937352255089,29.971896000242715,0.8641379133723136,0.06116634559457638,255,8,10,7,10,0.864131996039562,40,0.1408296347130978,9,0.05,0.05,0.9133881689161323,1,COMPLETE
142,0.8553333989953709,0.025434000576147562,83.4,87.0,0.8461538461538461,0.8671328671328671,0.852112676056338,0.8943661971830986,0.8169014084507042,6.541028007677651,25.051453145770594,0.8711141340407154,0.07000536180905058,255,8,10,7,10,1.5011221545814488,60,0.13848417076109223,8,0.05,0.05,0.942900281289418,1,COMPLETE
70,0.8553333989953709,0.026202348235074883,92.0,96.0,0.8461538461538461,0.8671328671328671,0.8661971830985915,0.8873239436619719,0.8098591549295775,1.7119392298019218,18.114236354177297,0.8382925344392312,0.05587394379695168,255,8,10,7,5,1.6411386987536631,60,0.10653539648981064,7,0.05,0.01,0.906996598864478,1,COMPLETE
277,0.8553333989953709,0.02695905545522788,133.0,165.0,0.8531468531468531,0.8601398601398601,0.8591549295774648,0.8943661971830986,0.8098591549295775,2.050764908994364,29.45273088046253,0.7796227298290168,0.10756543717048456,63,32,10,7,10,1.0582851489663956,60,0.07852245211788457,4,0.001,0.1,0.991470822604725,1,COMPLETE
271,0.8553333989953709,0.02765513492859733,109.6,72.0,0.8391608391608392,0.8741258741258742,0.8661971830985915,0.8873239436619719,0.8098591549295775,20.235712532214674,28.738136820206925,0.8743599424762755,0.10274183574983711,63,32,10,7,10,1.5428845778804983,60,0.08925828157293579,7,0.01,0.01,0.9626614823617071,1,COMPLETE
204,0.8553333989953709,0.027675122194517007,102.0,101.0,0.8461538461538461,0.8671328671328671,0.8591549295774648,0.8943661971830986,0.8098591549295775,7.836651660209859,28.7944705273221,0.8882145471622097,0.10193233932381311,255,8,10,7,10,0.8653188159638268,60,0.08489876663751737,4,0.001,0.05,0.9723409524710903,1,COMPLETE
69,0.8553333989953709,0.02908289315408674,125.0,159.0,0.8531468531468531,0.8601398601398601,0.852112676056338,0.9014084507042254,0.8098591549295775,18.74399269569655,18.773176302245467,0.8769112392882812,0.08434225973607688,255,8,10,7,10,1.1295918012724182,50,0.09710079551769493,5,0.05,0.01,0.9741401004524957,1,COMPLETE
123,0.8553333989953709,0.02908289315408674,131.6,130.0,0.8531468531468531,0.8601398601398601,0.852112676056338,0.9014084507042254,0.8098591549295775,13.028140398636296,29.521188928530947,0.8228134858294559,0.07639267278402867,255,8,10,7,10,1.7343502199142566,40,0.09098634605771344,5,0.05,0.05,0.925953985976229,1,COMPLETE
131,0.8553333989953709,0.029747880456520277,88.6,72.0,0.8461538461538461,0.8671328671328671,0.852112676056338,0.9014084507042254,0.8098591549295775,8.208806551198869,29.289721898995452,0.8535192881682683,0.07607280027789895,255,8,10,7,10,1.1958980801920553,70,0.14098465315005035,8,0.05,0.05,0.9323580926776496,1,COMPLETE
109,0.855323549689747,0.024282531698313393,55.2,68.0,0.8461538461538461,0.8741258741258742,0.852112676056338,0.8873239436619719,0.8169014084507042,11.070388497218651,18.889115451844077,0.8380311035996327,0.12290432311799208,255,8,10,7,5,1.5935946914592847,40,0.13648493748841575,9,0.01,0.01,0.971679910149631,1,COMPLETE
114,0.855323549689747,0.028437324831761243,136.4,131.0,0.8531468531468531,0.8671328671328671,0.8661971830985915,0.8873239436619719,0.8028169014084507,12.12793489001118,26.469558752531974,0.8748951723960141,0.06404564278122658,255,8,10,7,10,1.0195462795953203,50,0.046710946483212744,6,0.1,0.05,0.9345474382248846,1,COMPLETE
177,0.8553235496897468,0.025108204116718026,104.8,96.0,0.8601398601398601,0.8601398601398601,0.8450704225352113,0.8943661971830986,0.8169014084507042,6.891966063436923,29.860998895256174,0.7045759363740614,0.06574483755307102,255,8,10,7,5,1.7862552765759556,50,0.09839082289809895,11,0.5,0.01,0.9330708823603858,1,COMPLETE
84,0.8553235496897468,0.026620769125883046,120.0,101.0,0.8461538461538461,0.8741258741258742,0.8591549295774648,0.8873239436619719,0.8098591549295775,10.603239948300685,24.263010153917456,0.8447735962999855,0.10607562758747789,255,8,10,7,5,1.6556827706301278,40,0.09224103912740556,6,0.01,0.01,0.9880810891795041,1,COMPLETE
118,0.8553235496897468,0.026620769125883046,107.2,103.0,0.8461538461538461,0.8741258741258742,0.8591549295774648,0.8873239436619719,0.8098591549295775,17.703294848924234,15.46588268346928,0.9092544435965216,0.07333507359114666,127,8,10,7,15,1.3313788518689378,50,0.10245849223427358,7,0.05,0.05,0.9568217611936036,1,COMPLETE
222,0.8553235496897468,0.026620769125883046,94.0,27.0,0.8461538461538461,0.8741258741258742,0.8591549295774648,0.8873239436619719,0.8098591549295775,7.629012520128987,29.915299976942624,0.8976739061029324,0.10894096161194573,127,8,10,7,10,0.44840097637320503,60,0.08337919036328492,5,0.001,0.05,0.969179922287905,1,COMPLETE
17,0.8553235496897468,0.027370959829719495,29.2,27.0,0.8531468531468531,0.8671328671328671,0.852112676056338,0.8943661971830986,0.8098591549295775,16.398050419407276,15.927963865054288,0.8191934646877445,0.14826618323992116,63,16,4,6,10,0.6761193686178997,20,0.0019847011971132434,21,0.5,0.0,0.7873065563895356,1,COMPLETE
148,0.8553235496897468,0.027370959829719495,171.4,178.0,0.8531468531468531,0.8671328671328671,0.852112676056338,0.8943661971830986,0.8098591549295775,8.721950626230921,28.956153479507954,0.7134511444555821,0.0662539703491774,127,8,10,7,5,1.739306113895701,40,0.09902857000357715,6,0.05,0.01,0.912400422797526,1,COMPLETE
121,0.8553235496897468,0.02842273769652059,93.0,62.0,0.8461538461538461,0.8741258741258742,0.852112676056338,0.8943661971830986,0.8098591549295775,14.043276905128726,28.2716967506107,0.880446787401504,0.08014387891708066,255,8,10,7,10,1.119434288004642,60,0.05020666508188529,8,0.05,0.05,0.9474243329698617,1,COMPLETE
229,0.8553235496897468,0.02842273769652059,110.4,54.0,0.8461538461538461,0.8741258741258742,0.852112676056338,0.8943661971830986,0.8098591549295775,9.496491066322015,27.834956409703793,0.8967078048697319,0.10794239832985829,127,8,10,7,10,0.6236657690088798,60,0.09845522232768802,4,0.001,0.01,0.9607243536034303,1,COMPLETE
250,0.8553235496897468,0.030768707402188906,107.6,92.0,0.8461538461538461,0.8741258741258742,0.8591549295774648,0.8943661971830986,0.8028169014084507,9.769701197105805,27.95489335855261,0.9142095581519272,0.10126266721978162,255,32,10,7,10,1.0552201049310541,70,0.06367291070928521,5,0.001,0.01,0.8247627963045694,1,COMPLETE
169,0.8553137003841229,0.02630441423705527,149.0,136.0,0.8531468531468531,0.8741258741258742,0.852112676056338,0.8873239436619719,0.8098591549295775,7.382505290806548,22.328208549957825,0.8157861815531429,0.04805431414974948,255,8,10,7,5,1.7234731582450267,50,0.09480327694860669,7,0.05,0.05,0.9656382535442302,1,COMPLETE
127,0.8553137003841229,0.026314922736649968,160.4,138.0,0.8601398601398601,0.8671328671328671,0.8380281690140845,0.8943661971830986,0.8169014084507042,10.594589263767743,17.770920001576755,0.8936778693592577,0.0932724950687049,31,8,10,7,5,1.7363847375801553,40,0.08530626879098117,6,0.05,0.05,0.9040341899680872,1,COMPLETE
186,0.8553137003841229,0.02778172950133186,59.4,59.0,0.8601398601398601,0.8671328671328671,0.8450704225352113,0.8943661971830986,0.8098591549295775,5.033889993694773,16.752491338550254,0.718921637189847,0.08641979981320105,255,8,10,7,5,1.5326447988184018,40,0.09541397267498317,10,0.05,0.1,0.9519301211337988,1,COMPLETE
29,0.8553137003841229,0.02984708523891648,147.0,55.0,0.8601398601398601,0.8671328671328671,0.852112676056338,0.8943661971830986,0.8028169014084507,11.820130327415109,6.841311610557816,0.9714607942232182,0.0751585714422534,63,16,4,4,20,1.9933596409701728,100,0.00036832349324828666,13,2.0,0.5,0.7486403290509139,1,COMPLETE
119,0.8539446469023935,0.024878035850196753,123.6,111.0,0.8531468531468531,0.8461538461538461,0.8591549295774648,0.8943661971830986,0.8169014084507042,8.02226653116499,25.5052559742543,0.8695741827991861,0.06871385273218251,255,8,10,7,10,0.608458208904131,40,0.10697266172819629,5,0.05,0.001,0.9268381418779044,1,COMPLETE
173,0.8539446469023935,0.02716506342598243,129.8,141.0,0.8461538461538461,0.8531468531468531,0.852112676056338,0.9014084507042254,0.8169014084507042,13.25255156712452,29.160132103791515,0.8611833455938344,0.08231979776456302,255,8,10,7,10,0.7893505839325742,60,0.1430870307029104,6,0.05,0.05,0.9419031320586858,1,COMPLETE
113,0.8539446469023935,0.02927395897571118,180.4,133.0,0.8461538461538461,0.8531468531468531,0.8591549295774648,0.9014084507042254,0.8098591549295775,9.943879259935477,29.19853850919831,0.8827428153945134,0.04315269740623643,255,8,10,7,5,1.250811231528671,50,0.06561884771081562,4,0.05,0.05,0.9287407744203213,1,COMPLETE
120,0.8539446469023935,0.02927395897571118,123.8,127.0,0.8531468531468531,0.8461538461538461,0.8591549295774648,0.9014084507042254,0.8098591549295775,11.2971104284184,27.511672459872656,0.8575355673498176,0.05141685561727834,255,8,10,7,5,0.9538084735897828,50,0.060344176341204564,6,0.05,0.01,0.9134169043695034,1,COMPLETE
49,0.8539446469023935,0.035963676384413994,130.6,102.0,0.8461538461538461,0.8531468531468531,0.852112676056338,0.9154929577464789,0.8028169014084507,10.804948673730435,16.24020325917481,0.8713731662567219,0.06208038204595165,255,8,10,7,10,1.4572970472360998,40,0.07355382250304207,4,0.05,0.01,0.951141081201358,1,COMPLETE
296,0.8539446469023932,0.023640044752398972,145.8,138.0,0.8391608391608392,0.8601398601398601,0.852112676056338,0.8943661971830986,0.823943661971831,1.1632033519625318,29.987216983042284,0.877143229301603,0.10762366814454563,255,32,10,7,10,0.7534995529825839,60,0.09160102464310922,5,0.001,2.0,0.9462276354484532,1,COMPLETE
288,0.8539347975967694,0.022858708498180717,114.6,124.0,0.8461538461538461,0.8601398601398601,0.8591549295774648,0.8873239436619719,0.8169014084507042,3.2469138054027913,29.038583018500113,0.8927176127841852,0.09896045680569923,255,32,10,7,10,1.078099954713946,60,0.06648381788877777,4,0.001,0.0,0.9654293509408782,1,COMPLETE
294,0.8539347975967694,0.022858708498180717,65.4,31.0,0.8461538461538461,0.8601398601398601,0.8591549295774648,0.8873239436619719,0.8169014084507042,1.424390779479062,29.61765941901064,0.7609397452365225,0.09999787750916064,127,16,10,7,10,1.2559164729792127,60,0.09572793525621988,5,0.001,0.05,0.9629366764085908,1,COMPLETE
168,0.8539347975967694,0.024108154852039026,143.4,131.0,0.8391608391608392,0.8671328671328671,0.8591549295774648,0.8873239436619719,0.8169014084507042,8.233782259662718,28.672779629385897,0.8034234914297954,0.06306387950283902,255,8,10,7,15,1.0929805813669535,40,0.056470534647135126,8,0.05,0.05,0.9403609404461112,1,COMPLETE
185,0.8539347975967694,0.024538670803341125,122.8,108.0,0.8531468531468531,0.8531468531468531,0.852112676056338,0.8943661971830986,0.8169014084507042,17.051266464148572,28.971767123745416,0.7281322225101234,0.06908111727396112,255,8,10,7,10,0.9804827428245193,50,0.10165939493149634,5,0.05,0.001,0.9246520114934902,1,COMPLETE
232,0.8539347975967694,0.024538670803341125,145.0,122.0,0.8531468531468531,0.8531468531468531,0.852112676056338,0.8943661971830986,0.8169014084507042,8.126954724720022,29.462049866275024,0.9174504711489149,0.11279130185489977,127,8,10,7,10,0.5281838566936119,60,0.08631625270694616,4,0.001,0.05,0.9827581270469588,1,COMPLETE
132,0.8539347975967694,0.02827390674907715,88.0,102.0,0.8391608391608392,0.8671328671328671,0.8591549295774648,0.8943661971830986,0.8098591549295775,8.62307971086635,28.27728482396337,0.8578693075699909,0.07245672140138698,255,8,10,7,15,1.3362219993007427,60,0.14007858577779694,7,0.05,0.05,0.9542915744533267,1,COMPLETE
178,0.8539249482911455,0.02248888741619354,158.0,103.0,0.8601398601398601,0.8531468531468531,0.852112676056338,0.8873239436619719,0.8169014084507042,8.44606898355874,18.326732086650598,0.7146578315406411,0.05382349933256343,255,8,10,7,5,1.3473782371409575,50,0.10732804934183172,9,0.5,0.05,0.9375409784039516,1,COMPLETE
163,0.8539249482911455,0.023342488613291083,163.8,170.0,0.8461538461538461,0.8671328671328671,0.852112676056338,0.8873239436619719,0.8169014084507042,2.4833143432234697,27.358381032867644,0.8117951696993211,0.07732247642881128,255,8,10,7,10,0.9146373284732047,60,0.13298398516862395,6,0.05,0.05,0.9492546061905119,1,COMPLETE
202,0.8539249482911455,0.023342488613291083,123.0,158.0,0.8461538461538461,0.8671328671328671,0.852112676056338,0.8873239436619719,0.8169014084507042,8.21762388630609,29.317375810364435,0.8998943003985375,0.12595535285945517,255,8,10,7,10,0.5788419503610983,60,0.07710970810794865,4,0.001,0.05,0.9887069465569034,1,COMPLETE
238,0.8539249482911455,0.02458421803207517,99.6,93.0,0.8461538461538461,0.8671328671328671,0.8661971830985915,0.8802816901408451,0.8098591549295775,10.871057702333177,29.544365255240564,0.8952741200090928,0.0986428965137987,255,8,10,7,10,1.0065753629759278,70,0.08672816570473682,6,0.001,0.01,0.9794798108515113,1,COMPLETE
134,0.8539249482911455,0.025766175071896037,145.0,137.0,0.8461538461538461,0.8671328671328671,0.8591549295774648,0.8873239436619719,0.8098591549295775,9.547623518040817,24.541239918958002,0.8749489712978871,0.08438808962201134,255,8,10,7,10,1.5674569072373064,60,0.14742086596766674,6,0.05,0.05,0.9445777797851175,1,COMPLETE
183,0.8539249482911455,0.025766175071896043,83.6,106.0,0.8461538461538461,0.8671328671328671,0.8450704225352113,0.8943661971830986,0.8169014084507042,5.7308513225907,28.705213378063075,0.7356313604681682,0.07657865481955974,255,8,10,7,10,1.4411854712969405,50,0.09799678812162566,9,0.05,0.05,0.9433886547254595,1,COMPLETE
147,0.8539249482911455,0.026906518349720496,142.2,137.0,0.8531468531468531,0.8601398601398601,0.852112676056338,0.8943661971830986,0.8098591549295775,9.044224908471792,14.635524349032373,0.7311433325302019,0.07201096734032643,255,8,10,7,5,1.5846343671023135,50,0.12542998411928177,5,0.05,0.01,0.9209710740102512,1,COMPLETE
270,0.8539249482911455,0.02900561811156648,88.2,106.0,0.8391608391608392,0.8741258741258742,0.852112676056338,0.8943661971830986,0.8098591549295775,24.33758811983207,28.221246190241427,0.8987369142437749,0.08740203003386703,63,32,10,7,10,0.02438346584622891,60,0.08818340536754136,7,0.01,0.01,0.9761044071411775,1,COMPLETE
44,0.8539249482911455,0.030032378929807462,50.0,39.0,0.8461538461538461,0.8671328671328671,0.8591549295774648,0.8943661971830986,0.8028169014084507,12.683572027921606,13.826436099864159,0.9171480335734163,0.1284388720207334,255,32,4,4,20,0.48284855562889106,80,0.0833193224691309,9,0.5,0.01,0.8691927474999539,1,COMPLETE
72,0.8539249482911455,0.030032378929807462,171.0,125.0,0.8461538461538461,0.8671328671328671,0.8591549295774648,0.8943661971830986,0.8028169014084507,9.815685458333597,19.3195641887815,0.8984296585665691,0.09933517872199225,255,8,10,7,15,0.9372667774319474,30,0.11422440753212747,4,0.05,0.01,0.9046091368188041,1,COMPLETE
292,0.8539249482911455,0.03287065239608887,67.2,77.0,0.8461538461538461,0.8671328671328671,0.8661971830985915,0.8943661971830986,0.795774647887324,3.6714787589450744,28.179332776719445,0.8611962735646197,0.1232632621045555,255,32,10,7,10,0.9245346242641719,60,0.07678235175385972,8,0.001,0.0,0.9800824498671361,1,COMPLETE
75,0.8539249482911455,0.03315435449898412,110.4,100.0,0.8391608391608392,0.8741258741258742,0.852112676056338,0.9014084507042254,0.8028169014084507,6.658915771512464,20.752434945357216,0.8767390019683625,0.07572307727370424,255,8,10,7,10,0.7698800180377291,40,0.0886585832560732,6,0.001,1.0,0.8968000539924996,1,COMPLETE
286,0.8539150989855215,0.022932275999829638,133.2,140.0,0.8391608391608392,0.8811188811188811,0.8450704225352113,0.8802816901408451,0.823943661971831,16.116953730674545,28.74681332199652,0.7773945786168942,0.12317828738323963,255,32,10,7,10,1.7598248252430606,60,0.06444590671557335,6,0.001,0.01,0.8669623504383053,1,COMPLETE
255,0.8539150989855215,0.02382804547968774,128.4,142.0,0.8531468531468531,0.8671328671328671,0.8591549295774648,0.8802816901408451,0.8098591549295775,9.123481331271703,28.965000101520005,0.7638811252304644,0.08992576132686468,255,32,10,7,10,0.9915566071311477,40,0.09633106409386642,5,0.001,0.01,0.9700465852620865,1,COMPLETE
100,0.8539150989855215,0.02656704091532358,103.4,76.0,0.8461538461538461,0.8741258741258742,0.852112676056338,0.8873239436619719,0.8098591549295775,4.818582332908951,22.95470942605494,0.833681600475815,0.05846452835317507,127,8,10,7,5,1.4193391993182012,40,0.08822129147020583,7,0.05,0.01,0.931326056293881,1,COMPLETE
244,0.8539150989855215,0.028035449414405417,142.0,148.0,0.8531468531468531,0.8671328671328671,0.8591549295774648,0.8873239436619719,0.8028169014084507,9.858449211150315,29.986611494921924,0.8915141140008832,0.09330170295733423,127,8,10,7,10,1.1377117254697173,90,0.0852296822007927,6,0.001,0.05,0.9737594511177567,1,COMPLETE
103,0.8539052496798977,0.02587957484955179,97.6,107.0,0.8601398601398601,0.8671328671328671,0.8450704225352113,0.8873239436619719,0.8098591549295775,7.230102441989391,26.042304945450425,0.8278620796715542,0.06673801795850827,255,8,10,7,5,1.606053525730757,50,0.09884829463603663,10,0.05,0.05,0.9794451074573655,1,COMPLETE
239,0.8539052496798977,0.0287732187113455,174.4,195.0,0.8531468531468531,0.8741258741258742,0.852112676056338,0.8873239436619719,0.8028169014084507,9.285413161255395,28.773343284422435,0.8695409404149805,0.12070109207335766,255,8,10,7,15,0.7715137074836658,60,0.09201001350275993,4,0.001,0.05,0.9554241704374746,1,COMPLETE
78,0.8539052496798977,0.03010218513493189,211.8,174.0,0.8461538461538461,0.8811188811188811,0.852112676056338,0.8873239436619719,0.8028169014084507,12.972827662293467,17.918671184816944,0.8879157640875324,0.07914535808363245,255,8,10,7,15,1.4638127168823594,50,0.07903291635845654,4,0.05,2.0,0.8781960338647218,1,COMPLETE
213,0.8539052496798976,0.022594264166236108,176.8,155.0,0.8531468531468531,0.8741258741258742,0.8450704225352113,0.8802816901408451,0.8169014084507042,10.401727076338155,29.534000504819314,0.8798316691339385,0.12658771191697674,127,8,10,7,10,0.46972996697746827,70,0.09750599182073305,5,0.001,0.05,0.9755382710593188,1,COMPLETE
25,0.8539052496798976,0.029115896841300493,108.2,121.0,0.8531468531468531,0.8741258741258742,0.8380281690140845,0.8943661971830986,0.8098591549295775,19.480130678163412,10.786148843449041,0.9366695129523847,0.12186596626128117,63,32,4,5,15,0.36688019044577574,80,0.028606805942594134,31,0.5,0.0,0.7832659818712381,1,COMPLETE
41,0.8539052496798976,0.030772099671372708,107.8,84.0,0.8531468531468531,0.8741258741258742,0.8450704225352113,0.8943661971830986,0.8028169014084507,18.740559129637735,10.271109253291058,0.9644048498570901,0.11872681636574957,63,32,4,5,15,0.4044371675055196,70,0.017702871823956783,31,0.5,0.0,0.7846628446387526,1,COMPLETE
66,0.8525460455037919,0.02770981665787856,78.2,27.0,0.8461538461538461,0.8461538461538461,0.8661971830985915,0.8943661971830986,0.8098591549295775,13.63720465685062,17.532302265511774,0.9066485161765266,0.06372935795104616,255,8,10,7,5,0.010367294050330923,50,0.09363143227028756,5,0.05,0.01,0.9409679148422334,1,COMPLETE
278,0.8525460455037919,0.029775517917352612,116.4,84.0,0.8391608391608392,0.8531468531468531,0.8591549295774648,0.9014084507042254,0.8098591549295775,22.811187027963175,29.577698387516083,0.771774648759294,0.09918234038964972,63,32,10,7,10,1.3344482324689286,60,0.07537960475992324,4,0.001,0.001,0.9812391243405104,1,COMPLETE
170,0.852536196198168,0.024742165400440833,114.0,87.0,0.8461538461538461,0.8531468531468531,0.852112676056338,0.8943661971830986,0.8169014084507042,3.1690326724067526,20.629448444382326,0.8397391701296291,0.0809974849378304,255,8,10,7,10,1.3292974394225296,60,0.1452576159255218,4,0.01,0.01,0.9291921940261116,1,COMPLETE
52,0.852536196198168,0.025531341845414803,194.2,193.0,0.8461538461538461,0.8531468531468531,0.8661971830985915,0.8873239436619719,0.8098591549295775,14.192728214143624,20.16883674406212,0.8039960047289272,0.03868243236820675,255,8,10,7,5,1.0353030081064538,20,0.09289324858555656,4,0.05,0.01,0.9574404189238704,1,COMPLETE
146,0.8525263468925441,0.025194739407165632,91.8,104.0,0.8461538461538461,0.8601398601398601,0.8591549295774648,0.8873239436619719,0.8098591549295775,12.569379353364301,27.61623953698762,0.7508004570352645,0.06338497334760694,255,8,10,7,5,1.3107262171521359,50,0.11529998966121614,7,0.05,0.01,0.9081133454467736,1,COMPLETE
291,0.8525263468925441,0.02519473940716564,140.4,116.0,0.8461538461538461,0.8601398601398601,0.8450704225352113,0.8943661971830986,0.8169014084507042,1.6022118046391427,28.841305202933377,0.7962884030815567,0.10637335347776462,31,32,10,7,10,1.7016054945276866,70,0.08748288299723415,6,0.001,0.0,0.9587403496531534,1,COMPLETE
124,0.8525263468925441,0.026333580652089048,87.2,99.0,0.8391608391608392,0.8671328671328671,0.8450704225352113,0.8943661971830986,0.8169014084507042,8.393153774961268,16.613373952379774,0.8451460842738714,0.06511026109636797,255,8,10,7,15,1.4747776124871632,50,0.13065251416078744,7,0.001,0.05,0.950723402159033,1,COMPLETE
51,0.8525263468925441,0.027091724993189882,163.0,131.0,0.8461538461538461,0.8601398601398601,0.852112676056338,0.8943661971830986,0.8098591549295775,11.066454804168243,16.331646727366767,0.8726820107428579,0.06023295754169163,255,8,10,7,10,1.6331265458327502,40,0.0710631023792292,4,0.05,0.01,0.9517319201747847,1,COMPLETE
274,0.8525263468925441,0.027091724993189882,66.2,28.0,0.8461538461538461,0.8601398601398601,0.852112676056338,0.8943661971830986,0.8098591549295775,17.996609220999325,22.722303018963352,0.8813766048082585,0.11976938622011238,63,32,10,7,10,0.0022910833185334502,40,0.09345072247142253,5,0.01,0.01,0.971910211519116,1,COMPLETE
106,0.8525263468925441,0.031493600989993265,75.2,57.0,0.8461538461538461,0.8601398601398601,0.852112676056338,0.9014084507042254,0.8028169014084507,8.407389934645247,15.97307533154443,0.871140909925371,0.08207109037245007,255,8,10,7,10,0.6755315351134455,60,0.10476930435691612,8,0.05,1.0,0.9495184685983993,1,COMPLETE
206,0.85251649758692,0.011911365983363757,163.2,185.0,0.8531468531468531,0.8601398601398601,0.852112676056338,0.8661971830985915,0.8309859154929577,9.281834880821027,29.160417436499884,0.9024939714290859,0.11337907434509994,255,8,10,7,15,0.6918828849989745,60,0.08628655149581597,5,0.001,0.05,0.9787157884962172,1,COMPLETE
187,0.85251649758692,0.02048422108995703,137.0,114.0,0.8601398601398601,0.8531468531468531,0.852112676056338,0.8802816901408451,0.8169014084507042,8.870932327386024,29.934352606390537,0.8251594616277748,0.0726451420789227,31,8,10,7,10,0.683233136376901,50,0.10633884871374866,6,0.05,0.05,0.9184061214050316,1,COMPLETE
144,0.85251649758692,0.027858972933381774,67.6,80.0,0.8461538461538461,0.8671328671328671,0.8450704225352113,0.8943661971830986,0.8098591549295775,9.7725824885099,15.908465513279264,0.8926196808690069,0.07622681260679204,255,8,10,7,10,1.0223590974540628,40,0.14501595661920316,8,0.05,0.05,0.9351610198418476,1,COMPLETE
297,0.8525066482812962,0.028945532425630433,77.4,79.0,0.8461538461538461,0.8741258741258742,0.852112676056338,0.8873239436619719,0.8028169014084507,2.758460636349832,19.488724118715137,0.8680276109683241,0.11511441771496701,255,32,10,7,10,0.6607647959231484,40,0.09400743935979926,8,0.001,0.05,0.9527876065249004,1,COMPLETE
42,0.8525066482812962,0.029969739311714108,42.8,35.0,0.8531468531468531,0.8671328671328671,0.8450704225352113,0.8943661971830986,0.8028169014084507,28.125250372871154,11.33909913538788,0.9330665883225864,0.10285741158159262,63,32,4,5,10,0.27453973198978976,80,0.024360337291386966,24,0.5,0.0,0.7927438191582309,1,COMPLETE
12,0.8524967989756721,0.032552206906563026,134.4,62.0,0.8601398601398601,0.8671328671328671,0.8450704225352113,0.8943661971830986,0.795774647887324,9.778347450509614,12.968691788710945,0.8708509003937537,0.0571728254432604,255,32,10,6,30,0.0012774512958566352,90,0.0001883173224179538,19,0.0,0.0,0.7483131734203798,1,COMPLETE
14,0.8524869496700482,0.031659805081187035,222.0,183.0,0.8601398601398601,0.8741258741258742,0.8450704225352113,0.8873239436619719,0.795774647887324,10.354791279584887,15.498531712957647,0.7794602658314425,0.04663580640096771,255,32,4,5,30,0.0035838673289325723,50,0.020997960786480523,22,0.0,0.0,0.8054508783786474,1,COMPLETE
67,0.8511375947995667,0.022783860330392057,92.0,46.0,0.8461538461538461,0.8461538461538461,0.8591549295774648,0.8873239436619719,0.8169014084507042,14.478815242264556,19.85099353478637,0.8817157561990739,0.07162370411141754,255,8,10,7,5,0.562121990257603,40,0.11239253232644544,5,0.05,0.01,,0,COMPLETE
128,0.8511375947995667,0.02959560484153182,47.0,28.0,0.8391608391608392,0.8531468531468531,0.852112676056338,0.9014084507042254,0.8098591549295775,7.150410523065693,26.809421446229567,0.9024195826829117,0.11000747809062032,255,8,10,7,10,0.8640421921376783,50,0.10057183439832569,9,0.05,0.01,0.9212230571095529,1,COMPLETE
176,0.8511277454939428,0.02569872397951164,64.4,81.0,0.8391608391608392,0.8601398601398601,0.8591549295774648,0.8873239436619719,0.8098591549295775,7.55387293242449,29.37681154236067,0.8820355691277951,0.06963285349870896,255,8,10,7,5,1.2548485426961056,50,0.10336762567934718,10,0.5,2.0,0.9273161484664622,1,COMPLETE
221,0.8511277454939427,0.02370212427494093,70.6,56.0,0.8461538461538461,0.8531468531468531,0.8661971830985915,0.8802816901408451,0.8098591549295775,7.8091321988872835,29.022967397634197,0.9046056810049058,0.11669239618896203,127,8,10,7,10,0.39727907752567926,60,0.0859963579290559,4,0.001,0.05,0.9716353916613206,1,COMPLETE
71,0.8511277454939427,0.02684193297889285,106.6,89.0,0.8461538461538461,0.8531468531468531,0.852112676056338,0.8943661971830986,0.8098591549295775,12.476043522989942,16.575529780086082,0.9153838281650242,0.0767989920060159,255,8,10,7,10,0.8071394960230109,40,0.07610119409575593,6,0.05,0.01,0.9399487615962463,1,COMPLETE
237,0.8511178961883188,0.02063163650357001,95.4,110.0,0.8601398601398601,0.8461538461538461,0.852112676056338,0.8802816901408451,0.8169014084507042,6.915267213723018,17.923553797206203,0.8843342362692724,0.11457517815425106,31,16,10,7,15,0.5194453479444481,60,0.07816896006398699,5,0.001,0.1,0.9694027632217977,1,COMPLETE
256,0.8511178961883188,0.02063163650357001,141.2,147.0,0.8461538461538461,0.8601398601398601,0.852112676056338,0.8802816901408451,0.8169014084507042,11.164435413462847,29.59512710756804,0.8883330229668246,0.12330828277470993,255,32,10,7,10,0.8630832964595138,70,0.07983698549336826,4,0.001,0.5,0.9091366219924807,1,COMPLETE
260,0.8511178961883188,0.02063163650357001,71.6,101.0,0.8461538461538461,0.8601398601398601,0.852112676056338,0.8802816901408451,0.8169014084507042,14.861858390447406,18.35797292958886,0.9249132476774682,0.13197880380188173,255,8,10,7,10,0.7384075022727802,60,0.09584481237413722,5,0.001,0.01,,0,COMPLETE
279,0.8511178961883188,0.02063163650357001,77.8,29.0,0.8461538461538461,0.8601398601398601,0.852112676056338,0.8802816901408451,0.8169014084507042,1.1729589954385617,29.981778747164366,0.7884268707460342,0.11056471032863674,63,32,10,7,10,1.655053970585576,60,0.07746294686956866,5,0.001,0.01,,0,COMPLETE
149,0.8511178961883188,0.027259159315956624,52.6,63.0,0.8461538461538461,0.8601398601398601,0.8450704225352113,0.8943661971830986,0.8098591549295775,15.931559936051126,26.559023726801723,0.879859735265135,0.1403398696719231,255,8,10,7,5,1.281538378343928,50,0.12197049386557249,9,0.05,0.01,0.9300834960722686,1,COMPLETE
36,0.8511178961883188,0.029361297140737458,133.2,62.0,0.8461538461538461,0.8601398601398601,0.852112676056338,0.8943661971830986,0.8028169014084507,4.803907898389311,5.684107009977155,0.915814168197883,0.08888096869797847,127,8,4,3,15,0.33634189935176845,110,0.033925735833705235,5,2.0,0.01,0.8399609519709,1,COMPLETE
130,0.8511178961883188,0.030682814493393416,219.0,217.0,0.8461538461538461,0.8601398601398601,0.8661971830985915,0.8873239436619719,0.795774647887324,7.552912936149985,18.39188405275399,0.887013399254072,0.01910245534523311,255,8,10,7,10,1.0761815407380102,50,0.10381106929798063,7,0.05,0.05,0.9483118583433776,1,COMPLETE
156,0.8511178961883186,0.02061152588707464,95.8,35.0,0.8671328671328671,0.8391608391608392,0.8591549295774648,0.8732394366197183,0.8169014084507042,1.7584966605086587,13.428507821923002,0.7850743733883296,0.07928935287223213,31,8,10,7,5,0.011674398150425973,70,0.11353461636332932,5,0.001,0.05,0.9038532569153812,1,COMPLETE
89,0.8511178961883186,0.023338560966550948,127.2,128.0,0.8461538461538461,0.8601398601398601,0.8591549295774648,0.8802816901408451,0.8098591549295775,4.498154477384186,22.949702159841177,0.8824252926680111,0.05430191764888359,255,8,10,7,5,1.4436398222394127,50,0.1274991532690055,4,0.05,0.05,0.980823716997473,1,COMPLETE
263,0.8511080468826948,0.028021328160636655,63.4,63.0,0.8461538461538461,0.8671328671328671,0.852112676056338,0.8873239436619719,0.8028169014084507,9.545783848213532,29.25792263781379,0.8579725967143071,0.127915166940034,255,16,10,7,5,1.486240553174476,60,0.05434031514704797,7,0.001,2.0,0.9671719984200017,1,COMPLETE
77,0.8511080468826947,0.023811429175932954,123.4,122.0,0.8461538461538461,0.8671328671328671,0.852112676056338,0.8802816901408451,0.8098591549295775,8.879673679786197,22.12294168486207,0.9084899943331987,0.0906016286163449,255,8,10,7,5,1.995599532542819,50,0.11673354283275514,5,0.0,0.01,0.9342795339735843,1,COMPLETE
28,0.8511080468826947,0.024201561782254376,33.0,29.0,0.8391608391608392,0.8741258741258742,0.8591549295774648,0.8732394366197183,0.8098591549295775,14.871735069550075,17.263579777261747,0.8498002578838881,0.1330564579154309,127,32,4,7,25,0.30273233076999884,70,0.04860101139799958,15,0.5,0.0,,0,COMPLETE
56,0.8510981975770708,0.02624917744209885,126.0,160.0,0.8531468531468531,0.8671328671328671,0.8380281690140845,0.8873239436619719,0.8098591549295775,13.012414066666423,9.342439007310627,0.860004616050185,0.04372488550006178,255,16,10,6,15,1.1117765752098105,30,0.12159308054694952,12,0.1,0.05,0.8902098605857772,1,COMPLETE
293,0.8510981975770708,0.028075006423836046,147.6,71.0,0.8531468531468531,0.8671328671328671,0.8450704225352113,0.8873239436619719,0.8028169014084507,14.240154399303044,26.862930535770023,0.8876913928796352,0.11256118616407454,63,32,4,7,10,1.4431362426338357,70,0.09024644079345098,4,0.001,0.01,0.9729854649819076,1,COMPLETE
104,0.8510981975770708,0.030124847950040168,171.6,148.0,0.8601398601398601,0.8601398601398601,0.852112676056338,0.8873239436619719,0.795774647887324,6.395581005587947,16.974722536223243,0.8909172424831535,0.09431296203214093,127,8,10,7,40,1.171482596638786,40,0.09484417265923478,7,0.05,0.05,0.9376528921367555,1,COMPLETE
35,0.8510981975770708,0.0313966542628324,33.6,32.0,0.8461538461538461,0.8741258741258742,0.8380281690140845,0.8943661971830986,0.8028169014084507,7.148244592655191,8.997724792767583,0.9529389121878683,0.14943186144016776,31,16,4,5,20,0.13391610862896608,100,0.010116315660502693,9,0.01,0.05,0.7676538515106195,1,COMPLETE
43,0.8510883482714469,0.028113831472626544,83.8,51.0,0.8531468531468531,0.8741258741258742,0.8309859154929577,0.8873239436619719,0.8098591549295775,15.382841620082033,8.164842040801888,0.9473372310247274,0.08372933895987619,63,32,4,5,15,0.13572998013427964,90,0.034049150368137826,29,0.5,0.0,0.758969078670069,1,COMPLETE
23,0.8510883482714469,0.03558768793792514,100.0,40.0,0.8531468531468531,0.8741258741258742,0.8450704225352113,0.8943661971830986,0.7887323943661971,17.503484128561656,8.426284599470513,0.9070063445908169,0.11522000486366778,63,32,4,4,10,0.33068725286618283,60,0.014207454700926332,13,1.0,0.0,0.8311120351785738,1,COMPLETE
167,0.8510883482714467,0.02812366388564097,105.8,106.0,0.8671328671328671,0.8601398601398601,0.8591549295774648,0.8732394366197183,0.795774647887324,7.051952378666509,27.074257447037752,0.8779204826563353,0.040874937785824565,255,16,10,7,10,0.007404320018198778,40,0.09928513783335462,9,0.05,0.01,,0,COMPLETE
80,0.8497291440953413,0.027243838104774775,76.2,72.0,0.8531468531468531,0.8391608391608392,0.852112676056338,0.8943661971830986,0.8098591549295775,21.882665060679034,14.604788936056474,0.8554123344084609,0.06579882647714975,31,32,10,7,10,0.5303379727106684,40,0.10882238130033281,7,0.1,0.001,0.9213796265746,1,COMPLETE
153,0.8497192947897172,0.01969421796769334,99.6,90.0,0.8391608391608392,0.8601398601398601,0.8591549295774648,0.8732394366197183,0.8169014084507042,10.130157535109005,25.896144188847686,0.7663972712054596,0.0844847599081115,255,8,10,7,10,1.1774367129601404,60,0.13672507234160156,5,0.05,0.1,0.936955429331056,1,COMPLETE
265,0.8497192947897172,0.02020525935252026,148.8,158.0,0.8461538461538461,0.8531468531468531,0.852112676056338,0.8802816901408451,0.8169014084507042,26.209552581041795,28.977819735255416,0.86791062066681,0.11126738137528851,31,32,10,7,10,1.1738059842777104,60,0.09202237476387919,6,0.001,0.01,0.9564443194433515,1,COMPLETE
282,0.8497192947897172,0.02462977555979543,148.4,78.0,0.8461538461538461,0.8531468531468531,0.852112676056338,0.8873239436619719,0.8098591549295775,21.544194415270688,29.32738229851605,0.8694204367205761,0.09389423019487653,63,32,10,7,10,1.0977442314192438,40,0.0816323501627022,4,0.1,0.01,0.9863340854048398,1,COMPLETE
47,0.8497192947897172,0.02619112787902062,90.6,55.0,0.8461538461538461,0.8531468531468531,0.8661971830985915,0.8802816901408451,0.8028169014084507,10.25232942489292,15.132272679035191,0.9874415937484838,0.0781654616664329,255,32,10,3,25,0.9124485951678522,30,0.11154029647882845,6,0.05,0.01,0.9093232706878808,1,COMPLETE
154,0.8497192947897172,0.026927623308019722,81.4,119.0,0.8391608391608392,0.8601398601398601,0.8661971830985915,0.8802816901408451,0.8028169014084507,11.541113770591254,29.982632820117843,0.7713118610848073,0.07018910910509105,255,8,10,7,5,0.7100136162307756,50,0.1015850742301662,6,0.05,0.05,0.9523588115966942,1,COMPLETE
107,0.8497094454840933,0.018746941779920676,132.6,85.0,0.8601398601398601,0.8461538461538461,0.852112676056338,0.8732394366197183,0.8169014084507042,4.196106093963544,28.850403906280537,0.8485900053243813,0.10222494693892625,31,8,10,7,5,0.8668424515980834,40,0.11017313228176534,4,0.05,0.01,0.9249864777863024,1,COMPLETE
125,0.8497094454840933,0.023021377692499127,56.6,35.0,0.8461538461538461,0.8601398601398601,0.852112676056338,0.8802816901408451,0.8098591549295775,9.212190579329283,27.982176366302152,0.8721766965174433,0.08615890822735321,255,8,10,7,5,0.7201398538354843,30,0.09577757312227639,8,0.05,0.5,0.9374842389029323,1,COMPLETE
96,0.8497094454840933,0.028405581837227124,108.6,91.0,0.8391608391608392,0.8671328671328671,0.852112676056338,0.8873239436619719,0.8028169014084507,6.860417775378027,25.100484576637122,0.8670522449799569,0.0637019361674821,255,8,10,7,10,0.7561981920086541,40,0.11594901140739895,6,0.05,0.1,0.9570295818745205,1,COMPLETE
59,0.8496995961784695,0.025131676291051137,77.8,64.0,0.8461538461538461,0.8671328671328671,0.8591549295774648,0.8732394366197183,0.8028169014084507,8.514456222773994,12.961424298705337,0.8633525315467564,0.054083567903440787,255,16,10,6,25,1.5224379121015832,50,0.0051160275383697025,22,0.05,0.001,0.9259549234696828,1,COMPLETE
33,0.8496995961784695,0.02553412299926853,75.8,48.0,0.8531468531468531,0.8601398601398601,0.852112676056338,0.8802816901408451,0.8028169014084507,22.65128134946731,6.2410147301787795,0.9399586004029864,0.10569164643157868,63,16,4,5,25,0.5164988043531209,80,0.026734520309558633,18,2.0,0.5,0.7952777954297143,1,COMPLETE
189,0.8496995961784695,0.02740762862148819,116.6,72.0,0.8531468531468531,0.8601398601398601,0.8450704225352113,0.8873239436619719,0.8028169014084507,7.196527021328615,29.072511623512014,0.737080316778995,0.0649004327728633,63,8,10,7,10,1.9813304962725722,50,0.03812691053918853,7,0.5,0.05,0.9409295972434876,1,COMPLETE
31,0.8496995961784695,0.02847262032620821,129.6,45.0,0.8601398601398601,0.8531468531468531,0.8591549295774648,0.8802816901408451,0.795774647887324,11.584922648376942,7.647375430185749,0.981940534987666,0.06733200782664617,63,16,4,4,20,1.912557610357103,110,0.0009851136104843251,13,2.0,0.5,0.7621652505135029,1,COMPLETE
39,0.8496995961784695,0.029833528850769914,85.2,48.0,0.8531468531468531,0.8601398601398601,0.8380281690140845,0.8943661971830986,0.8028169014084507,5.987061542045302,11.973531145367609,0.9459731124553774,0.12752707138476624,63,32,4,6,20,0.7613840516306504,120,0.006650219983265384,17,0.1,0.001,,0,COMPLETE
188,0.8496897468728456,0.027436820884346753,86.0,81.0,0.8461538461538461,0.8741258741258742,0.8450704225352113,0.8802816901408451,0.8028169014084507,15.321950059814881,27.729653857768202,0.8882856566882474,0.07932431342288077,255,8,10,7,5,0.8647376437773676,40,0.11047577849587596,8,0.05,0.01,0.9619182187647592,1,COMPLETE
13,0.8496798975672215,0.025244629183626997,120.6,71.0,0.8601398601398601,0.8671328671328671,0.8450704225352113,0.8732394366197183,0.8028169014084507,19.88371670352423,15.544093652271528,0.7707486160138216,0.045129132226987195,63,32,10,6,30,1.3173235678491895,90,0.0025882508899085065,27,0.0,0.0,0.7092198998248236,1,COMPLETE
240,0.8496798975672215,0.027849590470487608,37.4,30.0,0.8531468531468531,0.8741258741258742,0.8380281690140845,0.8802816901408451,0.8028169014084507,7.637196730519855,28.992522947815072,0.8779400697721789,0.11196487514280863,127,8,10,7,10,1.0829589922772789,60,0.07030553609244913,28,0.01,0.05,0.904309666646966,1,COMPLETE
272,0.84833054269674,0.028284324889166594,180.6,112.0,0.8391608391608392,0.8461538461538461,0.8661971830985915,0.8873239436619719,0.8028169014084507,16.831052394709783,28.045007631904397,0.8531052256557209,0.0240181909880341,63,32,10,7,10,1.4089237653848998,60,0.08114887689271275,5,0.01,0.01,0.9484113225334194,1,COMPLETE
135,0.8483206933911159,0.024593954781417716,133.0,147.0,0.8461538461538461,0.8461538461538461,0.852112676056338,0.8873239436619719,0.8098591549295775,10.84271650844759,25.474710752021974,0.8650248971653939,0.05626047804835593,255,8,10,7,5,0.9699585087163899,70,0.14900073240370637,4,0.05,0.01,0.9647814765205421,1,COMPLETE
58,0.8483206933911159,0.02727130266097902,66.0,56.0,0.8461538461538461,0.8461538461538461,0.8591549295774648,0.8873239436619719,0.8028169014084507,16.15144938143195,14.923132104717139,0.8392090378655188,0.05084589317511557,31,32,10,7,10,0.8745554524253856,60,0.10539775801825271,8,0.0,0.0,,0,COMPLETE
108,0.8483108440854921,0.022552875410871222,135.8,116.0,0.8461538461538461,0.8531468531468531,0.852112676056338,0.8802816901408451,0.8098591549295775,13.715824772934065,23.624487311120852,0.8970530607207945,0.08745616153671809,255,8,10,7,10,1.8391159023392678,30,0.12065228239542505,6,0.05,2.0,0.8988671501847034,1,COMPLETE
196,0.8483108440854921,0.023404142939695,65.4,25.0,0.8391608391608392,0.8601398601398601,0.852112676056338,0.8802816901408451,0.8098591549295775,6.799329985129081,29.416964956306344,0.8833059813933868,0.10703346584559167,255,16,10,7,15,0.5544121788787421,60,0.10187728124544375,6,0.05,0.5,,0,COMPLETE
157,0.8483009947798681,0.024286450481429633,68.6,64.0,0.8391608391608392,0.8671328671328671,0.8450704225352113,0.8802816901408451,0.8098591549295775,9.176798176431905,15.243060691141924,0.8840957302524957,0.09357833156630309,255,8,10,7,15,1.7249119292515442,50,0.10472636844405624,9,0.05,0.5,0.9414020733571922,1,COMPLETE
18,0.8483009947798681,0.027374436492966534,55.2,23.0,0.8461538461538461,0.8601398601398601,0.8450704225352113,0.8873239436619719,0.8028169014084507,17.653951882968247,16.27533589505189,0.7878130986044087,0.14878882253343556,63,16,4,4,5,0.640383469001628,20,0.019750198461936697,11,0.5,0.0,0.8919981420733963,1,COMPLETE
21,0.848300994779868,0.02511199405212807,66.6,81.0,0.8531468531468531,0.8531468531468531,0.852112676056338,0.8802816901408451,0.8028169014084507,11.447144201891986,12.869060212113839,0.8520870422575607,0.07125812601747572,127,16,4,6,25,0.004823952415411242,100,0.00175997126650802,21,0.01,0.0,0.772371399309731,1,COMPLETE
32,0.8482911454742441,0.02814232221790404,151.6,219.0,0.8531468531468531,0.8601398601398601,0.852112676056338,0.8802816901408451,0.795774647887324,16.169166421397986,9.70976406218279,0.9732347324262969,0.0808383280334496,63,16,4,4,20,1.026426041764186,100,0.00984017485904454,10,2.0,0.5,0.7338075116005612,1,COMPLETE
16,0.8482911454742441,0.028829013463171627,72.0,45.0,0.8461538461538461,0.8671328671328671,0.852112676056338,0.8802816901408451,0.795774647887324,1.0923811164430024,5.006702891074124,0.9039266399267504,0.06825463262180456,255,32,10,4,30,0.0010552651308243168,60,0.06108380056998441,11,0.1,0.001,,0,COMPLETE
99,0.8482911454742441,0.02985258731044899,79.4,37.0,0.8531468531468531,0.8601398601398601,0.8450704225352113,0.8873239436619719,0.795774647887324,7.541841800213917,26.223128110928418,0.815437841491078,0.08728154207998948,127,8,10,7,5,0.0019715982264433486,50,0.11036057507481044,11,0.001,0.05,0.9679162888225212,1,COMPLETE
15,0.8482911454742441,0.03209420985418215,140.0,143.0,0.8531468531468531,0.8601398601398601,0.8380281690140845,0.8943661971830986,0.795774647887324,3.7566062131772373,9.802485651318534,0.9974698326657048,0.05107927847022873,255,32,10,6,15,0.5811898295534321,90,0.01691153255247873,14,0.0,0.1,,0,COMPLETE
40,0.8482517482517483,0.030961909077228858,104.2,58.0,0.8531468531468531,0.8881118881118881,0.8380281690140845,0.8661971830985915,0.795774647887324,20.50077874614472,28.536018861016203,0.9923980602865469,0.06316199653272832,31,8,4,3,5,0.2189765960884655,50,0.11782349065802897,7,0.001,0.1,0.7782120281359768,1,COMPLETE
54,0.8469220919925146,0.028226425932306735,156.4,155.0,0.8321678321678322,0.8531468531468531,0.8591549295774648,0.8873239436619719,0.8028169014084507,16.931094431639455,12.238490635858142,0.8474864268699641,0.027357620892347424,255,8,10,6,15,0.6784879812185051,30,0.12864827765547107,10,0.05,2.0,0.9199988061662199,1,COMPLETE
76,0.8469023933812665,0.022491281355446213,97.4,116.0,0.8461538461538461,0.8531468531468531,0.8450704225352113,0.8802816901408451,0.8098591549295775,15.03470090225226,14.269030093031022,0.8991150428618507,0.059016774698686734,255,8,10,6,15,0.42745763955723876,70,0.10754937332224856,7,0.05,0.01,,0,COMPLETE
27,0.8468925440756427,0.02768383843253072,92.8,89.0,0.8461538461538461,0.8601398601398601,0.8380281690140845,0.8873239436619719,0.8028169014084507,7.862475361216066,14.040306838525986,0.8304971929921768,0.09755235023292863,63,32,4,5,10,0.09731398852958198,100,0.02897792155757533,27,1.0,0.0,0.8532129108204989,1,COMPLETE
6,0.8468826947700187,0.028091998121923065,118.8,90.0,0.8601398601398601,0.8531468531468531,0.8450704225352113,0.8802816901408451,0.795774647887324,6.368473316185764,11.175573660999595,0.8761235794564499,0.08134833396487508,255,32,10,7,45,0.003331421893687277,120,0.03797795990187137,17,0.0,0.5,0.8056674832270686,1,COMPLETE
38,0.8468826947700187,0.030136097319595028,129.6,36.0,0.8601398601398601,0.8531468531468531,0.8380281690140845,0.8873239436619719,0.795774647887324,3.6532150422581338,14.014092928501364,0.886022542457511,0.07307395241476602,255,8,4,3,25,0.02906712782543278,110,0.021126098975600572,6,2.0,0.5,0.753476191253553,1,COMPLETE
24,0.8468826947700187,0.032957054117985156,52.0,47.0,0.8461538461538461,0.8671328671328671,0.8450704225352113,0.8873239436619719,0.7887323943661971,14.18661981471945,14.829132360885222,0.9582805307813207,0.09701271436278709,63,16,4,7,15,0.9333310276570049,50,0.010838495963327067,20,1.0,2.0,0.7395468432846681,1,COMPLETE
219,0.8468728454643948,0.02706103845010765,81.2,75.0,0.8601398601398601,0.8601398601398601,0.8309859154929577,0.8802816901408451,0.8028169014084507,8.714447700555503,29.540584300371624,0.8927774493959567,0.11994464543909304,127,8,10,7,50,0.4971959946910247,60,0.09302368215015445,5,0.001,0.05,0.9637162973475044,1,COMPLETE
290,0.8468629961587707,0.025197915754087412,160.0,120.0,0.8531468531468531,0.8741258741258742,0.8380281690140845,0.8661971830985915,0.8028169014084507,2.3383514082010453,29.56571276299519,0.782903537679725,0.08879139110020895,255,32,10,7,30,1.1787226561993258,60,0.06143868253763826,5,0.001,0.0,0.9406335277056203,1,COMPLETE
48,0.8455037919826651,0.020890825341464695,69.8,59.0,0.8391608391608392,0.8531468531468531,0.852112676056338,0.8732394366197183,0.8098591549295775,8.444555383182683,18.56547434643069,0.7580198029456697,0.09210292481665615,255,16,10,4,20,0.7071982341679741,20,0.13381227747358115,15,0.05,1.0,,0,COMPLETE
45,0.8455037919826651,0.022275885171530282,51.6,46.0,0.8461538461538461,0.8461538461538461,0.8450704225352113,0.8802816901408451,0.8098591549295775,9.366608535691281,16.873105739252875,0.8917269639428965,0.13065209743387562,255,32,4,4,20,1.4179563126553882,100,0.08351527085218026,8,0.0,0.01,,0,COMPLETE
11,0.8454643947601694,0.027656334571896424,99.2,63.0,0.8531468531468531,0.8671328671328671,0.8380281690140845,0.8732394366197183,0.795774647887324,5.597283217685149,12.769603363002844,0.8596157963033738,0.09481490831596734,255,32,10,7,45,0.0010625526878825738,90,0.03765887193213829,16,0.0,0.5,0.7043029370966973,1,COMPLETE
30,0.8454446961489215,0.03528219519889379,124.8,127.0,0.8531468531468531,0.8811188811188811,0.823943661971831,0.8802816901408451,0.7887323943661971,13.225719644203892,10.935771549769127,0.9240292261845702,0.035231112359857514,31,32,4,6,15,0.05046865983507655,60,0.010060025374389214,25,0.001,1.0,0.8180320638887336,1,COMPLETE
220,0.8440953412784399,0.022917418846575503,71.4,41.0,0.8461538461538461,0.8461538461538461,0.852112676056338,0.8732394366197183,0.8028169014084507,9.468285959736397,28.41995019489984,0.8795474653812811,0.1011048192155324,127,8,4,7,10,0.3791682040879174,70,0.08848251717954787,4,0.001,0.05,0.9904228297753496,1,COMPLETE
138,0.8440953412784399,0.026899468864880295,136.2,121.0,0.8461538461538461,0.8461538461538461,0.8380281690140845,0.8873239436619719,0.8028169014084507,13.263011318313197,25.658198311874926,0.8768720998971482,0.06633579773630485,255,8,10,7,10,1.74978335809037,40,0.10931360590252243,10,0.5,2.0,0.9540010752573488,1,COMPLETE
37,0.8440657933615681,0.02351243187612541,37.8,51.0,0.8461538461538461,0.8671328671328671,0.8380281690140845,0.8661971830985915,0.8028169014084507,11.97870253285385,21.829634281732464,0.9684031156657774,0.11610969459238646,63,16,4,4,35,1.2089210469423712,80,0.042468978758001916,14,1.0,0.05,,0,COMPLETE
281,0.8440460947503201,0.02820988660086564,58.2,24.0,0.8531468531468531,0.8741258741258742,0.8309859154929577,0.8661971830985915,0.795774647887324,18.67850414783413,28.663849669860063,0.7745383588370748,0.12328302370151084,63,32,10,7,45,1.2160092707590082,30,0.08918316257290944,5,0.0,0.5,0.806549587046626,1,COMPLETE
74,0.8426967398798386,0.022526363235555444,145.6,26.0,0.8391608391608392,0.8461538461538461,0.8380281690140845,0.8802816901408451,0.8098591549295775,7.925305559837762,15.415734152300951,0.8857105156062335,0.06661024286294048,255,8,10,7,10,0.612253243833417,30,0.08882617250378777,5,1.0,0.01,0.9396877648782421,1,COMPLETE
20,0.8426770412685907,0.029156233855090433,119.6,127.0,0.8391608391608392,0.8601398601398601,0.823943661971831,0.8873239436619719,0.8028169014084507,7.513509404109659,23.90466840705691,0.8085111056304206,0.036407362381260376,63,16,4,6,15,1.2842053273933614,40,0.02923176276447655,25,0.05,0.001,0.992801732721426,1,COMPLETE
9,0.8426770412685904,0.018833628867952142,111.4,129.0,0.8531468531468531,0.8461538461538461,0.8380281690140845,0.8661971830985915,0.8098591549295775,2.254979810159162,29.478548627739645,0.8196036601672188,0.01672370510772653,31,8,4,7,25,0.2185317873621817,70,0.02096887774579737,7,0.1,1.0,,0,COMPLETE
3,0.8426671919629666,0.020415341718728122,186.0,216.0,0.8461538461538461,0.8601398601398601,0.852112676056338,0.852112676056338,0.8028169014084507,4.323451145942618,20.372723463452132,0.9311287775558904,0.020862970027005996,127,8,4,3,20,0.016909002567346613,110,0.1495314661502933,8,1.0,2.0,0.9305983701944758,1,COMPLETE
226,0.8426671919629666,0.028177508690750534,124.6,133.0,0.8531468531468531,0.8531468531468531,0.8309859154929577,0.8802816901408451,0.795774647887324,7.189904546525976,21.36888249877839,0.8878739450730951,0.10327581603018511,127,8,10,7,40,0.5759354896327403,60,0.09149116181823494,5,0.001,2.0,0.9648712941671663,1,COMPLETE
8,0.841298138481237,0.026155824619574497,189.8,219.0,0.8391608391608392,0.8391608391608392,0.8591549295774648,0.8732394366197183,0.795774647887324,14.221689250187023,17.79748542452589,0.997529139320637,0.011233858404968976,31,32,10,3,10,0.19676019237130227,110,0.13503577478327655,7,0.001,0.01,,0,COMPLETE
34,0.8412685905643652,0.02779357123380686,72.0,59.0,0.8461538461538461,0.8531468531468531,0.8309859154929577,0.8802816901408451,0.795774647887324,9.236998312623411,7.186834663150947,0.9807704863106217,0.05685192715779992,63,16,4,4,10,1.9693731108264962,120,2.1969866968396534e-05,12,0.05,2.0,0.7278574110770432,1,COMPLETE
10,0.8412587412587411,0.022306439833454626,20.0,12.0,0.8531468531468531,0.8531468531468531,0.8309859154929577,0.8661971830985915,0.8028169014084507,25.55738690931781,12.469509578650456,0.7325705013817302,0.13765654883736977,63,16,4,5,5,1.8686354097379643,30,0.08519020434983562,30,0.5,0.0,,0,COMPLETE
209,0.8412587412587411,0.026380875585674174,52.2,46.0,0.8531468531468531,0.8531468531468531,0.8309859154929577,0.8732394366197183,0.795774647887324,8.04947927526533,29.407931447601698,0.8977426760518091,0.10829729253274155,127,8,10,7,35,0.750425160073596,60,0.08268551039567822,5,0.001,0.05,0.9820196226945709,1,COMPLETE
4,0.8412587412587411,0.026749045878096612,242.2,203.0,0.8461538461538461,0.8601398601398601,0.8309859154929577,0.8732394366197183,0.795774647887324,5.29959971257599,7.189759825611653,0.9035726341245387,0.021795202942912126,255,8,4,3,35,0.1621942874614874,120,0.10972933849057206,4,0.01,0.05,0.9785709002743803,1,COMPLETE
158,0.8398798384713878,0.019670856049835178,155.8,145.0,0.8391608391608392,0.8461538461538461,0.852112676056338,0.8591549295774648,0.8028169014084507,2.011526784549953,18.99335493978755,0.7215825199965505,0.06009985597494775,255,8,10,7,5,1.00394241420466,40,0.11889509545144017,4,1.0,0.01,0.9310437748542196,1,COMPLETE
299,0.8398699891657639,0.01583891455867089,22.2,21.0,0.8391608391608392,0.8531468531468531,0.8450704225352113,0.852112676056338,0.8098591549295775,7.361877407678293,28.413682923796394,0.7506851308331506,0.12949300386560922,255,8,10,7,10,1.5467134747085722,60,0.0829194468393431,5,2.0,0.01,,0,COMPLETE
266,0.8398699891657639,0.01871722091682288,27.0,30.0,0.8461538461538461,0.8461538461538461,0.852112676056338,0.852112676056338,0.8028169014084507,28.85952403898972,29.50726795892034,0.8609703804755673,0.11662601822630522,63,32,10,7,20,1.3900893859554326,60,0.08772629791056454,7,2.0,0.01,0.949418774457569,1,COMPLETE
79,0.8398699891657639,0.01923266017925887,27.2,4.0,0.8391608391608392,0.8531468531468531,0.852112676056338,0.852112676056338,0.8028169014084507,11.775678013030982,15.884155692356304,0.9291211451879218,0.11134297705940861,255,8,10,6,5,1.0112527467454897,30,0.10032156485879994,9,1.0,0.01,0.9870597225732578,1,COMPLETE
166,0.8384713877671626,0.014884806912404737,31.0,12.0,0.8391608391608392,0.8461538461538461,0.8450704225352113,0.852112676056338,0.8098591549295775,10.474888700165964,27.821316818521982,0.830813816144337,0.08962154341966795,127,8,10,7,5,1.5792936660715373,70,0.12623896722978115,5,2.0,0.05,0.9224384893843547,1,COMPLETE
236,0.8384713877671623,0.01845484976892375,96.8,46.0,0.8461538461538461,0.8391608391608392,0.852112676056338,0.852112676056338,0.8028169014084507,1.5790802710175615,27.45751745303653,0.8697548164856574,0.13117148753534885,63,8,10,7,10,0.6375575021838611,60,0.09919509818195922,4,1.0,0.05,0.9639700562083443,1,COMPLETE
19,0.8384713877671623,0.025651097867163665,29.4,37.0,0.8461538461538461,0.8391608391608392,0.823943661971831,0.8802816901408451,0.8028169014084507,27.276442208481836,19.305001017649502,0.7386300080894286,0.11119350251600721,63,16,4,5,10,0.5044247303368917,20,0.05298538224315341,23,0.5,0.1,,0,COMPLETE
88,0.8384615384615385,0.01498653332619522,150.2,204.0,0.8461538461538461,0.8461538461538461,0.852112676056338,0.8380281690140845,0.8098591549295775,3.497725117843325,25.475314782036687,0.8511535865435103,0.010808468262504962,255,8,10,7,5,1.2956917339115648,60,0.11963643120493615,5,0.05,0.05,0.9645211877982608,1,COMPLETE
60,0.8384615384615385,0.01906456184058427,23.2,18.0,0.8461538461538461,0.8461538461538461,0.8380281690140845,0.8591549295774648,0.8028169014084507,1.071053883605113,10.230142445348712,0.7027021821908203,0.09205613426738538,127,32,10,3,5,0.4082241108487431,20,0.06347038848385156,7,2.0,0.0,0.9718214859193973,1,COMPLETE
295,0.8384615384615385,0.02196546201078946,81.4,68.0,0.8461538461538461,0.8461538461538461,0.8450704225352113,0.8591549295774648,0.795774647887324,2.117312949074385,15.003646570675114,0.9417688571934758,0.09271353843548726,255,32,10,7,10,1.0198623611313105,60,0.0805871631116489,4,1.0,0.01,0.9672974553250725,1,COMPLETE
57,0.8384615384615385,0.025321536135196616,73.2,68.0,0.8461538461538461,0.8461538461538461,0.8591549295774648,0.852112676056338,0.7887323943661971,25.244895578290564,11.972604562519974,0.8116347855639853,0.030440225051458745,255,32,10,4,20,0.6326955452799874,40,0.14356338261115287,10,1.0,0.1,0.8790522287311069,1,COMPLETE
129,0.8384516891559144,0.018611346524914515,45.2,24.0,0.8461538461538461,0.8531468531468531,0.8380281690140845,0.852112676056338,0.8028169014084507,12.148274965743173,27.447394652008082,0.8792152267113629,0.07934452955627094,255,8,10,7,5,1.9973301522996698,40,0.11786534335168622,5,2.0,1.0,0.9708717687687503,1,COMPLETE
26,0.8384319905446664,0.031089975592266304,27.2,22.0,0.8601398601398601,0.8531468531468531,0.8169014084507042,0.8732394366197183,0.7887323943661971,23.2037515893751,18.4357564548877,0.8866549737811553,0.08265608973173239,63,16,4,6,5,0.7913900903914305,30,0.009963441425610882,18,1.0,0.0,,0,COMPLETE
259,0.8370530877573131,0.020787621612687983,88.6,65.0,0.8461538461538461,0.8461538461538461,0.8450704225352113,0.852112676056338,0.795774647887324,8.70169977567903,28.293703319145482,0.8750680913417026,0.09430090464461673,255,8,10,7,10,1.0791213128946815,40,0.07443379836414413,4,1.0,1.0,0.98466714619543,1,COMPLETE
50,0.8370333891460653,0.023162551537741334,49.0,31.0,0.8601398601398601,0.8461538461538461,0.8169014084507042,0.8591549295774648,0.8028169014084507,7.1036760339525475,7.085254321156552,0.8257181875223033,0.10649488074914464,255,32,10,4,50,0.19495567649029552,30,0.09694807981770559,8,0.0,0.5,,0,COMPLETE
139,0.8356544863587118,0.017189208410614772,129.2,131.0,0.8391608391608392,0.8461538461538461,0.852112676056338,0.8380281690140845,0.8028169014084507,5.353523433809377,23.65432255158747,0.8634205638048708,0.011958040783261736,255,8,10,7,15,0.8134195702838948,30,0.10681404875536962,6,0.05,0.01,,0,COMPLETE
247,0.8356446370530877,0.0239978811562051,22.0,9.0,0.8391608391608392,0.8531468531468531,0.852112676056338,0.8450704225352113,0.7887323943661971,7.169970635155097,28.51936188046522,0.9283426999196982,0.09806767817075829,255,32,10,7,10,0.7938259573680944,60,0.09772722442577603,6,2.0,0.01,0.9839479024034279,1,COMPLETE
2,0.8342361863488625,0.01842138778124328,97.4,119.0,0.8461538461538461,0.8461538461538461,0.823943661971831,0.852112676056338,0.8028169014084507,2.5549891851379063,8.878800783328249,0.957920207853992,0.021301506648775892,255,16,10,4,40,0.03801075335648979,70,0.04192772335190007,9,0.05,0.05,,0,COMPLETE
7,0.8342361863488623,0.023188809077014493,94.0,46.0,0.8461538461538461,0.8461538461538461,0.8380281690140845,0.852112676056338,0.7887323943661971,8.745765415155446,21.50384761724077,0.7085942114656694,0.023100937359899446,255,8,4,3,20,0.08564285158890014,40,0.06799828559244712,6,2.0,1.0,,0,COMPLETE
5,0.8300108342361863,0.018413102346840175,71.0,62.0,0.8461538461538461,0.8461538461538461,0.8309859154929577,0.8309859154929577,0.795774647887324,1.7963705562696306,24.599279585861296,0.8304559020992359,0.01639790265952251,127,8,4,3,20,0.09277291871321285,80,0.14393174947870263,4,0.001,0.01,,0,COMPLETE
55,0.8299911356249383,0.027920399790660192,165.0,153.0,0.8671328671328671,0.8391608391608392,0.823943661971831,0.8380281690140845,0.7816901408450704,22.294902952542785,13.697871670167162,0.8982808450086217,0.015014637423022911,127,8,10,7,45,0.4736126586176961,20,0.14971503396145014,20,0.01,0.01,0.7169504158378158,1,COMPLETE
1,0.8257854821235103,0.02605443129590467,202.0,141.0,0.8601398601398601,0.8321678321678322,0.8169014084507042,0.8380281690140845,0.7816901408450704,12.566351968687012,6.0760317726722315,0.9595170165314884,0.012884569219917411,31,32,10,5,50,0.013629854053684897,110,0.001172938622937608,11,2.0,0.01,0.8652928556477891,1,COMPLETE
