trial_number,cv_score,seed_cv_std,cv_std,seed_0_fold_seed,seed_0_cv_mean,seed_0_cv_std,seed_1_fold_seed,seed_1_cv_mean,seed_1_cv_std,seed_2_fold_seed,seed_2_cv_mean,seed_2_cv_std,mean_best_iteration,median_best_iteration,fold_0_score,fold_1_score,fold_2_score,fold_3_score,fold_4_score,fold_5_score,fold_6_score,fold_7_score,fold_8_score,fold_9_score,fold_10_score,fold_11_score,fold_12_score,fold_13_score,fold_14_score,params_cat_l2,params_cat_smooth,params_colsample_bytree,params_learning_rate,params_max_bin,params_max_cat_threshold,params_max_cat_to_onehot,params_max_depth,params_min_child_samples,params_min_child_weight,params_min_data_per_group,params_min_split_gain,params_num_leaves,params_reg_alpha,params_reg_lambda,params_subsample,params_subsample_freq,state
92,0.8530089628681178,0.0043259947297894195,0.024469953137580717,12648430,0.855294001772875,0.03185400962836156,42,0.8469516399093864,0.020226200792405058,2026,0.8567812469220921,0.017788085916175877,93.6,46.0,0.8671328671328671,0.8741258741258742,0.8380281690140845,0.8943661971830986,0.8028169014084507,0.8181818181818182,0.8461538461538461,0.8802816901408451,0.8380281690140845,0.852112676056338,0.8391608391608392,0.8461538461538461,0.8450704225352113,0.8873239436619719,0.8661971830985915,6.985602579442557,14.759011982530762,0.9406386213591118,0.14543029929604373,63,32,10,7,35,1.1441588080348284,30,0.07074078669716788,16,0.5,0.05,0.7290275330628179,1,COMPLETE
1,0.8520765619357168,0.009168761344225585,0.025982034302044727,12648430,0.863754555303851,0.0304242101338407,42,0.8413572343149808,0.024901327619135924,2026,0.8511178961883186,0.015076176113065035,107.53333333333333,66.0,0.8531468531468531,0.8811188811188811,0.8591549295774648,0.9084507042253521,0.8169014084507042,0.7972027972027972,0.8391608391608392,0.8732394366197183,0.8450704225352113,0.852112676056338,0.8601398601398601,0.8461538461538461,0.823943661971831,0.8591549295774648,0.8661971830985915,7.399983164441014,28.83549369109806,0.8869339873610533,0.11784745281602944,127,8,10,7,10,0.43511604559295053,60,0.08776787070217627,4,0.001,0.05,0.9696707640811784,1,COMPLETE
80,0.8516070783676417,0.0046278206212787875,0.020069664865233153,12648430,0.852506648281296,0.023684395680542727,42,0.845543189205161,0.016836626707099938,2026,0.8567713976164679,0.01731189113509496,99.33333333333333,51.0,0.8531468531468531,0.8671328671328671,0.852112676056338,0.8802816901408451,0.8098591549295775,0.8181818181818182,0.8461538461538461,0.8661971830985915,0.8380281690140845,0.8591549295774648,0.8391608391608392,0.8531468531468531,0.8380281690140845,0.8802816901408451,0.8732394366197183,12.11250205999298,10.965743414064107,0.9652522414310398,0.11199481625968079,63,32,10,7,30,0.913191748817828,20,0.10534237004555883,16,0.5,0.001,0.7110039414263114,1,COMPLETE
95,0.851134311697692,0.005255102735677472,0.023212920074114428,12648430,0.8496897468728456,0.02817019184398479,42,0.845543189205161,0.021027854616504825,2026,0.8581699990150694,0.0172609467444381,97.46666666666667,68.0,0.8601398601398601,0.8601398601398601,0.8380281690140845,0.8873239436619719,0.8028169014084507,0.8181818181818182,0.8461538461538461,0.8802816901408451,0.8309859154929577,0.852112676056338,0.8461538461538461,0.8531468531468531,0.8380281690140845,0.8873239436619719,0.8661971830985915,7.020430951582972,11.336185516778961,0.98299856536031,0.1372922808807335,63,8,10,7,35,0.022900088047995232,20,0.08398242081198684,16,0.5,0.05,0.7075942554038838,1,COMPLETE
79,0.8511310285958175,0.006041151892758549,0.021593453963455758,12648430,0.8539052496798977,0.02587957484955179,42,0.8427459864079584,0.020241303171206967,2026,0.8567418496995962,0.01448732084200667,90.86666666666666,60.0,0.8671328671328671,0.8601398601398601,0.8450704225352113,0.8873239436619719,0.8098591549295775,0.8111888111888111,0.8391608391608392,0.8732394366197183,0.8380281690140845,0.852112676056338,0.8601398601398601,0.8531468531468531,0.8309859154929577,0.8732394366197183,0.8661971830985915,12.039434769540495,11.59547286167269,0.9629849425163997,0.11380548260447693,63,32,10,7,35,0.4570545812295692,20,0.0926567141723506,16,0.5,0.001,0.7119679585479797,1,COMPLETE
81,0.8506713943333661,0.004627163762313513,0.02032240166486678,12648430,0.8496995961784695,0.021298312109612947,42,0.8455530385107849,0.02230243412264112,2026,0.8567615483108441,0.014958323045097888,109.4,98.0,0.8601398601398601,0.8531468531468531,0.8380281690140845,0.8802816901408451,0.8169014084507042,0.8111888111888111,0.8461538461538461,0.8802816901408451,0.8380281690140845,0.852112676056338,0.8461538461538461,0.8531468531468531,0.8380281690140845,0.8802816901408451,0.8661971830985915,11.06398076899375,11.508848371822076,0.9667832546946029,0.11152115249335355,63,32,10,7,35,0.5507073212477487,20,0.10308296167956578,16,0.5,0.001,0.7105534930212319,1,COMPLETE
96,0.850664828129617,0.006602400314284282,0.023668524226867785,12648430,0.855303851078499,0.03303765139664526,42,0.841327686398109,0.01403880236136285,2026,0.8553629469122427,0.016163157672795078,109.73333333333333,58.0,0.8601398601398601,0.8741258741258742,0.852112676056338,0.8943661971830986,0.795774647887324,0.8181818181818182,0.8391608391608392,0.8591549295774648,0.8380281690140845,0.852112676056338,0.8391608391608392,0.8531468531468531,0.8380281690140845,0.8802816901408451,0.8661971830985915,6.8215762937710664,11.684012047815514,0.983041390523373,0.13596193436956291,63,8,10,7,35,0.0027396001967290606,20,0.08443045578614478,14,0.05,0.05,0.7090223800611866,1,COMPLETE
30,0.8501854952559178,0.010268867758577872,0.02333117954339885,12648430,0.8581109031813258,0.030129916159564906,42,0.8356840342755836,0.012877702506444105,2026,0.8567615483108441,0.015589605893112635,43.266666666666666,28.0,0.8531468531468531,0.8881118881118881,0.8661971830985915,0.8802816901408451,0.8028169014084507,0.8181818181818182,0.8461538461538461,0.8380281690140845,0.823943661971831,0.852112676056338,0.8601398601398601,0.8391608391608392,0.8380281690140845,0.8732394366197183,0.8732394366197183,12.043651498303355,14.299277984604878,0.7470643000018611,0.1496181979726065,127,32,10,6,15,0.24660133347013,60,0.09351652833618485,19,0.01,0.5,0.7741298048132882,1,COMPLETE
98,0.8497291440953413,0.0030428244432738542,0.02399219418554347,12648430,0.8468728454643948,0.033005633027108065,42,0.8483699399192357,0.021608038715830186,2026,0.8539446469023935,0.011950759602124907,80.6,63.0,0.8601398601398601,0.8601398601398601,0.8380281690140845,0.8873239436619719,0.7887323943661971,0.8111888111888111,0.8461538461538461,0.8732394366197183,0.8450704225352113,0.8661971830985915,0.8531468531468531,0.8461538461538461,0.8380281690140845,0.8732394366197183,0.8591549295774648,7.310402237721099,11.231518679363615,0.9981126328647355,0.12194535096162701,63,8,10,6,35,0.0157628576637645,20,0.09726554979321006,14,0.05,0.05,0.7230703036122677,1,COMPLETE
71,0.8497258609934666,0.009370385717178143,0.0237340055522319,12648430,0.859529203191175,0.030619598247588718,42,0.8371023342854329,0.014732151360044927,2026,0.8525460455037919,0.016489408499246485,76.33333333333333,35.0,0.8601398601398601,0.8741258741258742,0.8661971830985915,0.8943661971830986,0.8028169014084507,0.8181818181818182,0.8391608391608392,0.8591549295774648,0.8450704225352113,0.823943661971831,0.8461538461538461,0.8461538461538461,0.8309859154929577,0.8802816901408451,0.8591549295774648,5.635418207997847,10.97200224129443,0.8091521025276336,0.14187023434324922,63,32,10,7,20,1.4927229326439904,20,0.09334664597038744,19,0.5,0.1,0.7261303914208744,1,COMPLETE
57,0.8497225778915921,0.007537991894735496,0.02095523866341001,12648430,0.8510981975770708,0.023874574618468442,42,0.8398798384713878,0.011335973149306594,2026,0.8581896976263174,0.021175516911081726,49.333333333333336,35.0,0.8531468531468531,0.8671328671328671,0.8450704225352113,0.8802816901408451,0.8098591549295775,0.8321678321678322,0.8531468531468531,0.8380281690140845,0.852112676056338,0.823943661971831,0.8601398601398601,0.8251748251748252,0.8450704225352113,0.8802816901408451,0.8802816901408451,22.037375480685384,26.255809712245025,0.9175390972826765,0.12020747078354467,127,16,10,7,15,0.7344303818602065,20,0.1460855777749954,22,0.0,0.1,0.7177839385889759,1,COMPLETE
11,0.8492629436291409,0.005651913037847697,0.022129257639298402,12648430,0.8539150989855215,0.027679398295579992,42,0.841307987786861,0.011169503416186258,2026,0.8525657441150398,0.02196298867339345,47.06666666666667,20.0,0.8531468531468531,0.8671328671328671,0.8450704225352113,0.8943661971830986,0.8098591549295775,0.8251748251748252,0.8461538461538461,0.8309859154929577,0.852112676056338,0.852112676056338,0.8531468531468531,0.8251748251748252,0.8309859154929577,0.8802816901408451,0.8732394366197183,29.648935333077524,29.217358921682397,0.7723382709594743,0.14765736734154225,63,16,10,7,5,1.8845988154291393,20,0.08959899058003491,29,0.5,0.1,0.7140407948602441,1,COMPLETE
66,0.8492629436291409,0.007460970184152855,0.023002222419811386,12648430,0.8496897468728456,0.027436820884346753,42,0.8399192356938837,0.017136704931284778,2026,0.8581798483206933,0.019335529068099398,122.93333333333334,82.0,0.8461538461538461,0.8741258741258742,0.8450704225352113,0.8802816901408451,0.8028169014084507,0.8181818181818182,0.8391608391608392,0.8591549295774648,0.8591549295774648,0.823943661971831,0.8531468531468531,0.8391608391608392,0.8380281690140845,0.8873239436619719,0.8732394366197183,13.751787470573033,17.499755610264973,0.9230959995323738,0.06249837608898326,63,32,10,7,20,0.09540873508956742,20,0.07175051635656504,19,0.5,0.001,0.7169260322177368,1,COMPLETE
69,0.8492530943235169,0.007622854941908732,0.020806017753992993,12648430,0.855303851078499,0.024807063451976,42,0.8385009356840343,0.013818249348410134,2026,0.8539544962080173,0.017832917870529985,57.93333333333333,45.0,0.8601398601398601,0.8741258741258742,0.852112676056338,0.8802816901408451,0.8098591549295775,0.8181818181818182,0.8461538461538461,0.8591549295774648,0.8380281690140845,0.8309859154929577,0.8531468531468531,0.8391608391608392,0.8309859154929577,0.8802816901408451,0.8661971830985915,5.36965459505408,12.843646674870556,0.7800322792745322,0.1324944073085581,63,32,10,7,20,1.0739732155188109,40,0.06821525401583017,21,0.5,0.1,0.754041991507255,1,COMPLETE
84,0.8492530943235167,0.005642969295342057,0.02262660458593282,12648430,0.8524869496700482,0.029389766856562242,42,0.8413178370924849,0.018907650207543272,2026,0.8539544962080173,0.014802120307782076,83.93333333333334,37.0,0.8671328671328671,0.8671328671328671,0.8380281690140845,0.8873239436619719,0.8028169014084507,0.8111888111888111,0.8531468531468531,0.8661971830985915,0.8309859154929577,0.8450704225352113,0.8461538461538461,0.8461538461538461,0.8380281690140845,0.8802816901408451,0.8591549295774648,15.750127439676524,7.83758163861488,0.9947899365517544,0.10919248080711091,63,32,10,7,30,0.8615377412296752,20,0.0966002171866291,13,0.5,0.001,0.7248599075297847,1,COMPLETE
77,0.8492498112216422,0.004637906373989709,0.025652679055469235,12648430,0.8482517482517482,0.03254973631017645,42,0.8441347385009357,0.023008787455283394,2026,0.8553629469122427,0.017909764586465707,123.4,100.0,0.8671328671328671,0.8741258741258742,0.8380281690140845,0.8732394366197183,0.7887323943661971,0.8111888111888111,0.8531468531468531,0.8802816901408451,0.8309859154929577,0.8450704225352113,0.8531468531468531,0.8391608391608392,0.8380281690140845,0.8873239436619719,0.8591549295774648,8.690121740518125,8.907389902223208,0.9231401349180727,0.10468104466989794,63,32,10,7,45,0.4507589544671959,30,0.09377175646664451,19,0.01,0.001,0.7578528200632814,1,COMPLETE
97,0.8492465281197678,0.007789316777986841,0.022813737501081167,12648430,0.8524771003644244,0.02768081767489154,42,0.8385107849896583,0.0169437659325878,2026,0.8567516990052202,0.018057148655652142,79.33333333333333,52.0,0.8601398601398601,0.8811188811188811,0.8450704225352113,0.8732394366197183,0.8028169014084507,0.8181818181818182,0.8391608391608392,0.8661971830985915,0.823943661971831,0.8450704225352113,0.8531468531468531,0.8531468531468531,0.8309859154929577,0.8873239436619719,0.8591549295774648,6.935227949926176,9.667637066946668,0.9804813890205598,0.1392732257615263,63,8,10,7,35,0.0022112897335964166,30,0.0849719986350223,16,0.05,0.05,0.7054798470021583,1,COMPLETE
33,0.8492465281197674,0.009273747593607102,0.02133691065647925,12648430,0.8511080468826948,0.028021328160636655,42,0.8370727863685609,0.009368165374454483,2026,0.8595587511080469,0.01532405727699819,60.53333333333333,45.0,0.8461538461538461,0.8671328671328671,0.852112676056338,0.8873239436619719,0.8028169014084507,0.8251748251748252,0.8531468531468531,0.8380281690140845,0.8309859154929577,0.8380281690140845,0.8671328671328671,0.8461538461538461,0.8380281690140845,0.8661971830985915,0.8802816901408451,6.683279737716122,15.94312190081586,0.7573034366535365,0.13229995062877395,127,32,10,7,20,0.1300045937349768,80,0.11203029854465252,20,0.01,0.5,0.8976441753883967,1,COMPLETE
90,0.8488098755704389,0.00577705972344556,0.024032497235959495,12648430,0.8497094454840933,0.02911456075228664,42,0.841327686398109,0.0166264039163832,2026,0.8553924948291145,0.02254915869949738,67.33333333333333,64.0,0.8531468531468531,0.8531468531468531,0.8450704225352113,0.8943661971830986,0.8028169014084507,0.8181818181818182,0.8391608391608392,0.8661971830985915,0.8309859154929577,0.852112676056338,0.8461538461538461,0.8251748251748252,0.852112676056338,0.8943661971830986,0.8591549295774648,8.068023751849587,10.731700040738994,0.9655784368502919,0.11800219098162146,255,32,10,7,30,1.3759647812009144,20,0.1011644069106278,18,0.0,0.001,0.7437412221237459,1,COMPLETE
10,0.8487934600610657,0.007377614252592746,0.024148479510149336,12648430,0.8525164975869203,0.030574843316058534,42,0.8384910863784103,0.009807089671093245,2026,0.8553727962178665,0.02356182421116277,60.53333333333333,36.0,0.8461538461538461,0.8671328671328671,0.8380281690140845,0.9014084507042254,0.8098591549295775,0.8321678321678322,0.8391608391608392,0.823943661971831,0.852112676056338,0.8450704225352113,0.8531468531468531,0.8321678321678322,0.8309859154929577,0.8943661971830986,0.8661971830985915,25.55738690931781,29.051228245308838,0.7719820386484885,0.14253623187051875,63,16,10,7,5,1.8686354097379643,20,0.08712670405674161,30,0.5,0.1,0.703059468898998,1,COMPLETE
20,0.8487868938573165,0.010393303942549137,0.02455475460038005,12648430,0.8539052496798977,0.026228436427131845,42,0.8342952821826062,0.017817538155402577,2026,0.8581601497094455,0.021894064871483095,49.53333333333333,41.0,0.8461538461538461,0.8811188811188811,0.852112676056338,0.8802816901408451,0.8098591549295775,0.8041958041958042,0.8461538461538461,0.823943661971831,0.852112676056338,0.8450704225352113,0.8601398601398601,0.8461538461538461,0.823943661971831,0.8873239436619719,0.8732394366197183,1.091855961228734,23.924995716816028,0.88471652158716,0.08424437153749602,127,16,10,6,15,0.18375384531134364,30,0.027555023456101634,20,0.001,0.001,0.8603587429453063,1,COMPLETE
78,0.848780327653567,0.004322041205500673,0.025137933036633496,12648430,0.8524771003644244,0.030746001726936957,42,0.8427164384910864,0.0227472138915714,2026,0.8511474441051906,0.019415317393618972,122.53333333333333,128.0,0.8671328671328671,0.8741258741258742,0.8450704225352113,0.8802816901408451,0.795774647887324,0.8111888111888111,0.8601398601398601,0.8732394366197183,0.823943661971831,0.8450704225352113,0.8461538461538461,0.8391608391608392,0.8309859154929577,0.8873239436619719,0.852112676056338,8.590251381756369,9.153336895207104,0.9202222310940891,0.10328916080325001,63,32,10,7,40,0.7398856683478372,30,0.04439053519306756,17,0.1,0.001,0.7753427442393502,1,COMPLETE
94,0.8483239764929906,0.00751538090768001,0.025974578300965886,12648430,0.8496700482615976,0.03156765604179439,42,0.8385206342952822,0.021501419934340446,2026,0.856781246922092,0.019893851713797657,119.6,71.0,0.8601398601398601,0.8741258741258742,0.823943661971831,0.8873239436619719,0.8028169014084507,0.8181818181818182,0.8321678321678322,0.8802816901408451,0.8309859154929577,0.8309859154929577,0.8461538461538461,0.8391608391608392,0.8380281690140845,0.8873239436619719,0.8732394366197183,16.427194134763187,8.233854184649653,0.7122647234551618,0.14444224476486517,63,32,10,7,40,1.2983145287619433,30,0.07227659509307814,16,0.5,0.05,0.7279212819882183,1,COMPLETE
0,0.8483206933911159,0.009097414276862071,0.022162148720606435,12648430,0.8567320003939722,0.020248347093115026,42,0.8356840342755836,0.01290986627608396,2026,0.8525460455037919,0.02546632012872374,81.6,78.0,0.8461538461538461,0.8741258741258742,0.8591549295774648,0.8802816901408451,0.823943661971831,0.8251748251748252,0.8391608391608392,0.823943661971831,0.8309859154929577,0.8591549295774648,0.8531468531468531,0.8391608391608392,0.8169014084507042,0.8943661971830986,0.8591549295774648,10.0,10.0,1.0,0.1,255,32,4,4,20,1.0,100,0.0,7,0.0,0.0,,0,COMPLETE
55,0.8483206933911158,0.009109580122052598,0.02202920012926442,12648430,0.85251649758692,0.02925789908099137,42,0.8356741849699596,0.007153837550462405,2026,0.8567713976164679,0.01731189113509496,120.6,83.0,0.8531468531468531,0.8601398601398601,0.852112676056338,0.8943661971830986,0.8028169014084507,0.8321678321678322,0.8391608391608392,0.823943661971831,0.8450704225352113,0.8380281690140845,0.8531468531468531,0.8391608391608392,0.8380281690140845,0.8802816901408451,0.8732394366197183,25.521688339516665,23.933169260099426,0.9362464668457247,0.030165603029932972,127,16,10,5,5,0.22800838995775702,40,0.017519879247141275,21,0.1,0.5,0.8088524219104983,1,COMPLETE
15,0.8483141271873667,0.0050146175844208475,0.0220676241576902,12648430,0.8454643947601694,0.03006217189407608,42,0.8441150398896878,0.013437557498718491,2026,0.8553629469122427,0.017355080202088476,93.2,64.0,0.8531468531468531,0.8671328671328671,0.8450704225352113,0.8732394366197183,0.7887323943661971,0.8251748251748252,0.8531468531468531,0.852112676056338,0.8309859154929577,0.8591549295774648,0.8461538461538461,0.8461538461538461,0.8380281690140845,0.8873239436619719,0.8591549295774648,19.9164767660987,24.424779187007218,0.8637795259116162,0.12598593940186883,63,16,10,6,30,0.4082416424445405,70,0.06169640055302515,24,0.001,1.0,0.7948427838078357,1,COMPLETE
70,0.8483141271873665,0.008646057357736532,0.021434186640025377,12648430,0.8581306017925735,0.022970523463338385,42,0.8370924849798088,0.015443541618415197,2026,0.8497192947897172,0.019694217967693335,82.86666666666666,47.0,0.8601398601398601,0.8671328671328671,0.8591549295774648,0.8873239436619719,0.8169014084507042,0.8111888111888111,0.8531468531468531,0.852112676056338,0.8380281690140845,0.8309859154929577,0.8601398601398601,0.8391608391608392,0.8169014084507042,0.8732394366197183,0.8591549295774648,4.183675533535159,12.596114605947628,0.7790776793212302,0.13185945277435113,63,32,4,7,25,1.0675344624701322,40,0.06971830964977396,21,0.5,0.1,0.7473207213290077,1,COMPLETE
60,0.8478676253324141,0.007643010394402669,0.023903287374140134,12648430,0.8454840933714174,0.029974765784088774,42,0.8399290849995076,0.02163398579022533,2026,0.8581896976263174,0.013127783256235174,61.4,40.0,0.8601398601398601,0.8461538461538461,0.8380281690140845,0.8873239436619719,0.795774647887324,0.8111888111888111,0.8391608391608392,0.8732394366197183,0.823943661971831,0.852112676056338,0.8391608391608392,0.8461538461538461,0.8661971830985915,0.8661971830985915,0.8732394366197183,17.679788946757828,26.220099682412375,0.7299899458223552,0.12688995688301952,127,16,10,7,30,0.4670633089756772,50,0.10625013421399347,30,0.0,0.1,0.715313172443929,1,COMPLETE
87,0.8478643422305394,0.009742463060546196,0.024327316125274636,12648430,0.8525263468925441,0.026728275372439044,42,0.83430513148823,0.020339486236777973,2026,0.8567615483108441,0.019042393897769492,88.06666666666666,64.0,0.8531468531468531,0.8531468531468531,0.852112676056338,0.8943661971830986,0.8098591549295775,0.8041958041958042,0.8391608391608392,0.8661971830985915,0.8380281690140845,0.823943661971831,0.8531468531468531,0.8461538461538461,0.8309859154929577,0.8873239436619719,0.8661971830985915,12.527058101633529,10.09085119991525,0.9872577617228369,0.11538907137732818,63,8,4,7,30,0.6931711442855003,30,0.0784981060689561,17,0.5,0.001,0.7217381905353654,1,COMPLETE
12,0.8478610591286646,0.00870232213796579,0.02283116113215791,12648430,0.852536196198168,0.02740503759784091,42,0.8356643356643356,0.01389324771397287,2026,0.8553826455234905,0.019812523977726797,35.6,18.0,0.8461538461538461,0.8531468531468531,0.8450704225352113,0.9014084507042254,0.8169014084507042,0.8321678321678322,0.8461538461538461,0.8098591549295775,0.8450704225352113,0.8450704225352113,0.8531468531468531,0.8251748251748252,0.8450704225352113,0.8732394366197183,0.8802816901408451,28.88789950214659,29.9146014994597,0.8185900884384663,0.14701896641154547,63,16,10,6,5,0.6746925368299548,50,0.09564233519188844,30,0.5,0.001,0.7212242368798473,1,COMPLETE
72,0.8478577760267901,0.009608329558595618,0.022830475149940365,12648430,0.8539150989855215,0.028035449414405417,42,0.8342952821826062,0.013415875095798994,2026,0.8553629469122427,0.017909764586465707,50.666666666666664,38.0,0.8531468531468531,0.8671328671328671,0.8591549295774648,0.8873239436619719,0.8028169014084507,0.8111888111888111,0.8391608391608392,0.8380281690140845,0.852112676056338,0.8309859154929577,0.8531468531468531,0.8391608391608392,0.8380281690140845,0.8873239436619719,0.8591549295774648,5.580051313062021,10.572831903453729,0.8052219467370941,0.14417372425894445,63,32,10,7,20,0.8595798437455419,70,0.06197425263650133,19,0.5,0.1,0.7287211062110263,1,COMPLETE
24,0.8478577760267901,0.013677618339420607,0.027307234923323844,12648430,0.8553235496897468,0.03385546624087943,42,0.8286713286713286,0.014182521304721382,2026,0.8595784497192949,0.018124210388594207,65.46666666666667,38.0,0.8601398601398601,0.8601398601398601,0.8591549295774648,0.9014084507042254,0.795774647887324,0.8041958041958042,0.8391608391608392,0.823943661971831,0.8309859154929577,0.8450704225352113,0.8461538461538461,0.8531468531468531,0.8380281690140845,0.8873239436619719,0.8732394366197183,11.638513543463882,29.67604871415704,0.7399439088631836,0.13783204008468164,63,16,10,7,10,1.9755758100370011,40,0.05963322641648411,29,0.5,0.05,0.7007460131639982,1,COMPLETE
82,0.8478544929249155,0.0074448995273825305,0.022253320299720707,12648430,0.8482812961686201,0.026740300649998973,42,0.8385304836009061,0.01993859042303076,2026,0.8567516990052202,0.014379156416762271,112.6,77.0,0.8531468531468531,0.8671328671328671,0.8380281690140845,0.8802816901408451,0.8028169014084507,0.8041958041958042,0.8391608391608392,0.8661971830985915,0.8380281690140845,0.8450704225352113,0.8461538461538461,0.8601398601398601,0.8380281690140845,0.8802816901408451,0.8591549295774648,10.674842939333297,11.66355610480146,0.9723694890987793,0.11206410077533427,63,32,10,7,35,0.5780358523498994,20,0.10506925631539771,15,0.5,0.001,0.7132045569899146,1,COMPLETE
62,0.8478446436192915,0.01082738527081012,0.02389146416877896,12648430,0.8524869496700482,0.029370946449179355,42,0.8328868314783808,0.013319364247509438,2026,0.8581601497094453,0.017906741906278736,48.13333333333333,37.0,0.8531468531468531,0.8811188811188811,0.8309859154929577,0.8873239436619719,0.8098591549295775,0.8111888111888111,0.8391608391608392,0.8450704225352113,0.8450704225352113,0.823943661971831,0.8601398601398601,0.8461538461538461,0.8309859154929577,0.8802816901408451,0.8732394366197183,26.114084287649415,25.94248080743538,0.8963248111530805,0.14063964794825318,127,16,10,6,15,1.970954205056983,30,0.1286319626680831,19,0.001,0.05,0.7624415217561463,1,COMPLETE
85,0.8474014248662135,0.0028863264608044743,0.022132821329641596,12648430,0.8468826947700187,0.021720106277015913,42,0.8441544371121836,0.022877492527066896,2026,0.8511671427164383,0.021200236265278383,92.73333333333333,49.0,0.8601398601398601,0.8531468531468531,0.8380281690140845,0.8732394366197183,0.8098591549295775,0.8111888111888111,0.8391608391608392,0.8732394366197183,0.8309859154929577,0.8661971830985915,0.8321678321678322,0.8391608391608392,0.8309859154929577,0.8802816901408451,0.8732394366197183,9.563268853697133,11.176579518910769,0.9558576770734707,0.1253627604184547,63,32,10,7,35,1.6703302110616909,20,0.08694449229392456,15,0.5,0.001,0.7339397259933889,1,COMPLETE
83,0.847398141764339,0.0036860828002438237,0.022305734331566133,12648430,0.8454742440657934,0.02246419988120769,42,0.8441642864178075,0.023656436975906775,2026,0.852555894809416,0.019687774030665926,87.33333333333333,55.0,0.8531468531468531,0.8601398601398601,0.8309859154929577,0.8732394366197183,0.8098591549295775,0.8111888111888111,0.8321678321678322,0.8802816901408451,0.8380281690140845,0.8591549295774648,0.8391608391608392,0.8461538461538461,0.8309859154929577,0.8873239436619719,0.8591549295774648,12.105754846403569,9.635643163917775,0.9608900607048976,0.09053713756420226,63,32,10,7,35,0.4378261286707879,20,0.10010735050147018,16,0.5,0.001,0.7087373735740304,1,COMPLETE
44,0.8473882924587149,0.008294473435353285,0.020532786327135368,12648430,0.8539150989855215,0.022986464686811696,42,0.8356840342755836,0.010311315156539939,2026,0.8525657441150398,0.02058373861334514,50.2,48.0,0.8601398601398601,0.8601398601398601,0.8450704225352113,0.8873239436619719,0.8169014084507042,0.8181818181818182,0.8461538461538461,0.8380281690140845,0.8450704225352113,0.8309859154929577,0.8461538461538461,0.8321678321678322,0.8309859154929577,0.8802816901408451,0.8732394366197183,19.484782553098885,7.847266466964832,0.7862221529417304,0.14814463064821198,63,16,10,6,15,0.12348836206969811,70,0.1147145171623477,29,0.5,0.0,0.7029666195286978,1,COMPLETE
32,0.8473882924587149,0.009279057725723891,0.02568890413864272,12648430,0.8539347975967694,0.029321583004067,42,0.8342657342657341,0.013032518429074191,2026,0.8539643455136414,0.026303134494440623,36.8,23.0,0.8461538461538461,0.8601398601398601,0.852112676056338,0.9014084507042254,0.8098591549295775,0.8181818181818182,0.8531468531468531,0.823943661971831,0.8309859154929577,0.8450704225352113,0.8461538461538461,0.8391608391608392,0.8169014084507042,0.8873239436619719,0.8802816901408451,12.924030294165737,16.913939722446578,0.7500482526185087,0.11501498675906083,127,32,10,5,10,0.25895986336634297,70,0.08876389189157868,15,0.1,0.5,0.721760035999743,1,COMPLETE
21,0.8473850093568404,0.00805939255931707,0.026468354282020476,12648430,0.8482911454742442,0.0347645553822459,42,0.837092484979809,0.014178861418326642,2026,0.8567713976164681,0.02229900194795218,57.13333333333333,30.0,0.8531468531468531,0.8601398601398601,0.8309859154929577,0.9014084507042254,0.795774647887324,0.8251748251748252,0.8391608391608392,0.8169014084507042,0.852112676056338,0.852112676056338,0.8601398601398601,0.8321678321678322,0.8309859154929577,0.8873239436619719,0.8732394366197183,26.068943258557265,29.851738740690443,0.7867711399797508,0.14883847981874118,63,16,10,7,5,1.7569954771691516,20,0.08117318877253657,31,0.5,0.1,0.7048454741686573,1,COMPLETE
61,0.8473784431530911,0.008443118053937347,0.01893898685528546,12648430,0.8553137003841229,0.02352899958773333,42,0.8356840342755836,0.009344266253540432,2026,0.8511375947995665,0.014875073394079352,60.06666666666667,54.0,0.8601398601398601,0.8671328671328671,0.8450704225352113,0.8873239436619719,0.8169014084507042,0.8251748251748252,0.8391608391608392,0.8309859154929577,0.852112676056338,0.8309859154929577,0.8531468531468531,0.8391608391608392,0.8309859154929577,0.8591549295774648,0.8732394366197183,14.861412299954905,24.86809490624192,0.7429971407845869,0.10928591822473029,127,16,10,7,15,1.282391723351571,20,0.12064864441392513,22,0.0,0.1,0.7429547639505456,1,COMPLETE
73,0.8473784431530911,0.010380446484663599,0.023568875010580994,12648430,0.8567024524771003,0.02712800597140204,42,0.8328966807840048,0.015287645341002723,2026,0.852536196198168,0.0193280571210239,69.2,38.0,0.8671328671328671,0.8741258741258742,0.8450704225352113,0.8873239436619719,0.8098591549295775,0.8111888111888111,0.8321678321678322,0.8591549295774648,0.8309859154929577,0.8309859154929577,0.8601398601398601,0.8391608391608392,0.823943661971831,0.8802816901408451,0.8591549295774648,6.825885799828839,11.149875575841286,0.8272671019549991,0.13172453282018212,63,32,10,7,20,1.54702708684137,20,0.09943361513187918,18,0.5,0.1,0.7542775963659936,1,COMPLETE
51,0.8469188088906399,0.011636318126068258,0.02431936212171814,12648430,0.8497094454840933,0.02508327132118817,42,0.8314783807741554,0.007256940044194869,2026,0.8595686004136709,0.026196349830676893,40.6,36.0,0.8461538461538461,0.8601398601398601,0.8450704225352113,0.8873239436619719,0.8098591549295775,0.8181818181818182,0.8321678321678322,0.8309859154929577,0.8380281690140845,0.8380281690140845,0.8741258741258742,0.8321678321678322,0.823943661971831,0.8873239436619719,0.8802816901408451,1.029069616935206,29.143211117036003,0.9006856120449693,0.08491987754105931,127,16,10,6,15,0.18601186636093234,30,0.011358695266548313,20,0.001,0.001,0.792018678188463,1,COMPLETE
99,0.8469155257887652,0.011054324433950208,0.02365632807831264,12648430,0.8524967989756723,0.028315381584527774,42,0.8314783807741554,0.013809239313570055,2026,0.8567713976164679,0.017883382892404324,77.0,47.0,0.8601398601398601,0.8671328671328671,0.8450704225352113,0.8873239436619719,0.8028169014084507,0.8111888111888111,0.8391608391608392,0.852112676056338,0.823943661971831,0.8309859154929577,0.8461538461538461,0.8461538461538461,0.8380281690140845,0.8873239436619719,0.8661971830985915,6.337328869382267,11.40237872878624,0.9954320471005502,0.13630495319847427,63,8,10,6,35,0.005154750797895972,20,0.09717861289511265,14,0.05,0.05,0.7071700348357803,1,COMPLETE
50,0.8469056764831412,0.006954183282126557,0.02384747529273604,12648430,0.8524869496700482,0.031013531959972016,42,0.8371023342854329,0.013276133300328556,2026,0.8511277454939427,0.02056524636634442,59.53333333333333,26.0,0.8531468531468531,0.8811188811188811,0.852112676056338,0.8802816901408451,0.795774647887324,0.8111888111888111,0.8461538461538461,0.8450704225352113,0.8380281690140845,0.8450704225352113,0.8531468531468531,0.8461538461538461,0.8169014084507042,0.8802816901408451,0.8591549295774648,6.519442704029292,16.546631088988704,0.8679702101213598,0.14142459008231884,63,32,10,6,25,0.006183600787901004,120,0.09400525096671858,23,0.5,0.05,0.8257422251585398,1,COMPLETE
13,0.8468958271775174,0.012905222428179661,0.02944763104834559,12648430,0.8566827538658526,0.03964524020639828,42,0.8286614793657048,0.014282491635640073,2026,0.8553432483009947,0.018058792511431634,55.0,34.0,0.8601398601398601,0.8951048951048951,0.8309859154929577,0.9014084507042254,0.795774647887324,0.8041958041958042,0.8461538461538461,0.823943661971831,0.8309859154929577,0.8380281690140845,0.8671328671328671,0.8391608391608392,0.8309859154929577,0.8591549295774648,0.8802816901408451,1.014428141717294,26.02245304478896,0.7047780994885955,0.10235153682828946,63,16,10,6,10,0.42497657803133615,20,0.07090342449193768,23,0.1,0.1,0.8114176860244116,1,COMPLETE
74,0.8464493253225647,0.010019627820828122,0.020781319106887935,12648430,0.8497094454840933,0.021234664361651934,42,0.8328769821727569,0.014869926985674036,2026,0.8567615483108441,0.017955086949159812,97.93333333333334,67.0,0.8531468531468531,0.8531468531468531,0.8591549295774648,0.8732394366197183,0.8098591549295775,0.8181818181818182,0.8391608391608392,0.8591549295774648,0.823943661971831,0.823943661971831,0.8391608391608392,0.8601398601398601,0.8380281690140845,0.8873239436619719,0.8591549295774648,4.787574330380794,14.390477407262306,0.7605732716728251,0.06407007877367428,63,32,10,7,25,1.248517867562087,90,0.0902803762638354,21,0.5,0.5,0.7203779478255702,1,COMPLETE
38,0.84644604222069,0.010012600615698527,0.02510370430122357,12648430,0.8567123017827243,0.031470875793392104,42,0.8328671328671329,0.009229403762952174,2026,0.8497586920122131,0.02267671666354375,61.93333333333333,48.0,0.8531468531468531,0.8811188811188811,0.852112676056338,0.8943661971830986,0.8028169014084507,0.8181818181818182,0.8461538461538461,0.8309859154929577,0.8380281690140845,0.8309859154929577,0.8391608391608392,0.8321678321678322,0.823943661971831,0.8802816901408451,0.8732394366197183,4.897286775455734,10.159790061059216,0.9230329699851746,0.12654405811230957,255,32,4,7,15,0.12021872711951748,100,0.10262146968375531,17,0.05,2.0,0.8322956150548029,1,COMPLETE
63,0.84644604222069,0.012621856869186075,0.02304163930694638,12648430,0.8539150989855215,0.02656704091532358,42,0.8286713286713286,0.011086048695188217,2026,0.8567516990052202,0.016914770903179,66.93333333333334,57.0,0.8461538461538461,0.8741258741258742,0.852112676056338,0.8873239436619719,0.8098591549295775,0.8111888111888111,0.8321678321678322,0.8450704225352113,0.8309859154929577,0.823943661971831,0.8601398601398601,0.8461538461538461,0.8309859154929577,0.8802816901408451,0.8661971830985915,11.461128021169047,28.172776132353793,0.8568222099754149,0.08762121390073156,127,16,10,7,20,0.7108740604659923,20,0.08510141799927688,18,0.5,0.1,0.7292069755551922,1,COMPLETE
7,0.8464394760169407,0.005883193976065034,0.024607074358549353,12648430,0.8482517482517483,0.031307123764611526,42,0.8385009356840343,0.02207083250098681,2026,0.8525657441150398,0.015666230104341854,164.73333333333332,139.0,0.8671328671328671,0.8741258741258742,0.8450704225352113,0.8661971830985915,0.7887323943661971,0.8111888111888111,0.8531468531468531,0.8732394366197183,0.8309859154929577,0.823943661971831,0.8391608391608392,0.8391608391608392,0.8450704225352113,0.8802816901408451,0.8591549295774648,6.368473316185764,11.175573660999595,0.8761235794564499,0.10426922558569879,255,32,10,7,45,0.003331421893687277,120,0.03797795990187137,17,0.0,0.5,0.8056674832270686,1,COMPLETE
31,0.8459831248563642,0.006524347039917552,0.020847747572317242,12648430,0.8482911454742441,0.026310657160615147,42,0.8370924849798088,0.01410064927565623,2026,0.8525657441150398,0.0168850653953973,44.13333333333333,34.0,0.8461538461538461,0.8671328671328671,0.8450704225352113,0.8802816901408451,0.8028169014084507,0.8111888111888111,0.8531468531468531,0.8450704225352113,0.8380281690140845,0.8380281690140845,0.8391608391608392,0.8391608391608392,0.8380281690140845,0.8732394366197183,0.8732394366197183,10.841726877161424,12.216691536409112,0.7199662830341396,0.14821387343046674,127,32,10,6,15,0.07939848733894803,60,0.09506055415922167,18,0.01,0.5,0.7711984842072672,1,COMPLETE
53,0.845976558652615,0.009908215435268281,0.024142740954290934,12648430,0.848300994779868,0.028440671140014345,42,0.8328474342558849,0.012326098070762357,2026,0.856781246922092,0.0222102038369401,47.06666666666667,34.0,0.8461538461538461,0.8601398601398601,0.8309859154929577,0.8943661971830986,0.8098591549295775,0.8321678321678322,0.8461538461538461,0.8098591549295775,0.8380281690140845,0.8380281690140845,0.8601398601398601,0.8251748251748252,0.8380281690140845,0.8802816901408451,0.8802816901408451,2.566850346662168,26.869673226283098,0.8902710990436342,0.06755278519962499,127,16,10,7,10,0.1463321460620885,30,0.039272253697618324,19,0.001,0.001,0.8740165820878155,1,COMPLETE
54,0.8459699924488656,0.0069140738020520755,0.025245651761625538,12648430,0.8468826947700187,0.03204146398885066,42,0.837082635674185,0.011167019186803066,2026,0.8539446469023932,0.024844673813916092,84.73333333333333,55.0,0.8461538461538461,0.8671328671328671,0.823943661971831,0.8943661971830986,0.8028169014084507,0.8251748251748252,0.8461538461538461,0.823943661971831,0.8380281690140845,0.852112676056338,0.8671328671328671,0.8321678321678322,0.8169014084507042,0.8802816901408451,0.8732394366197183,3.071207101629435,28.087418011914455,0.8511916200871557,0.04341384007919782,127,16,10,6,15,0.5255953218474686,20,0.03134323931428008,16,0.001,0.001,0.923673217120671,1,COMPLETE
17,0.8455234905939131,0.007946556667088147,0.023697745904194458,12648430,0.8511080468826947,0.029412533342380875,42,0.8342854328769821,0.012836029853684658,2026,0.8511769920220624,0.0215741839754883,45.0,19.0,0.8531468531468531,0.8601398601398601,0.8450704225352113,0.8943661971830986,0.8028169014084507,0.8321678321678322,0.8251748251748252,0.8169014084507042,0.852112676056338,0.8450704225352113,0.8391608391608392,0.8251748251748252,0.8380281690140845,0.8802816901408451,0.8732394366197183,7.269355548328846,28.27415583740909,0.8484035857294598,0.11983791466047292,63,8,10,6,5,0.33006977127481824,30,0.12042566266724788,18,0.01,2.0,0.8596002826073345,1,COMPLETE
37,0.8455136412882892,0.006071620941934582,0.023756938951989923,12648430,0.8426573426573427,0.027148266979355885,42,0.8399290849995076,0.02163398579022533,2026,0.8539544962080173,0.019430001579105818,111.4,93.0,0.8531468531468531,0.8601398601398601,0.8309859154929577,0.8732394366197183,0.795774647887324,0.8111888111888111,0.8391608391608392,0.8732394366197183,0.823943661971831,0.852112676056338,0.8531468531468531,0.8391608391608392,0.8309859154929577,0.8873239436619719,0.8591549295774648,7.577278536774252,8.966271352884451,0.8310080917861908,0.09534322292266802,127,32,10,6,50,0.025892844420038,90,0.13397936350920486,10,0.01,0.05,0.8895653158276453,1,COMPLETE
91,0.8455103581864144,0.005260404214362659,0.023495576312037744,12648430,0.844055944055944,0.030538765975586052,42,0.8399192356938835,0.01590239251228379,2026,0.852555894809416,0.019687774030665926,102.2,116.0,0.8531468531468531,0.8671328671328671,0.823943661971831,0.8802816901408451,0.795774647887324,0.8111888111888111,0.8461538461538461,0.8591549295774648,0.8380281690140845,0.8450704225352113,0.8391608391608392,0.8461538461538461,0.8309859154929577,0.8873239436619719,0.8591549295774648,5.664435090510774,12.927632552634416,0.9317730968878248,0.1273955588930843,63,32,10,7,45,1.0722968000259254,50,0.06503491322533943,19,0.5,0.1,0.7183464370831314,1,COMPLETE
27,0.8455070750845399,0.0069713852452299154,0.02322532168567002,12648430,0.8496897468728456,0.02952631272972803,42,0.8356840342755835,0.010311315156539939,2026,0.8511474441051906,0.022233301640223132,58.53333333333333,33.0,0.8461538461538461,0.8741258741258742,0.8380281690140845,0.8873239436619719,0.8028169014084507,0.8181818181818182,0.8461538461538461,0.8450704225352113,0.8309859154929577,0.8380281690140845,0.8601398601398601,0.8251748251748252,0.823943661971831,0.8732394366197183,0.8732394366197183,9.924573442936293,27.844565905548798,0.9065843306144442,0.111791652592662,127,16,10,5,10,0.9902600055953128,30,0.08252508563488713,31,0.5,0.05,0.7352068248684512,1,COMPLETE
23,0.845044157720214,0.007005551679080405,0.024527565216851253,12648430,0.85251649758692,0.03154181344928947,42,0.8356741849699596,0.011400604232515892,2026,0.8469417906037624,0.02308054009072659,52.4,29.0,0.8531468531468531,0.8601398601398601,0.8450704225352113,0.9014084507042254,0.8028169014084507,0.8251748251748252,0.8461538461538461,0.823943661971831,0.852112676056338,0.8309859154929577,0.8391608391608392,0.8321678321678322,0.8169014084507042,0.8802816901408451,0.8661971830985915,29.08151999628881,27.54448258807291,0.8036279521055059,0.11256838311739861,63,16,10,7,10,1.3943791950388698,30,0.08140410101959336,27,0.5,0.1,0.7535756084719363,1,COMPLETE
89,0.8450408746183395,0.004634430606635079,0.016884190180539563,12648430,0.8440756426671919,0.022158582450331674,42,0.8399093863882596,0.01603306624100035,2026,0.8511375947995667,0.0065369567627671975,96.86666666666666,83.0,0.8601398601398601,0.8461538461538461,0.8450704225352113,0.8661971830985915,0.8028169014084507,0.8181818181818182,0.8461538461538461,0.852112676056338,0.823943661971831,0.8591549295774648,0.8531468531468531,0.8391608391608392,0.852112676056338,0.8591549295774648,0.852112676056338,11.286873127185634,11.856542769313204,0.9804947812293636,0.14368289865655534,31,32,10,7,35,0.2981899467337888,30,0.10733148258021358,11,0.5,0.001,0.7090577785774844,1,COMPLETE
25,0.8450375915164647,0.008693481424316477,0.022311932320701985,12648430,0.85251649758692,0.02925789908099137,42,0.832847434255885,0.007262645822178531,2026,0.8497488427065892,0.018920000815382268,50.13333333333333,38.0,0.8531468531468531,0.8601398601398601,0.852112676056338,0.8943661971830986,0.8028169014084507,0.8461538461538461,0.8321678321678322,0.823943661971831,0.8309859154929577,0.8309859154929577,0.8531468531468531,0.8251748251748252,0.8309859154929577,0.8732394366197183,0.8661971830985915,16.983584722027523,26.008597303173207,0.8432269272493538,0.0904606433053203,63,8,10,6,5,0.6868055049611332,60,0.12549473754412088,26,0.5,0.1,0.7802791856845608,1,COMPLETE
68,0.8445812403558882,0.00402881415747196,0.023139108696285854,12648430,0.8440756426671919,0.028081360083569335,42,0.8399192356938835,0.021203786817317372,2026,0.8497488427065892,0.017871700078390236,118.13333333333334,78.0,0.8461538461538461,0.8601398601398601,0.8380281690140845,0.8802816901408451,0.795774647887324,0.8041958041958042,0.8531468531468531,0.8661971830985915,0.8309859154929577,0.8450704225352113,0.8391608391608392,0.8391608391608392,0.8309859154929577,0.8802816901408451,0.8591549295774648,13.988293531219576,17.734071830687895,0.9725801976751768,0.034716462248027775,63,32,10,7,25,0.0013178494735989633,80,0.08445695969782833,30,0.5,0.01,0.7015359996583644,1,COMPLETE
67,0.8445812403558882,0.0073605108536947935,0.02105480749065911,12648430,0.8511080468826947,0.021641405693024838,42,0.834295282182606,0.0178562885735637,2026,0.8483403920023639,0.01949835668284898,129.66666666666666,97.0,0.8531468531468531,0.8601398601398601,0.8591549295774648,0.8732394366197183,0.8098591549295775,0.8111888111888111,0.8391608391608392,0.8591549295774648,0.8450704225352113,0.8169014084507042,0.8391608391608392,0.8391608391608392,0.823943661971831,0.8802816901408451,0.8591549295774648,8.960945267584135,16.708542439406774,0.9288933207323231,0.03953310570299982,63,32,10,7,20,0.09615074205843649,20,0.07396427347108073,16,0.5,2.0,0.7117901669439105,1,COMPLETE
40,0.8445713910502644,0.001768242217493327,0.019324870308182137,12648430,0.8426573426573427,0.02403698772314227,42,0.8441347385009357,0.02257359001798509,2026,0.8469220919925146,0.0048608693216783015,105.53333333333333,72.0,0.8671328671328671,0.8461538461538461,0.8309859154929577,0.8661971830985915,0.8028169014084507,0.8111888111888111,0.8531468531468531,0.8661971830985915,0.823943661971831,0.8661971830985915,0.8391608391608392,0.8461538461538461,0.8450704225352113,0.852112676056338,0.852112676056338,7.502467271450042,18.64560660033881,0.9740313357523671,0.05456774290705642,31,8,10,7,40,0.008907317246923466,70,0.05700696828298109,8,0.01,0.5,0.955468076667577,1,COMPLETE
48,0.8445713910502644,0.0072663240651769994,0.02032775045431559,12648430,0.8496897468728454,0.027456967072170366,42,0.8342952821826062,0.013415875095798994,2026,0.8497291440953412,0.012140147196386928,81.53333333333333,33.0,0.8601398601398601,0.8601398601398601,0.8591549295774648,0.8732394366197183,0.795774647887324,0.8111888111888111,0.8391608391608392,0.852112676056338,0.8380281690140845,0.8309859154929577,0.8461538461538461,0.8461538461538461,0.8309859154929577,0.8591549295774648,0.8661971830985915,2.0117836511701936,25.26844026141628,0.7567900245529868,0.12194931590183512,31,16,10,4,10,0.3895164363018089,40,0.052089639483778996,12,1.0,2.0,0.7388222115934155,1,COMPLETE
19,0.8445648248465151,0.005398080455275087,0.018853189003186294,12648430,0.8496897468728456,0.02439077478808304,42,0.8371023342854329,0.014003322793909367,2026,0.8469023933812666,0.013707933649216323,52.733333333333334,36.0,0.8531468531468531,0.8671328671328671,0.8380281690140845,0.8802816901408451,0.8098591549295775,0.8111888111888111,0.8461538461538461,0.8380281690140845,0.852112676056338,0.8380281690140845,0.8601398601398601,0.8391608391608392,0.823943661971831,0.8591549295774648,0.852112676056338,21.364764406408945,26.994815855577183,0.8122233031805683,0.12144013553239438,31,16,10,5,15,0.0016337528975691768,60,0.08656426056088294,12,0.1,0.0,0.9438365235343716,1,COMPLETE
75,0.8445648248465151,0.0125820663498445,0.022684845125976662,12648430,0.8496995961784695,0.026289031073532733,42,0.8272431793558553,0.013077007311693832,2026,0.8567516990052202,0.014379156416762271,77.93333333333334,40.0,0.8461538461538461,0.8671328671328671,0.852112676056338,0.8802816901408451,0.8028169014084507,0.8181818181818182,0.8391608391608392,0.8450704225352113,0.823943661971831,0.8098591549295775,0.8601398601398601,0.8461538461538461,0.8380281690140845,0.8802816901408451,0.8591549295774648,5.241877675956825,13.049639666125572,0.9386396721619459,0.12146048377591318,63,32,10,7,20,0.5994746548666997,40,0.0812536093598014,14,1.0,1.0,0.7370535021187173,1,COMPLETE
35,0.8445615417446404,0.012580727293548402,0.02779933821701964,12648430,0.8496897468728456,0.03272622659976063,42,0.8272431793558553,0.011411728700898596,2026,0.8567516990052202,0.025344665292859114,55.93333333333333,31.0,0.8531468531468531,0.8671328671328671,0.8380281690140845,0.8943661971830986,0.795774647887324,0.8111888111888111,0.8461538461538461,0.8309859154929577,0.823943661971831,0.823943661971831,0.8671328671328671,0.8391608391608392,0.8169014084507042,0.8732394366197183,0.8873239436619719,4.957215987473867,13.938588846863857,0.9491266954634354,0.10674972668953477,127,32,10,6,20,0.11925300420493,80,0.0075270450625569835,14,0.01,0.5,0.9666143534699351,1,COMPLETE
47,0.8441248891953116,0.004978587740358212,0.023813679300177557,12648430,0.8483305426967398,0.0296538761359328,42,0.8371318822023047,0.02105429093879045,2026,0.8469122426868905,0.017443606879005858,87.6,48.0,0.8461538461538461,0.8391608391608392,0.8591549295774648,0.8943661971830986,0.8028169014084507,0.8041958041958042,0.8321678321678322,0.8661971830985915,0.8309859154929577,0.852112676056338,0.8531468531468531,0.8391608391608392,0.8169014084507042,0.8661971830985915,0.8591549295774648,7.9894894757834205,26.963438339389118,0.7752358491341134,0.1012277057216582,63,16,10,6,20,1.475512145733064,20,0.06544369440860903,4,0.001,0.1,,0,COMPLETE
34,0.8441019074821892,0.007951175244087491,0.020249732162660093,12648430,0.8496995961784695,0.02553412299926853,42,0.8328572835615089,0.010429619426556081,2026,0.8497488427065892,0.016724921403919197,68.8,66.0,0.8601398601398601,0.8531468531468531,0.852112676056338,0.8802816901408451,0.8028169014084507,0.8251748251748252,0.8461538461538461,0.8450704225352113,0.823943661971831,0.823943661971831,0.8391608391608392,0.8391608391608392,0.8309859154929577,0.8732394366197183,0.8661971830985915,5.902061112797199,13.400236245142267,0.7235396873923883,0.1321658466103351,127,32,10,4,25,0.03561926187728905,80,0.11145582862546932,10,0.01,0.5,0.9110511509392427,1,COMPLETE
56,0.8440953412784399,0.00909590706662656,0.021698709536278865,12648430,0.8482812961686201,0.026740300649998973,42,0.8314685314685315,0.008699306845914672,2026,0.852536196198168,0.0193280571210239,77.8,57.0,0.8531468531468531,0.8671328671328671,0.8380281690140845,0.8802816901408451,0.8028169014084507,0.8181818181818182,0.8391608391608392,0.8380281690140845,0.8380281690140845,0.823943661971831,0.8601398601398601,0.8391608391608392,0.823943661971831,0.8802816901408451,0.8591549295774648,1.8916849374315903,29.87608958423504,0.8837873176710818,0.07511196701793584,63,16,10,7,20,0.29870708539215274,30,0.06713528688075372,28,0.5,0.1,0.8533293073323829,1,COMPLETE
43,0.8440953412784399,0.00910652686863842,0.023288899231728503,12648430,0.8525263468925441,0.027091724993189882,42,0.8314488328572835,0.017255567438667702,2026,0.8483108440854921,0.018617621134615354,29.333333333333332,30.0,0.8461538461538461,0.8601398601398601,0.852112676056338,0.8943661971830986,0.8098591549295775,0.8111888111888111,0.8601398601398601,0.8169014084507042,0.8309859154929577,0.8380281690140845,0.8741258741258742,0.8251748251748252,0.8380281690140845,0.8380281690140845,0.8661971830985915,6.161954451212175,14.730308240162223,0.7208125471111733,0.12658249549953293,127,8,10,7,10,0.5903950797614532,60,0.0767604138772755,23,0.001,0.05,0.9999330120848586,1,COMPLETE
36,0.8440887750746905,0.005253305662023648,0.020167227658679242,12648430,0.8426573426573427,0.027869393027244872,42,0.8384910863784103,0.012410969283664513,2026,0.8511178961883186,0.014374433098662735,32.0,15.0,0.8601398601398601,0.8531468531468531,0.8450704225352113,0.8661971830985915,0.7887323943661971,0.8181818181818182,0.8531468531468531,0.8450704225352113,0.8309859154929577,0.8450704225352113,0.8671328671328671,0.8391608391608392,0.8309859154929577,0.852112676056338,0.8661971830985915,3.6579717968778316,15.403383456538997,0.7477009789938576,0.12313657518069406,127,32,4,7,30,0.04510671711758807,100,0.12502368435407651,20,0.01,0.5,,0,COMPLETE
65,0.8440887750746905,0.006374057527041556,0.02155816640952144,12648430,0.8510784989658229,0.028162418410137943,42,0.8356643356643356,0.009643974144940195,2026,0.8455234905939131,0.019653237410966137,36.8,19.0,0.8601398601398601,0.8741258741258742,0.8380281690140845,0.8802816901408451,0.8028169014084507,0.8251748251748252,0.8531468531468531,0.8309859154929577,0.8309859154929577,0.8380281690140845,0.8671328671328671,0.8111888111888111,0.8380281690140845,0.852112676056338,0.8591549295774648,19.21801004356346,29.233082762837416,0.7625660510514866,0.11883649051754634,31,8,10,6,10,0.20344765178920218,30,0.0226220029141936,25,0.01,0.5,0.7876842449078291,1,COMPLETE
86,0.8436357070159888,0.005635348494327932,0.023137483378400728,12648430,0.8482714468629962,0.02787892888989146,42,0.8357037328868314,0.014086724683338912,2026,0.8469319412981384,0.02313195765489648,126.46666666666667,62.0,0.8601398601398601,0.8671328671328671,0.8450704225352113,0.8732394366197183,0.795774647887324,0.8111888111888111,0.8391608391608392,0.852112676056338,0.8309859154929577,0.8450704225352113,0.8251748251748252,0.8531468531468531,0.8169014084507042,0.8802816901408451,0.8591549295774648,13.824020046372013,13.76825366943343,0.9606557817277851,0.09964810869804328,63,32,10,3,40,0.9525297232820161,20,0.11555351340094734,7,0.5,0.001,0.7002006366447565,1,COMPLETE
16,0.843632423914114,0.004774959890326635,0.02138928298252731,12648430,0.8454840933714174,0.025698999542064525,42,0.837082635674185,0.017897231761795092,2026,0.8483305426967398,0.01798204858904493,44.4,43.0,0.8461538461538461,0.8601398601398601,0.8380281690140845,0.8802816901408451,0.8028169014084507,0.8111888111888111,0.8601398601398601,0.823943661971831,0.852112676056338,0.8380281690140845,0.8531468531468531,0.8321678321678322,0.823943661971831,0.8591549295774648,0.8732394366197183,2.783969978819783,15.824991747775563,0.7697532482390617,0.06852194789568175,127,16,10,7,15,0.8699580253955749,40,0.09535638171404749,22,0.05,0.05,0.9987233784423711,1,COMPLETE
29,0.8436291408122395,0.0070116834030006965,0.02291378008201281,12648430,0.8454840933714174,0.026816434394380733,42,0.8342657342657344,0.012247824408515563,2026,0.8511375947995667,0.02363265715358389,53.733333333333334,47.0,0.8391608391608392,0.8671328671328671,0.8380281690140845,0.8802816901408451,0.8028169014084507,0.8181818181818182,0.8531468531468531,0.8380281690140845,0.8380281690140845,0.823943661971831,0.8531468531468531,0.8391608391608392,0.823943661971831,0.8943661971830986,0.8450704225352113,8.66847544460023,18.979042242811342,0.7945281440179166,0.09448335916329535,63,8,4,7,25,1.0239865426987185,90,0.0728072780569406,25,0.0,0.0,,0,COMPLETE
9,0.8431629403460389,0.0057573064590447035,0.021434115734261332,12648430,0.8441150398896878,0.029930216690457322,42,0.8356840342755836,0.012082958577357946,2026,0.8496897468728454,0.01539507907804226,124.53333333333333,86.0,0.8391608391608392,0.8391608391608392,0.8591549295774648,0.8873239436619719,0.795774647887324,0.8181818181818182,0.8461538461538461,0.852112676056338,0.8309859154929577,0.8309859154929577,0.8741258741258742,0.8461538461538461,0.8309859154929577,0.8380281690140845,0.8591549295774648,14.221689250187023,17.79748542452589,0.997529139320637,0.032147812158991824,31,32,10,3,10,0.19676019237130227,110,0.13503577478327655,7,0.001,0.01,,0,COMPLETE
46,0.8431563741422895,0.00954860704113389,0.021945900804679758,12648430,0.8524967989756721,0.029347450244687382,42,0.8300403821530582,0.008468192180700064,2026,0.8469319412981384,0.015438810913891089,36.13333333333333,31.0,0.8601398601398601,0.8671328671328671,0.8309859154929577,0.8943661971830986,0.8098591549295775,0.8251748251748252,0.8461538461538461,0.823943661971831,0.823943661971831,0.8309859154929577,0.8461538461538461,0.8321678321678322,0.8309859154929577,0.852112676056338,0.8732394366197183,13.212167878845126,22.74859127999233,0.8187263014581081,0.13657293885405217,127,8,4,7,5,0.8253205876991795,30,0.08966832633769549,25,0.05,0.5,0.7665734961639104,1,COMPLETE
14,0.8427131553892119,0.006077611293593095,0.020046163009540884,12648430,0.8455136412882893,0.024739879474588514,42,0.8342755835713582,0.011291248434883947,2026,0.8483502413079878,0.018846218439564744,46.46666666666667,37.0,0.8461538461538461,0.8391608391608392,0.8450704225352113,0.8873239436619719,0.8098591549295775,0.8181818181818182,0.8461538461538461,0.823943661971831,0.8450704225352113,0.8380281690140845,0.8531468531468531,0.8181818181818182,0.8380281690140845,0.8591549295774648,0.8732394366197183,15.438513754523166,26.27168458020257,0.7639407968037798,0.07875284895816027,127,8,10,7,10,1.9294708578169353,50,0.11824054939042988,15,0.5,0.1,0.904679868323889,1,COMPLETE
22,0.8427000229817132,0.007161803610627201,0.02014744313575501,12648430,0.8454742440657934,0.02832314043741947,42,0.8328769821727569,0.007900383386940543,2026,0.8497488427065892,0.014116223289372938,54.266666666666666,22.0,0.8601398601398601,0.8531468531468531,0.8380281690140845,0.8802816901408451,0.795774647887324,0.8181818181818182,0.8391608391608392,0.8380281690140845,0.8309859154929577,0.8380281690140845,0.8531468531468531,0.8251748251748252,0.8450704225352113,0.8591549295774648,0.8661971830985915,19.432140531395603,28.614982011290998,0.7366952613939468,0.1331526650426528,63,16,10,7,5,0.6261539591301274,20,0.10347481395210927,28,0.5,0.1,0.7494704914875306,1,COMPLETE
52,0.8426934567779639,0.006405817220795909,0.020050772691990834,12648430,0.8412587412587413,0.02483145709010054,42,0.8356643356643356,0.01062278547136314,2026,0.8511572934108145,0.018802982248856476,55.6,32.0,0.8531468531468531,0.8531468531468531,0.823943661971831,0.8732394366197183,0.8028169014084507,0.8251748251748252,0.8531468531468531,0.823943661971831,0.8380281690140845,0.8380281690140845,0.8461538461538461,0.8321678321678322,0.8309859154929577,0.8732394366197183,0.8732394366197183,1.346879590991308,24.047119621687774,0.8737631611446405,0.055703884234478966,127,16,10,6,5,0.06421708080185343,20,0.03153763827056413,20,0.001,0.001,0.8569823310755244,1,COMPLETE
93,0.8422338225155127,0.004660321190328295,0.023198601819592095,12648430,0.8370333891460652,0.024009475975202213,42,0.841327686398109,0.022657877503776642,2026,0.8483403920023639,0.021436773282864127,148.46666666666667,131.0,0.8531468531468531,0.8531468531468531,0.823943661971831,0.8591549295774648,0.795774647887324,0.8111888111888111,0.8461538461538461,0.8802816901408451,0.8309859154929577,0.8380281690140845,0.8391608391608392,0.8391608391608392,0.823943661971831,0.8873239436619719,0.852112676056338,10.138772678972972,13.951995406909404,0.9547844531300301,0.05915405341952791,63,32,10,7,40,0.3654106691338562,20,0.09078357032460913,13,0.5,0.05,0.7341466862549472,1,COMPLETE
49,0.8417577727436881,0.00919883080305056,0.023651595332857815,12648430,0.8426770412685904,0.02741262945400056,42,0.8300600807643062,0.016147557342220346,2026,0.852536196198168,0.020301294521180045,55.8,36.0,0.8461538461538461,0.8531468531468531,0.8380281690140845,0.8802816901408451,0.795774647887324,0.8041958041958042,0.8531468531468531,0.823943661971831,0.8309859154929577,0.8380281690140845,0.8671328671328671,0.8321678321678322,0.823943661971831,0.8661971830985915,0.8732394366197183,17.240615377795176,21.39221662313371,0.7991745768441162,0.13064762596934748,127,8,10,7,15,1.129973903813779,50,0.13693830413632765,17,0.01,1.0,0.9787705973831009,1,COMPLETE
18,0.8413014215831117,0.007522042805224136,0.024005890940347156,12648430,0.8426770412685904,0.02741262945400056,42,0.8314783807741554,0.01972481759212838,2026,0.8497488427065892,0.020459333640262523,93.0,68.0,0.8531468531468531,0.8461538461538461,0.8380281690140845,0.8802816901408451,0.795774647887324,0.8111888111888111,0.8391608391608392,0.8661971830985915,0.8169014084507042,0.823943661971831,0.8391608391608392,0.8391608391608392,0.823943661971831,0.8802816901408451,0.8661971830985915,4.001704967961259,21.876780298675136,0.7353905565434864,0.08017534819339074,127,8,10,7,25,1.221714401226166,90,0.04770793839183491,26,1.0,0.5,0.7520285221027606,1,COMPLETE
41,0.8408155225056633,0.008682496704848403,0.01988371938784214,12648430,0.8482911454742442,0.02632116316777607,42,0.8286417807544566,0.011524722973333,2026,0.8455136412882892,0.011589079897795401,25.133333333333333,18.0,0.8531468531468531,0.8601398601398601,0.8309859154929577,0.8873239436619719,0.8098591549295775,0.8181818181818182,0.8461538461538461,0.823943661971831,0.8169014084507042,0.8380281690140845,0.8601398601398601,0.8251748251748252,0.8450704225352113,0.8450704225352113,0.852112676056338,24.108473309762765,19.880876645620805,0.7737381397100696,0.13951927398688257,255,32,10,7,5,0.24594671382876573,40,0.09042969266268823,29,0.0,0.001,0.7276696353908704,1,COMPLETE
59,0.8403394727338389,0.005290781572128463,0.02543877204064334,12648430,0.8440460947503201,0.0356636189236257,42,0.8328572835615088,0.017525703980327993,2026,0.8441150398896878,0.016684491156156202,20.8,22.0,0.8741258741258742,0.8531468531468531,0.8098591549295775,0.8873239436619719,0.795774647887324,0.8251748251748252,0.8461538461538461,0.8028169014084507,0.852112676056338,0.8380281690140845,0.8601398601398601,0.8181818181818182,0.8309859154929577,0.8591549295774648,0.852112676056338,29.68601036536889,27.548342838578648,0.946874556017254,0.14996895250002534,63,16,4,7,10,1.5760122772676903,100,0.1469411309803577,24,0.0,0.1,,0,COMPLETE
3,0.8394234873108112,0.011504408718437279,0.023626926526049842,12648430,0.8384516891559144,0.022474004769267947,42,0.825844577957254,0.014289119236022049,2026,0.8539741948192653,0.023840740181654906,127.6,66.0,0.8461538461538461,0.8531468531468531,0.8380281690140845,0.8591549295774648,0.795774647887324,0.8111888111888111,0.8391608391608392,0.8450704225352113,0.823943661971831,0.8098591549295775,0.8531468531468531,0.8251748251748252,0.8309859154929577,0.8873239436619719,0.8732394366197183,2.5549891851379063,8.878800783328249,0.957920207853992,0.047021968477310126,255,16,10,4,40,0.03801075335648979,70,0.04192772335190007,9,0.05,0.05,,0,COMPLETE
76,0.8394037886995633,0.005164533178242845,0.023890887585495985,12648430,0.839850290554516,0.030184144798229513,42,0.8328671328671329,0.016196775076458926,2026,0.8454939426770413,0.021421675936840648,25.2,17.0,0.8461538461538461,0.8601398601398601,0.8169014084507042,0.8802816901408451,0.795774647887324,0.8111888111888111,0.8531468531468531,0.8169014084507042,0.8380281690140845,0.8450704225352113,0.8601398601398601,0.8391608391608392,0.8098591549295775,0.8450704225352113,0.8732394366197183,4.48545763053188,15.476979256686887,0.7922526855038856,0.13580753679565463,63,32,10,7,15,0.32297632826667055,60,0.0529079143023487,24,0.05,0.1,,0,COMPLETE
5,0.8389638530483601,0.005747174625432823,0.02264577914614438,12648430,0.8454939426770413,0.02926068740598653,42,0.8315079286910272,0.017850507187492193,2026,0.8398896877770117,0.01626577562124284,151.6,99.0,0.8461538461538461,0.8531468531468531,0.8450704225352113,0.8873239436619719,0.795774647887324,0.8041958041958042,0.8251748251748252,0.8591549295774648,0.8380281690140845,0.8309859154929577,0.8461538461538461,0.8321678321678322,0.8169014084507042,0.8380281690140845,0.8661971830985915,5.29959971257599,7.189759825611653,0.9035726341245387,0.0476666471835043,255,8,4,3,35,0.1621942874614874,120,0.10972933849057206,4,0.01,0.05,0.9785709002743803,1,COMPLETE
28,0.8389572868446108,0.00577966190904385,0.016673741554354086,12648430,0.8398896877770117,0.02242543061011751,42,0.8314586821629074,0.0063034478716294425,2026,0.8455234905939131,0.013827295606736754,58.666666666666664,19.0,0.8391608391608392,0.8391608391608392,0.8450704225352113,0.8732394366197183,0.8028169014084507,0.8251748251748252,0.8391608391608392,0.8309859154929577,0.8380281690140845,0.823943661971831,0.8531468531468531,0.8251748251748252,0.8450704225352113,0.8380281690140845,0.8661971830985915,15.879950717855566,25.30696378135551,0.7666267256475233,0.1339311824003722,31,32,10,6,5,0.5031257972103699,20,0.10857493974640357,21,2.0,0.1,0.8331420812261942,1,COMPLETE
45,0.8389408713352376,0.010271402360141,0.025382871927119147,12648430,0.8468728454643948,0.03017547566515785,42,0.8244361272530287,0.015992524723269126,2026,0.8455136412882892,0.021214270287496593,34.733333333333334,17.0,0.8531468531468531,0.8671328671328671,0.823943661971831,0.8873239436619719,0.8028169014084507,0.8041958041958042,0.8461538461538461,0.823943661971831,0.8098591549295775,0.8380281690140845,0.8671328671328671,0.8181818181818182,0.8309859154929577,0.8380281690140845,0.8732394366197183,28.78236392960134,12.155604596943625,0.7031395456143145,0.11517978832491678,255,32,10,7,10,0.2698991829106517,110,0.0982865389023849,31,0.01,0.01,0.8842563436087935,1,COMPLETE
6,0.8384812370727864,0.004567834277582023,0.020703677747342792,12648430,0.8384615384615384,0.023280754346335548,42,0.8328966807840047,0.02027664183908958,2026,0.8440854919728158,0.016437632421670435,160.4,149.0,0.8461538461538461,0.8461538461538461,0.8380281690140845,0.8661971830985915,0.795774647887324,0.8041958041958042,0.8391608391608392,0.8661971830985915,0.8309859154929577,0.823943661971831,0.8461538461538461,0.8531468531468531,0.8169014084507042,0.8661971830985915,0.8380281690140845,1.7963705562696306,24.599279585861296,0.8304559020992359,0.04025069726877214,127,8,4,3,20,0.09277291871321285,80,0.14393174947870263,4,0.001,0.01,,0,COMPLETE
26,0.8384812370727864,0.011980912792978844,0.023533336528412527,12648430,0.8454742440657934,0.026514403914215036,42,0.821619225844578,0.013139003235471089,2026,0.8483502413079878,0.018846218439564744,47.333333333333336,49.0,0.8531468531468531,0.8601398601398601,0.8309859154929577,0.8802816901408451,0.8028169014084507,0.8111888111888111,0.8391608391608392,0.823943661971831,0.8309859154929577,0.8028169014084507,0.8531468531468531,0.8181818181818182,0.8380281690140845,0.8591549295774648,0.8732394366197183,23.079121799110872,23.03202324264563,0.7864576913234655,0.07015148195055707,63,16,4,7,15,0.3456163791864388,50,0.10107664261356394,13,0.001,0.1,,0,COMPLETE
58,0.8380051873009619,0.008920282648829072,0.020863345481179903,12648430,0.8469122426868905,0.024933446668011266,42,0.8258150300403821,0.016569506493571782,2026,0.8412882891756132,0.013072793053097971,64.0,21.0,0.8391608391608392,0.8531468531468531,0.8661971830985915,0.8732394366197183,0.8028169014084507,0.8391608391608392,0.8321678321678322,0.8450704225352113,0.8098591549295775,0.8028169014084507,0.8531468531468531,0.8321678321678322,0.823943661971831,0.8380281690140845,0.8591549295774648,21.85508470709673,28.838889637392242,0.9150946224022731,0.11649646903628329,255,8,10,7,10,0.8179041059186215,20,0.14135628689120594,22,2.0,0.1,0.7150798573838553,1,COMPLETE
64,0.8375389868347615,0.01178515503450306,0.023703737250767503,12648430,0.8412587412587413,0.02483145709010054,42,0.821609376538954,0.017157043723406463,2026,0.8497488427065892,0.018920000815382268,26.6,15.0,0.8531468531468531,0.8531468531468531,0.823943661971831,0.8732394366197183,0.8028169014084507,0.8111888111888111,0.8461538461538461,0.8098591549295775,0.8028169014084507,0.8380281690140845,0.8531468531468531,0.8251748251748252,0.8309859154929577,0.8661971830985915,0.8732394366197183,21.560516963929032,26.954327994678863,0.9119149724672515,0.09660943719333383,127,16,10,7,5,0.37523530490741497,60,0.07862565038614291,27,0.0,0.0,0.8975407151235848,1,COMPLETE
4,0.834249318756361,0.005236597919917273,0.016378909262114622,12648430,0.839850290554516,0.022678975284476745,42,0.8272530286614794,0.0053900454386243465,2026,0.8356446370530877,0.013384753368693976,105.93333333333334,103.0,0.8461538461538461,0.8601398601398601,0.8450704225352113,0.852112676056338,0.795774647887324,0.8181818181818182,0.8321678321678322,0.8309859154929577,0.8309859154929577,0.823943661971831,0.8531468531468531,0.8391608391608392,0.8169014084507042,0.823943661971831,0.8450704225352113,4.323451145942618,20.372723463452132,0.9311287775558904,0.0464442166671286,127,8,4,3,20,0.016909002567346613,110,0.1495314661502933,8,1.0,2.0,0.9305983701944758,1,COMPLETE
42,0.8337962506976592,0.006709535787623603,0.01579804742316127,12648430,0.8398699891657639,0.01871722091682288,42,0.8244459765586525,0.01244659210710523,2026,0.8370727863685611,0.01041293819089261,48.2,16.0,0.8461538461538461,0.8461538461538461,0.852112676056338,0.852112676056338,0.8028169014084507,0.8111888111888111,0.8321678321678322,0.8450704225352113,0.8169014084507042,0.8169014084507042,0.8461538461538461,0.8321678321678322,0.823943661971831,0.8309859154929577,0.852112676056338,9.757845025384558,28.793765415948297,0.7546664380337371,0.14051045133147025,127,32,10,7,20,0.16475499002144586,50,0.10993551796014446,27,2.0,1.0,0.9277292229050315,1,COMPLETE
88,0.8333202009258348,0.002381672620257342,0.016843721795888913,12648430,0.8342558849601105,0.013208377880427438,42,0.8300502314586822,0.02454044972558351,2026,0.8356544863587118,0.007577656592615117,53.0,52.0,0.8461538461538461,0.8321678321678322,0.8380281690140845,0.8450704225352113,0.8098591549295775,0.8111888111888111,0.8531468531468531,0.8661971830985915,0.8098591549295775,0.8098591549295775,0.8461538461538461,0.8391608391608392,0.8309859154929577,0.8380281690140845,0.823943661971831,10.645111833682448,5.152927555213509,0.9462467776222023,0.0521509850210634,63,32,10,7,35,0.503813564297298,20,0.09288961712154985,14,2.0,0.05,,0,COMPLETE
39,0.8323713844840607,0.005754132225975663,0.01741184219126001,12648430,0.839850290554516,0.02086295903378096,42,0.825854427262878,0.007889927036851376,2026,0.8314094356347879,0.017682551404306187,32.666666666666664,34.0,0.8531468531468531,0.8531468531468531,0.8309859154929577,0.8591549295774648,0.8028169014084507,0.8111888111888111,0.8321678321678322,0.8309859154929577,0.823943661971831,0.8309859154929577,0.8531468531468531,0.8461538461538461,0.8028169014084507,0.8309859154929577,0.823943661971831,3.4636736454296417,6.141446372943204,0.9898893428192431,0.10734632305210742,127,32,10,5,20,0.062436205790215,80,0.07572147661876029,6,1.0,0.01,,0,COMPLETE
2,0.8319019009159855,0.003690148088462635,0.021751932247363156,12648430,0.8299911356249383,0.029321109892729274,42,0.8286516300600809,0.01918389890590669,2026,0.837062937062937,0.012281637845325141,120.53333333333333,76.0,0.8601398601398601,0.8461538461538461,0.8309859154929577,0.8380281690140845,0.7746478873239436,0.8181818181818182,0.8391608391608392,0.8591549295774648,0.823943661971831,0.8028169014084507,0.8321678321678322,0.8531468531468531,0.8169014084507042,0.8450704225352113,0.8380281690140845,12.566351968687012,6.0760317726722315,0.9595170165314884,0.034876875688281114,31,32,10,5,50,0.013629854053684897,110,0.001172938622937608,11,2.0,0.01,0.8652928556477891,1,COMPLETE
8,0.8300370990511835,0.006059366322753107,0.018884764422090285,12648430,0.8384516891559144,0.018611346524914515,42,0.8244262779474048,0.024027126205639904,2026,0.8272333300502315,0.0060058478137061935,58.13333333333333,44.0,0.8461538461538461,0.8531468531468531,0.8380281690140845,0.852112676056338,0.8028169014084507,0.8111888111888111,0.8461538461538461,0.8591549295774648,0.795774647887324,0.8098591549295775,0.8321678321678322,0.8321678321678322,0.823943661971831,0.8309859154929577,0.8169014084507042,8.745765415155446,21.50384761724077,0.7085942114656694,0.04934375462904019,255,8,4,3,20,0.08564285158890014,40,0.06799828559244712,6,2.0,1.0,,0,COMPLETE
