trial_number,cv_score,seed_cv_std,cv_std,seed_0_fold_seed,seed_0_cv_mean,seed_0_cv_std,seed_1_fold_seed,seed_1_cv_mean,seed_1_cv_std,seed_2_fold_seed,seed_2_cv_mean,seed_2_cv_std,mean_best_iteration,median_best_iteration,fold_0_score,fold_1_score,fold_2_score,fold_3_score,fold_4_score,fold_5_score,fold_6_score,fold_7_score,fold_8_score,fold_9_score,fold_10_score,fold_11_score,fold_12_score,fold_13_score,fold_14_score,params_colsample_bytree,params_learning_rate,params_max_depth,params_reg_alpha,params_reg_lambda,params_subsample,state
31,0.8558192980728192,0.008438743177953668,0.020729637308961116,12648430,0.8637644046094751,0.0269277674106917,42,0.8441347385009358,0.013211513606151743,2026,0.8595587511080469,0.013261511230738217,228.6,107.0,0.8531468531468531,0.8741258741258742,0.8802816901408451,0.8943661971830986,0.8169014084507042,0.8251748251748252,0.8391608391608392,0.8591549295774648,0.8591549295774648,0.8380281690140845,0.8601398601398601,0.8531468531468531,0.8380281690140845,0.8732394366197183,0.8732394366197183,0.8244924870903084,0.11176949123089937,2,0.09960972038669126,0.5828846693956847,0.8364402681078542,COMPLETE
15,0.855349814504744,0.01102469031437208,0.025788505877841126,12648430,0.8609475032010243,0.031306240645989046,42,0.8399487836107553,0.02098565549501036,2026,0.8651531567024524,0.014492455855067362,194.8,111.0,0.8461538461538461,0.8811188811188811,0.852112676056338,0.9084507042253521,0.8169014084507042,0.8041958041958042,0.8321678321678322,0.8661971830985915,0.852112676056338,0.8450704225352113,0.8741258741258742,0.8671328671328671,0.8380281690140845,0.8802816901408451,0.8661971830985915,0.8346851967526235,0.10136152127401915,2,0.09357795193625722,0.6721998860256027,0.8387429226706943,COMPLETE
33,0.8548901802422929,0.009730326378902655,0.024557447084072884,12648430,0.8595489018024229,0.028153512660087195,42,0.8413473850093567,0.02159008681380303,2026,0.863774253915099,0.01632221626532302,277.73333333333335,181.0,0.8461538461538461,0.8741258741258742,0.8591549295774648,0.9014084507042254,0.8169014084507042,0.8041958041958042,0.8391608391608392,0.8661971830985915,0.8591549295774648,0.8380281690140845,0.8671328671328671,0.8531468531468531,0.8380281690140845,0.8802816901408451,0.8802816901408451,0.8183994736625807,0.09965961619195265,2,0.1061121278505328,0.6804979462405855,0.847492014833448,COMPLETE
51,0.8544206966742177,0.00725935177620983,0.024823454029818975,12648430,0.859539052496799,0.032153471171580315,42,0.8441544371121836,0.020595946082041426,2026,0.8595686004136708,0.01524724046781316,220.13333333333333,88.0,0.8531468531468531,0.8741258741258742,0.852112676056338,0.9084507042253521,0.8098591549295775,0.8111888111888111,0.8391608391608392,0.8661971830985915,0.8661971830985915,0.8380281690140845,0.8531468531468531,0.8531468531468531,0.8380281690140845,0.8732394366197183,0.8802816901408451,0.8247962529116323,0.1150585695214327,2,0.14205316286750214,0.5480045478208678,0.8193709077197785,COMPLETE
84,0.8544206966742177,0.009308076134389883,0.02399374453527387,12648430,0.8595489018024229,0.025194265808412664,42,0.8413572343149808,0.025323819355717758,2026,0.8623559539052497,0.013825036351315033,172.8,76.0,0.8531468531468531,0.8671328671328671,0.8661971830985915,0.8943661971830986,0.8169014084507042,0.8041958041958042,0.8321678321678322,0.8661971830985915,0.8732394366197183,0.8309859154929577,0.8671328671328671,0.8601398601398601,0.8380281690140845,0.8802816901408451,0.8661971830985915,0.827933981496339,0.10380868575821159,2,0.1982442770637925,1.5323766521661824,0.8356399857862722,COMPLETE
23,0.8544141304704685,0.008277028650571595,0.021445857247779143,12648430,0.8609475032010243,0.027622018960631444,42,0.8427361371023345,0.015342853640856071,2026,0.8595587511080469,0.013261511230738217,243.46666666666667,187.0,0.8531468531468531,0.8741258741258742,0.8591549295774648,0.9014084507042254,0.8169014084507042,0.8181818181818182,0.8391608391608392,0.8591549295774648,0.8591549295774648,0.8380281690140845,0.8601398601398601,0.8531468531468531,0.8380281690140845,0.8732394366197183,0.8732394366197183,0.8337861935718357,0.10965896390667271,2,0.14311462115696022,0.7549328535229303,0.8591015791313903,COMPLETE
38,0.8539512131061427,0.006944919155706935,0.024916093680761944,12648430,0.8581306017925737,0.030066615061938164,42,0.8441642864178075,0.022778201028787724,2026,0.8595587511080469,0.01717241052668407,348.6666666666667,167.0,0.8531468531468531,0.8741258741258742,0.852112676056338,0.9014084507042254,0.8098591549295775,0.8041958041958042,0.8391608391608392,0.8661971830985915,0.8661971830985915,0.8450704225352113,0.8531468531468531,0.8601398601398601,0.8309859154929577,0.8802816901408451,0.8732394366197183,0.8886345971926313,0.05166743983320415,2,0.19045678483734174,0.8681818833651386,0.8428809231147152,COMPLETE
10,0.8539446469023934,0.01195816306254155,0.021250366299893277,12648430,0.8609475032010243,0.021573500493117702,42,0.8371121835910568,0.013925176652717811,2026,0.863774253915099,0.01632221626532302,228.4,107.0,0.8531468531468531,0.8741258741258742,0.8661971830985915,0.8873239436619719,0.823943661971831,0.8181818181818182,0.8321678321678322,0.8591549295774648,0.8450704225352113,0.8309859154929577,0.8671328671328671,0.8531468531468531,0.8380281690140845,0.8802816901408451,0.8802816901408451,0.8170947883956019,0.10723386697381056,2,0.13011560021821125,0.5207056074892497,0.80002257967236,COMPLETE
56,0.8539446469023932,0.0090791723396871,0.02230463061124825,12648430,0.8581404510981976,0.02612739915085356,42,0.8413375357037328,0.01978029945047858,2026,0.8623559539052496,0.01308794469169443,246.4,225.0,0.8461538461538461,0.8741258741258742,0.8591549295774648,0.8943661971830986,0.8169014084507042,0.8111888111888111,0.8391608391608392,0.8591549295774648,0.8661971830985915,0.8309859154929577,0.8601398601398601,0.8671328671328671,0.8380281690140845,0.8732394366197183,0.8732394366197183,0.8526373696833636,0.09658203129740144,2,0.0602728767761822,0.9468108386936107,0.8460177012290759,COMPLETE
79,0.8539413638005188,0.008944681967809707,0.021444299623688753,12648430,0.8595489018024229,0.028153512660087195,42,0.841317837092485,0.01270187776954926,2026,0.8609573525066484,0.013623288096549037,318.0,349.0,0.8461538461538461,0.8741258741258742,0.8591549295774648,0.9014084507042254,0.8169014084507042,0.8251748251748252,0.8391608391608392,0.8591549295774648,0.852112676056338,0.8309859154929577,0.8601398601398601,0.8601398601398601,0.8380281690140845,0.8802816901408451,0.8661971830985915,0.8086827743893372,0.10772115084066967,2,0.1799920735994565,1.27988607059849,0.8290493491472797,COMPLETE
96,0.8534850126399421,0.009722917149141563,0.026025367446703217,12648430,0.8623461045996258,0.031731145819350895,42,0.8399487836107553,0.023652097998470067,2026,0.8581601497094453,0.013493203615243013,285.6,165.0,0.8601398601398601,0.8741258741258742,0.8591549295774648,0.9084507042253521,0.8098591549295775,0.8041958041958042,0.8321678321678322,0.8661971830985915,0.8661971830985915,0.8309859154929577,0.8531468531468531,0.8531468531468531,0.8380281690140845,0.8732394366197183,0.8732394366197183,0.8297534006875431,0.062467983300951,2,0.19209873236214775,0.512670484270566,0.8589512402573785,COMPLETE
39,0.8534850126399421,0.01082678794902051,0.02552840374317807,12648430,0.863774253915099,0.03254348894761036,42,0.838520634295282,0.015597145933963094,2026,0.8581601497094453,0.01735196089715457,165.06666666666666,104.0,0.8461538461538461,0.8741258741258742,0.8661971830985915,0.9154929577464789,0.8169014084507042,0.8111888111888111,0.8391608391608392,0.8591549295774648,0.8450704225352113,0.8380281690140845,0.8531468531468531,0.8531468531468531,0.8309859154929577,0.8802816901408451,0.8732394366197183,0.8544310591877207,0.11385393794817554,2,0.06473492673080825,0.7408619188295203,0.8582184616927565,COMPLETE
21,0.8534817295380677,0.008580281070179054,0.023079883003491425,12648430,0.859539052496799,0.027114199230001048,42,0.8413473850093569,0.02159008681380303,2026,0.8595587511080469,0.013261511230738217,197.66666666666666,73.0,0.8461538461538461,0.8811188811188811,0.8591549295774648,0.8943661971830986,0.8169014084507042,0.8041958041958042,0.8391608391608392,0.8591549295774648,0.8661971830985915,0.8380281690140845,0.8601398601398601,0.8531468531468531,0.8380281690140845,0.8732394366197183,0.8732394366197183,0.8299366375728561,0.10711868087783948,2,0.09777090478367934,0.513584555042029,0.8236704170223158,COMPLETE
37,0.8534817295380677,0.011688477143641145,0.025786234542297528,12648430,0.8637644046094751,0.03197912859443238,42,0.8371318822023046,0.020090009935551947,2026,0.8595489018024229,0.012595833316182675,176.8,52.0,0.8531468531468531,0.8741258741258742,0.8591549295774648,0.9154929577464789,0.8169014084507042,0.8041958041958042,0.8321678321678322,0.8661971830985915,0.8450704225352113,0.8380281690140845,0.8671328671328671,0.8531468531468531,0.8380281690140845,0.8661971830985915,0.8732394366197183,0.8208498043957279,0.10226851219656284,2,0.051600508319166224,0.6868310399174359,0.9067240161866585,COMPLETE
62,0.8534817295380673,0.008662309845384715,0.025014316221851293,12648430,0.8609475032010243,0.031950919731234005,42,0.8413375357037328,0.020241422986286735,2026,0.8581601497094453,0.014881691314714023,241.86666666666667,96.0,0.8531468531468531,0.8741258741258742,0.8591549295774648,0.9084507042253521,0.8098591549295775,0.8041958041958042,0.8461538461538461,0.8661971830985915,0.8450704225352113,0.8450704225352113,0.8461538461538461,0.8601398601398601,0.8380281690140845,0.8802816901408451,0.8661971830985915,0.8165675319988719,0.10154173174199499,2,0.14332437541451373,0.6084815148372533,0.8089070247857366,COMPLETE
72,0.8534784464361929,0.00959808417873098,0.023125877834069178,12648430,0.8609573525066482,0.030306260589277913,42,0.8399290849995076,0.01644644119468631,2026,0.8595489018024228,0.011793818643991422,216.0,126.0,0.8461538461538461,0.8741258741258742,0.8591549295774648,0.9084507042253521,0.8169014084507042,0.8181818181818182,0.8321678321678322,0.8591549295774648,0.8591549295774648,0.8309859154929577,0.8601398601398601,0.8601398601398601,0.8380281690140845,0.8732394366197183,0.8661971830985915,0.8523347222091393,0.09815190203828303,2,0.038477258961897846,0.9007909797146693,0.8444135079307313,COMPLETE
83,0.8534751633343184,0.009588814858799727,0.024246559779936002,12648430,0.8609475032010243,0.030030605529988656,42,0.8399389343051314,0.018050593232589635,2026,0.859539052496799,0.016130396391620984,168.33333333333334,116.0,0.8531468531468531,0.8741258741258742,0.852112676056338,0.9084507042253521,0.8169014084507042,0.8111888111888111,0.8321678321678322,0.8591549295774648,0.8591549295774648,0.8380281690140845,0.8741258741258742,0.8531468531468531,0.8309859154929577,0.8732394366197183,0.8661971830985915,0.8143259294500246,0.11316815660676835,2,0.0602964608253428,1.2315571818531261,0.8475093318865256,COMPLETE
90,0.8534718802324436,0.007620617657075215,0.02045643951349001,12648430,0.8581306017925737,0.028017447030534263,42,0.8427262877967102,0.010969562163070224,2026,0.8595587511080469,0.013261511230738217,201.73333333333332,61.0,0.8531468531468531,0.8741258741258742,0.8591549295774648,0.8943661971830986,0.8098591549295775,0.8251748251748252,0.8391608391608392,0.8591549295774648,0.8450704225352113,0.8450704225352113,0.8601398601398601,0.8531468531468531,0.8380281690140845,0.8732394366197183,0.8732394366197183,0.8696838322954029,0.11825455314482027,2,0.11248015388605147,0.6265773386520921,0.8139660447977949,COMPLETE
61,0.8534653140286944,0.010636363396748165,0.02126679156819931,12648430,0.859539052496799,0.025609187109997725,42,0.8385107849896583,0.013707827496240195,2026,0.8623461045996258,0.013179438257797485,198.8,119.0,0.8461538461538461,0.8811188811188811,0.8661971830985915,0.8873239436619719,0.8169014084507042,0.8181818181818182,0.8391608391608392,0.8591549295774648,0.8450704225352113,0.8309859154929577,0.8601398601398601,0.8741258741258742,0.8380281690140845,0.8732394366197183,0.8661971830985915,0.8247576578571607,0.10589030667084581,2,0.11493546632743794,0.5304176974716557,0.8015417175365445,COMPLETE
41,0.853015529071867,0.009308902910112823,0.02584942499931426,12648430,0.8609376538954002,0.03290094755677218,42,0.8399487836107553,0.021910554631955723,2026,0.8581601497094453,0.013493203615243013,335.26666666666665,168.0,0.8531468531468531,0.8811188811188811,0.852112676056338,0.9084507042253521,0.8098591549295775,0.8041958041958042,0.8321678321678322,0.8591549295774648,0.8661971830985915,0.8380281690140845,0.8531468531468531,0.8531468531468531,0.8380281690140845,0.8732394366197183,0.8732394366197183,0.8919507770794689,0.05201876565767161,2,0.19613482777029195,0.893793420686696,0.8451368252219615,COMPLETE
63,0.8530122459699925,0.008275547860225146,0.021569353169371776,12648430,0.8581404510981976,0.02612739915085356,42,0.8413375357037328,0.018213957416322698,2026,0.8595587511080469,0.013261511230738217,148.13333333333333,70.0,0.8461538461538461,0.8741258741258742,0.8591549295774648,0.8943661971830986,0.8169014084507042,0.8111888111888111,0.8391608391608392,0.8661971830985915,0.852112676056338,0.8380281690140845,0.8601398601398601,0.8531468531468531,0.8380281690140845,0.8732394366197183,0.8732394366197183,0.8267290543374463,0.10940236297647533,2,0.08891704321503868,0.659407363571702,0.8215471147929695,COMPLETE
70,0.8530122459699924,0.011287436981664229,0.023176377230959427,12648430,0.8623559539052497,0.025432997437728116,42,0.8371318822023047,0.02105429093879045,2026,0.8595489018024228,0.011793818643991422,159.86666666666667,76.0,0.8531468531468531,0.8741258741258742,0.8591549295774648,0.9014084507042254,0.823943661971831,0.8041958041958042,0.8321678321678322,0.8661971830985915,0.852112676056338,0.8309859154929577,0.8601398601398601,0.8601398601398601,0.8380281690140845,0.8732394366197183,0.8661971830985915,0.8445367290295709,0.10064636027381864,2,0.1551514343463113,0.5296563412924324,0.8161059686595634,COMPLETE
69,0.8530089628681178,0.006294746627332203,0.022207291806598032,12648430,0.8567320003939723,0.030426406958821327,42,0.8441445878065597,0.01580865406393786,2026,0.8581503004038215,0.01359926980047781,257.6,141.0,0.8461538461538461,0.8741258741258742,0.852112676056338,0.9014084507042254,0.8098591549295775,0.8181818181818182,0.8391608391608392,0.8661971830985915,0.8450704225352113,0.852112676056338,0.8531468531468531,0.8601398601398601,0.8380281690140845,0.8591549295774648,0.8802816901408451,0.8189301686313788,0.10453463389246656,2,0.12737641752315693,0.6227321422814764,0.9740580038620195,COMPLETE
32,0.8530089628681178,0.009526690481029209,0.021128556626918697,12648430,0.8623461045996257,0.026617215888444897,42,0.8399290849995076,0.014524924315922904,2026,0.8567516990052202,0.012145971052631363,185.73333333333332,196.0,0.8531468531468531,0.8811188811188811,0.8661971830985915,0.8943661971830986,0.8169014084507042,0.8181818181818182,0.8321678321678322,0.8591549295774648,0.852112676056338,0.8380281690140845,0.8531468531468531,0.8531468531468531,0.8380281690140845,0.8732394366197183,0.8661971830985915,0.8221743931747625,0.11465784400650175,2,0.1487179282785009,0.5875283334580657,0.8383683949098844,COMPLETE
34,0.8530089628681178,0.011233756634661822,0.024321205835096827,12648430,0.8609475032010243,0.030030605529988652,42,0.8371220328966809,0.016999387920097576,2026,0.8609573525066484,0.014323227195128635,177.2,68.0,0.8531468531468531,0.8741258741258742,0.8661971830985915,0.9014084507042254,0.8098591549295775,0.8111888111888111,0.8321678321678322,0.8591549295774648,0.852112676056338,0.8309859154929577,0.8671328671328671,0.8531468531468531,0.8380281690140845,0.8661971830985915,0.8802816901408451,0.8004978031733023,0.08281481262492582,2,0.07748362720753771,0.6904974397156357,0.8528921107101646,COMPLETE
26,0.8530089628681177,0.00734757319358235,0.02204537172472621,12648430,0.8567320003939722,0.02622438243459442,42,0.8427459864079582,0.01923631166164802,2026,0.8595489018024228,0.015436347609425097,254.8,189.0,0.8461538461538461,0.8741258741258742,0.852112676056338,0.8943661971830986,0.8169014084507042,0.8111888111888111,0.8391608391608392,0.8591549295774648,0.8661971830985915,0.8380281690140845,0.8601398601398601,0.8601398601398601,0.8309859154929577,0.8732394366197183,0.8732394366197183,0.8618370739675103,0.08163478774769818,2,0.1502971670928191,0.7148928836632656,0.8490887848462358,COMPLETE
78,0.8530056797662432,0.008276481687633444,0.02084427289047579,12648430,0.859529203191175,0.026805217755806944,42,0.841327686398109,0.012568462686343606,2026,0.8581601497094453,0.014881691314714023,219.46666666666667,179.0,0.8531468531468531,0.8811188811188811,0.852112676056338,0.8943661971830986,0.8169014084507042,0.8251748251748252,0.8321678321678322,0.8591549295774648,0.852112676056338,0.8380281690140845,0.8601398601398601,0.8461538461538461,0.8380281690140845,0.8802816901408451,0.8661971830985915,0.934852050092422,0.1170265822706758,2,0.10406171452535164,0.782437800150867,0.8237784607609804,COMPLETE
14,0.8530056797662432,0.010258376355931315,0.022655685765402844,12648430,0.8609475032010243,0.029003781931814937,42,0.8385206342952822,0.014975414947336336,2026,0.8595489018024228,0.012595833316182675,204.93333333333334,186.0,0.8461538461538461,0.8811188811188811,0.8591549295774648,0.9014084507042254,0.8169014084507042,0.8181818181818182,0.8321678321678322,0.8591549295774648,0.852112676056338,0.8309859154929577,0.8671328671328671,0.8531468531468531,0.8380281690140845,0.8732394366197183,0.8661971830985915,0.8292185364463691,0.10765516270604866,2,0.1099851788188978,0.5057073961514925,0.8342080787001404,COMPLETE
13,0.8530023966643685,0.009251192715425675,0.021493014924734224,12648430,0.859539052496799,0.028209886600865656,42,0.8399192356938837,0.013215243195944104,2026,0.8595489018024228,0.012595833316182675,140.06666666666666,64.0,0.8531468531468531,0.8741258741258742,0.8661971830985915,0.8943661971830986,0.8098591549295775,0.8181818181818182,0.8391608391608392,0.8591549295774648,0.8450704225352113,0.8380281690140845,0.8531468531468531,0.8671328671328671,0.8380281690140845,0.8732394366197183,0.8661971830985915,0.8015965001394316,0.11992751124367627,2,0.11942958101297067,0.5163902318737421,0.8037847923765933,COMPLETE
95,0.8530023966643684,0.00931548323316889,0.02395237233441758,12648430,0.8581306017925737,0.03348292271003026,42,0.8399290849995074,0.01382519773894607,2026,0.8609475032010241,0.012188992247538288,223.6,101.0,0.8461538461538461,0.8811188811188811,0.8591549295774648,0.9014084507042254,0.8028169014084507,0.8181818181818182,0.8321678321678322,0.8591549295774648,0.8450704225352113,0.8450704225352113,0.8601398601398601,0.8671328671328671,0.8380281690140845,0.8732394366197183,0.8661971830985915,0.8847337408860362,0.10105451331809719,2,0.19893084893450233,0.9360784522626073,0.851663588485418,COMPLETE
77,0.8525493286056666,0.009905863201278514,0.024738022521710614,12648430,0.859539052496799,0.02991628939800764,42,0.8385403329065302,0.02034866541908795,2026,0.8595686004136708,0.01524724046781316,229.6,86.0,0.8531468531468531,0.8741258741258742,0.8591549295774648,0.9014084507042254,0.8098591549295775,0.8041958041958042,0.8321678321678322,0.8591549295774648,0.8591549295774648,0.8380281690140845,0.8531468531468531,0.8531468531468531,0.8380281690140845,0.8732394366197183,0.8802816901408451,0.822114288744949,0.10278707609814274,2,0.1197144437104039,0.9806467162986992,0.8748723662583475,COMPLETE
67,0.852546045503792,0.009079172339687082,0.023108488907771636,12648430,0.8609573525066482,0.02932212227551283,42,0.8399389343051314,0.019089072350707476,2026,0.8567418496995961,0.01142510961566345,251.66666666666666,216.0,0.8531468531468531,0.8671328671328671,0.8591549295774648,0.9084507042253521,0.8169014084507042,0.8041958041958042,0.8391608391608392,0.8591549295774648,0.852112676056338,0.8450704225352113,0.8601398601398601,0.8531468531468531,0.8380281690140845,0.8591549295774648,0.8732394366197183,0.9758509839184598,0.09719505001160465,2,0.13512880251217588,0.5881723844960437,0.8793190725051008,COMPLETE
87,0.852546045503792,0.009903547413363611,0.02566907556484401,12648430,0.859529203191175,0.030928428755502183,42,0.83854033290653,0.022213003394122577,2026,0.8595686004136708,0.01524724046781316,321.26666666666665,155.0,0.8531468531468531,0.8811188811188811,0.852112676056338,0.9014084507042254,0.8098591549295775,0.8041958041958042,0.8321678321678322,0.8591549295774648,0.8661971830985915,0.8309859154929577,0.8531468531468531,0.8531468531468531,0.8380281690140845,0.8802816901408451,0.8732394366197183,0.8471228153592747,0.055894337570050495,2,0.18929764132790072,1.5164684893206362,0.8559254976748678,COMPLETE
82,0.8525427624019173,0.008923573567139324,0.023959236222189807,12648430,0.8595390524967991,0.02785606519541788,42,0.8399487836107553,0.021910554631955723,2026,0.8581404510981976,0.015073544141188248,199.46666666666667,150.0,0.8531468531468531,0.8741258741258742,0.852112676056338,0.9014084507042254,0.8169014084507042,0.8041958041958042,0.8321678321678322,0.8591549295774648,0.8661971830985915,0.8380281690140845,0.8671328671328671,0.8531468531468531,0.8309859154929577,0.8732394366197183,0.8661971830985915,0.8005067959631836,0.09943867098445058,2,0.17724064047625498,1.377502177146382,0.841924198693173,COMPLETE
89,0.8525427624019173,0.009966388804433936,0.023396813994797802,12648430,0.8609376538954002,0.024624709895500897,42,0.8385403329065302,0.024343462964396528,2026,0.8581503004038215,0.012052612637164156,234.8,70.0,0.8531468531468531,0.8811188811188811,0.852112676056338,0.8943661971830986,0.823943661971831,0.8041958041958042,0.8321678321678322,0.8661971830985915,0.8661971830985915,0.823943661971831,0.8601398601398601,0.8531468531468531,0.8380281690140845,0.8732394366197183,0.8661971830985915,0.852382805800696,0.07815809668357451,2,0.09323293674148507,0.7136299283795486,0.8191535140136591,COMPLETE
54,0.8525427624019173,0.009973767384832374,0.021502806999068234,12648430,0.8609475032010243,0.02576410802162261,42,0.8385304836009062,0.016722119645724485,2026,0.8581503004038215,0.012052612637164156,158.53333333333333,90.0,0.8531468531468531,0.8741258741258742,0.8661971830985915,0.8943661971830986,0.8169014084507042,0.8111888111888111,0.8321678321678322,0.8591549295774648,0.852112676056338,0.8380281690140845,0.8601398601398601,0.8531468531468531,0.8380281690140845,0.8661971830985915,0.8732394366197183,0.8389268668591168,0.11076930659197552,2,0.1695319883265959,0.5474297053004403,0.8349895119783222,COMPLETE
12,0.8525394793000428,0.00792794396745829,0.02229760882054684,12648430,0.8581306017925737,0.030066615061938164,42,0.841327686398109,0.01403880236136285,2026,0.8581601497094455,0.014209288429219001,206.26666666666668,85.0,0.8531468531468531,0.8741258741258742,0.852112676056338,0.9014084507042254,0.8098591549295775,0.8181818181818182,0.8391608391608392,0.8591549295774648,0.852112676056338,0.8380281690140845,0.8531468531468531,0.8531468531468531,0.8380281690140845,0.8661971830985915,0.8802816901408451,0.8080089920128805,0.11919768915487781,2,0.13281325549856526,0.5550376233612517,0.8008322226022031,COMPLETE
22,0.8525394793000426,0.00893490128298995,0.02151993015388138,12648430,0.859539052496799,0.023616724914470116,42,0.8399290849995076,0.021137871974401486,2026,0.8581503004038215,0.012052612637164156,186.06666666666666,179.0,0.8531468531468531,0.8741258741258742,0.852112676056338,0.8943661971830986,0.823943661971831,0.8041958041958042,0.8461538461538461,0.8661971830985915,0.852112676056338,0.8309859154929577,0.8601398601398601,0.8531468531468531,0.8380281690140845,0.8732394366197183,0.8661971830985915,0.86665234455693,0.1077494774365671,2,0.09256182328326425,0.6219887651562502,0.817411455749755,COMPLETE
76,0.852536196198168,0.009976534701228149,0.02429629458324488,12648430,0.8609475032010243,0.031950919731234005,42,0.8385206342952822,0.014975414947336336,2026,0.8581404510981976,0.015073544141188248,229.86666666666667,127.0,0.8531468531468531,0.8741258741258742,0.8591549295774648,0.9084507042253521,0.8098591549295775,0.8181818181818182,0.8321678321678322,0.8591549295774648,0.852112676056338,0.8309859154929577,0.8671328671328671,0.8531468531468531,0.8309859154929577,0.8732394366197183,0.8661971830985915,0.8355391062748365,0.11091655623655128,2,0.16506863149182727,1.0712627932503604,0.8512732206281004,COMPLETE
49,0.8520831281394661,0.009731755270011683,0.02683755838416276,12648430,0.8567320003939722,0.03469133774440552,42,0.83854033290653,0.022213003394122577,2026,0.8609770511178961,0.0134065657004365,259.4,63.0,0.8461538461538461,0.8741258741258742,0.852112676056338,0.9084507042253521,0.8028169014084507,0.8041958041958042,0.8321678321678322,0.8591549295774648,0.8661971830985915,0.8309859154929577,0.8531468531468531,0.8531468531468531,0.8450704225352113,0.8802816901408451,0.8732394366197183,0.83302854059653,0.06488663074478489,2,0.07035312156707853,1.3595846061182875,0.8612304876552502,COMPLETE
65,0.8520798450375914,0.010638239011673913,0.02259211635233305,12648430,0.8609573525066484,0.024934691664269266,42,0.8371220328966809,0.019191886960569428,2026,0.8581601497094453,0.014199556419976821,140.6,102.0,0.8531468531468531,0.8671328671328671,0.8591549295774648,0.9014084507042254,0.823943661971831,0.8111888111888111,0.8321678321678322,0.8591549295774648,0.8591549295774648,0.823943661971831,0.8601398601398601,0.8461538461538461,0.8380281690140845,0.8732394366197183,0.8732394366197183,0.8030250403963343,0.11216567247463725,2,0.13312682806491555,0.5342673470225302,0.8411001382234743,COMPLETE
66,0.8520765619357169,0.007608129406798766,0.02290499358302813,12648430,0.8581404510981976,0.0293599457862387,42,0.8413473850093569,0.018121159238684854,2026,0.8567418496995962,0.01448732084200667,189.8,129.0,0.8531468531468531,0.8671328671328671,0.8591549295774648,0.9014084507042254,0.8098591549295775,0.8111888111888111,0.8321678321678322,0.8591549295774648,0.8591549295774648,0.8450704225352113,0.8601398601398601,0.8531468531468531,0.8309859154929577,0.8732394366197183,0.8661971830985915,0.8386143733939594,0.10708564312138096,2,0.09650035427067225,0.7046637161544759,0.8510585645964867,COMPLETE
81,0.8520732788338422,0.0077993109974403224,0.019356355656098233,12648430,0.8553333989953709,0.023403027923664707,42,0.841317837092485,0.015514091475877184,2026,0.8595686004136709,0.012374530554085834,286.73333333333335,243.0,0.8461538461538461,0.8671328671328671,0.8591549295774648,0.8873239436619719,0.8169014084507042,0.8251748251748252,0.8391608391608392,0.8591549295774648,0.8591549295774648,0.823943661971831,0.8531468531468531,0.8531468531468531,0.8450704225352113,0.8802816901408451,0.8661971830985915,0.8100360600834093,0.10818692455414776,2,0.18638888639254503,1.7164846158771052,0.8303469564912098,COMPLETE
92,0.8520732788338422,0.011575578449377804,0.024169135057038563,12648430,0.8595390524967991,0.02785606519541788,42,0.8357234314980794,0.019218324938671726,2026,0.8609573525066484,0.014323227195128635,177.86666666666667,116.0,0.8531468531468531,0.8741258741258742,0.852112676056338,0.9014084507042254,0.8169014084507042,0.8041958041958042,0.8321678321678322,0.8591549295774648,0.852112676056338,0.8309859154929577,0.8671328671328671,0.8531468531468531,0.8380281690140845,0.8802816901408451,0.8661971830985915,0.818568800513064,0.10656877116577754,2,0.17921175677963885,1.5189293065780947,0.8375992067506305,COMPLETE
99,0.8520732788338421,0.012765188998001277,0.023473233861598164,12648430,0.8581404510981976,0.022006082063028266,42,0.8343149807938539,0.02074364312808494,2026,0.8637644046094749,0.01579751864406807,248.33333333333334,86.0,0.8461538461538461,0.8741258741258742,0.8591549295774648,0.8873239436619719,0.823943661971831,0.8041958041958042,0.8321678321678322,0.8661971830985915,0.8450704225352113,0.823943661971831,0.8671328671328671,0.8601398601398601,0.8380281690140845,0.8873239436619719,0.8661971830985915,0.8080520561712367,0.0980838009240972,2,0.14993210563648413,1.676193931832192,0.8001375539410266,COMPLETE
11,0.8520634295282182,0.008587250284938515,0.019582688554577107,12648430,0.8581207524869496,0.023867125484105276,42,0.8399192356938837,0.014639580610543618,2026,0.8581503004038215,0.012052612637164156,155.46666666666667,79.0,0.8601398601398601,0.8741258741258742,0.852112676056338,0.8873239436619719,0.8169014084507042,0.8181818181818182,0.8391608391608392,0.8591549295774648,0.852112676056338,0.8309859154929577,0.8601398601398601,0.8531468531468531,0.8380281690140845,0.8732394366197183,0.8661971830985915,0.80714362730565,0.11931552736610178,2,0.13682929742756514,0.541665175552895,0.800217713284627,COMPLETE
94,0.8516103614695164,0.009241906701908253,0.02391947486222251,12648430,0.8581404510981976,0.0286618618275981,42,0.83854033290653,0.022213003394122577,2026,0.8581503004038215,0.012052612637164156,191.0,109.0,0.8461538461538461,0.8741258741258742,0.8661971830985915,0.8943661971830986,0.8098591549295775,0.8041958041958042,0.8321678321678322,0.8591549295774648,0.8661971830985915,0.8309859154929577,0.8601398601398601,0.8531468531468531,0.8380281690140845,0.8732394366197183,0.8661971830985915,0.8110146024507962,0.10486691260287305,2,0.13841814715767173,1.5816004275148154,0.8254124699837448,COMPLETE
17,0.8516103614695164,0.009338371082187468,0.023813767562636836,12648430,0.8595489018024229,0.028153512660087195,42,0.8385009356840343,0.011500497332278446,2026,0.856781246922092,0.022688969548759683,124.26666666666667,48.0,0.8461538461538461,0.8741258741258742,0.8591549295774648,0.9014084507042254,0.8169014084507042,0.8251748251748252,0.8391608391608392,0.8591549295774648,0.8309859154929577,0.8380281690140845,0.8461538461538461,0.8391608391608392,0.8309859154929577,0.8873239436619719,0.8802816901408451,0.8296931618694472,0.09031933517169023,3,0.15617957303037924,0.6429405278757293,0.8333827141164094,COMPLETE
25,0.8516070783676417,0.010258827108116502,0.023107021436259936,12648430,0.8581404510981976,0.02725770374402258,42,0.8371220328966809,0.01916305363309175,2026,0.8595587511080469,0.013261511230738217,278.46666666666664,255.0,0.8531468531468531,0.8671328671328671,0.852112676056338,0.9014084507042254,0.8169014084507042,0.8041958041958042,0.8391608391608392,0.8591549295774648,0.852112676056338,0.8309859154929577,0.8601398601398601,0.8531468531468531,0.8380281690140845,0.8732394366197183,0.8732394366197183,0.8180154585724806,0.09834614090342504,2,0.17757365109062742,1.1233232379349893,0.8806064288467882,COMPLETE
16,0.8516070783676417,0.011231437290526393,0.024613855956806582,12648430,0.859539052496799,0.029564186728548637,42,0.8357234314980794,0.019218324938671726,2026,0.8595587511080469,0.01398946081824906,160.4,53.0,0.8461538461538461,0.8811188811188811,0.8661971830985915,0.8943661971830986,0.8098591549295775,0.8041958041958042,0.8321678321678322,0.8591549295774648,0.852112676056338,0.8309859154929577,0.8601398601398601,0.8531468531468531,0.8380281690140845,0.8802816901408451,0.8661971830985915,0.8996134086890346,0.10323765185893659,2,0.0928217155079002,0.6876183803020144,0.8439478394631621,COMPLETE
64,0.8516037952657672,0.006283560232577617,0.022835062765645397,12648430,0.8553137003841229,0.02630441423705527,42,0.8427558357135823,0.023325226974453297,2026,0.8567418496995962,0.014487320842006669,343.73333333333335,228.0,0.8531468531468531,0.8741258741258742,0.852112676056338,0.8873239436619719,0.8098591549295775,0.8041958041958042,0.8391608391608392,0.8732394366197183,0.8591549295774648,0.8380281690140845,0.8601398601398601,0.8531468531468531,0.8309859154929577,0.8661971830985915,0.8732394366197183,0.8146967339495622,0.050095313623518954,2,0.15544900417180268,0.5733134840768424,0.8675861936142274,COMPLETE
24,0.8516037952657672,0.009328317977709564,0.024533555134199445,12648430,0.8595489018024229,0.03477361479930719,42,0.8385107849896583,0.013707827496240195,2026,0.8567516990052202,0.012145971052631363,191.2,184.0,0.8461538461538461,0.8741258741258742,0.8661971830985915,0.9084507042253521,0.8028169014084507,0.8181818181818182,0.8391608391608392,0.8591549295774648,0.8450704225352113,0.8309859154929577,0.8531468531468531,0.8531468531468531,0.8380281690140845,0.8732394366197183,0.8661971830985915,0.8988229308558888,0.11208843804771103,2,0.14019675560047204,0.7655357634170271,0.8634932479051668,COMPLETE
57,0.8516037952657672,0.010256737090089773,0.02179800401792629,12648430,0.8581306017925737,0.02539704905121788,42,0.8371220328966809,0.016999387920097576,2026,0.8595587511080469,0.013261511230738217,220.86666666666667,163.0,0.8461538461538461,0.8811188811188811,0.8591549295774648,0.8873239436619719,0.8169014084507042,0.8111888111888111,0.8321678321678322,0.8591549295774648,0.852112676056338,0.8309859154929577,0.8531468531468531,0.8601398601398601,0.8380281690140845,0.8732394366197183,0.8732394366197183,0.8340711566737554,0.10942588545264503,2,0.14776246192334275,0.5956113577362696,0.8091045843772072,COMPLETE
43,0.851603795265767,0.00826054137584567,0.02282295207088038,12648430,0.8581207524869496,0.027337634466301115,42,0.8399487836107553,0.023652097998470067,2026,0.8567418496995962,0.007154285029310059,200.66666666666666,86.0,0.8531468531468531,0.8811188811188811,0.8450704225352113,0.8943661971830986,0.8169014084507042,0.8041958041958042,0.8321678321678322,0.8661971830985915,0.8661971830985915,0.8309859154929577,0.8601398601398601,0.8531468531468531,0.8450704225352113,0.8591549295774648,0.8661971830985915,0.8712376836905318,0.06648010417266839,2,0.1819141929675976,1.0279627500695432,0.8129705848760549,COMPLETE
9,0.8515972290620177,0.008292040394265628,0.02563367565199814,12648430,0.8567320003939722,0.0338349868971649,42,0.8398995370826355,0.012675294849802505,2026,0.8581601497094455,0.02143624833627335,149.73333333333332,135.0,0.8531468531468531,0.8671328671328671,0.852112676056338,0.9084507042253521,0.8028169014084507,0.8181818181818182,0.8531468531468531,0.852112676056338,0.8380281690140845,0.8380281690140845,0.8601398601398601,0.8461538461538461,0.823943661971831,0.8802816901408451,0.8802816901408451,0.8492423945379517,0.09638926365708868,3,0.03776654511293329,1.1996120197012092,0.9972948146980465,COMPLETE
97,0.8515906628582685,0.009327498700859154,0.019692756607233197,12648430,0.8567221510883483,0.02391267799281653,42,0.8385009356840343,0.013112440909853564,2026,0.8595489018024228,0.012595833316182675,226.86666666666667,157.0,0.8531468531468531,0.8741258741258742,0.852112676056338,0.8873239436619719,0.8169014084507042,0.8251748251748252,0.8391608391608392,0.8591549295774648,0.8450704225352113,0.823943661971831,0.8671328671328671,0.8531468531468531,0.8380281690140845,0.8732394366197183,0.8661971830985915,0.8184206954845071,0.11449073112769514,2,0.16737168590958187,0.7518507579740386,0.8354615429643678,COMPLETE
75,0.8511408779014413,0.008005174583526937,0.023993270141588856,12648430,0.8553235496897468,0.027370959829719495,42,0.8399389343051314,0.018050593232589635,2026,0.8581601497094455,0.02144269614285975,177.93333333333334,49.0,0.8531468531468531,0.8671328671328671,0.852112676056338,0.8943661971830986,0.8098591549295775,0.8111888111888111,0.8321678321678322,0.8591549295774648,0.8591549295774648,0.8380281690140845,0.8531468531468531,0.8531468531468531,0.823943661971831,0.8732394366197183,0.8873239436619719,0.8280764010936871,0.11401017228538562,2,0.07431901389761746,0.8182632560026524,0.8666337191178672,COMPLETE
5,0.8511408779014413,0.008928724968925448,0.026210354253194134,12648430,0.8567320003939722,0.0338349868971649,42,0.8385403329065302,0.023058833704435355,2026,0.8581503004038215,0.012052612637164156,253.53333333333333,92.0,0.8531468531468531,0.8671328671328671,0.852112676056338,0.9084507042253521,0.8028169014084507,0.7972027972027972,0.8391608391608392,0.8661971830985915,0.852112676056338,0.8380281690140845,0.8601398601398601,0.8531468531468531,0.8380281690140845,0.8661971830985915,0.8732394366197183,0.9652233563157909,0.07355251777035711,2,0.06597911488366533,1.5623295097256118,0.9488312778810761,COMPLETE
45,0.8511408779014412,0.007997702205783143,0.02269897413316666,12648430,0.8553235496897468,0.02842273769652059,42,0.8399487836107553,0.021910554631955723,2026,0.8581503004038215,0.008118875287391334,224.2,110.0,0.8461538461538461,0.8741258741258742,0.852112676056338,0.8943661971830986,0.8098591549295775,0.8041958041958042,0.8321678321678322,0.8591549295774648,0.8661971830985915,0.8380281690140845,0.8601398601398601,0.8531468531468531,0.8450704225352113,0.8661971830985915,0.8661971830985915,0.886106991774916,0.07858524691148688,2,0.1628025180207245,0.8644153691732167,0.8493987942360294,COMPLETE
2,0.8511408779014412,0.0109095583271003,0.025691868357396185,12648430,0.859539052496799,0.032153471171580315,42,0.8357332808037032,0.02107248752855109,2026,0.8581503004038215,0.012052612637164156,253.06666666666666,206.0,0.8531468531468531,0.8741258741258742,0.852112676056338,0.9084507042253521,0.8098591549295775,0.7972027972027972,0.8321678321678322,0.8591549295774648,0.8450704225352113,0.8450704225352113,0.8601398601398601,0.8531468531468531,0.8380281690140845,0.8661971830985915,0.8732394366197183,0.9168475153358504,0.0675523127923878,2,0.11477578576704822,0.8770301690749795,0.9730113443543256,COMPLETE
20,0.8511375947995666,0.010915042382892518,0.02371780963988298,12648430,0.8581306017925737,0.028017447030534263,42,0.8357234314980794,0.019218324938671726,2026,0.8595587511080469,0.013261511230738217,225.86666666666667,132.0,0.8531468531468531,0.8741258741258742,0.8591549295774648,0.8943661971830986,0.8098591549295775,0.8041958041958042,0.8321678321678322,0.8591549295774648,0.852112676056338,0.8309859154929577,0.8601398601398601,0.8531468531468531,0.8380281690140845,0.8732394366197183,0.8732394366197183,0.83120293835207,0.09417795418912624,2,0.01723530420950821,1.3896518826977378,0.8552576345178815,COMPLETE
48,0.8511375947995665,0.01091504238289246,0.025852149002474567,12648430,0.8581306017925737,0.03437621292922434,42,0.8357234314980794,0.019218324938671726,2026,0.8595587511080467,0.00982437502712923,222.26666666666668,58.0,0.8531468531468531,0.8741258741258742,0.852112676056338,0.9084507042253521,0.8028169014084507,0.8041958041958042,0.8321678321678322,0.8591549295774648,0.852112676056338,0.8309859154929577,0.8601398601398601,0.8531468531468531,0.8450704225352113,0.8732394366197183,0.8661971830985915,0.913292530511679,0.06957285619525558,2,0.11096857326567726,1.0311248378375666,0.8389136348664027,COMPLETE
98,0.8511375947995665,0.011033863120932273,0.023153503312255373,12648430,0.8567418496995962,0.025411628437965465,42,0.8357234314980794,0.021182382984397362,2026,0.8609475032010241,0.012188992247538288,179.26666666666668,67.0,0.8461538461538461,0.8671328671328671,0.8591549295774648,0.8943661971830986,0.8169014084507042,0.8041958041958042,0.8321678321678322,0.8591549295774648,0.8591549295774648,0.823943661971831,0.8671328671328671,0.8601398601398601,0.8380281690140845,0.8732394366197183,0.8661971830985915,0.8426766041593078,0.10371253058267328,2,0.17285315183447683,1.4526229960868653,0.8322896680599148,COMPLETE
35,0.851134311697692,0.00793026037139673,0.022323430856852487,12648430,0.8567320003939722,0.02840320822107667,42,0.8399192356938837,0.01590239251228379,2026,0.85675169900522,0.015707045620453365,230.06666666666666,147.0,0.8461538461538461,0.8741258741258742,0.8591549295774648,0.8943661971830986,0.8098591549295775,0.8111888111888111,0.8461538461538461,0.8591549295774648,0.8450704225352113,0.8380281690140845,0.8531468531468531,0.8531468531468531,0.8309859154929577,0.8732394366197183,0.8732394366197183,0.8427888202706514,0.09984157479585767,2,0.10646882880868813,0.7955323081214966,0.8686492753834838,COMPLETE
18,0.8511310285958174,0.008011485711434008,0.02097865464536296,12648430,0.8553235496897468,0.02842273769652059,42,0.8399192356938837,0.013215243195944104,2026,0.8581503004038215,0.012052612637164156,181.0,213.0,0.8461538461538461,0.8741258741258742,0.852112676056338,0.8943661971830986,0.8098591549295775,0.8181818181818182,0.8391608391608392,0.8591549295774648,0.8450704225352113,0.8380281690140845,0.8601398601398601,0.8531468531468531,0.8380281690140845,0.8732394366197183,0.8661971830985915,0.8808653061653643,0.10829572029046829,2,0.09201961955047569,0.6233286991850836,0.8622808538943632,COMPLETE
68,0.8511310285958174,0.010172097645266415,0.02172906881693225,12648430,0.855303851078499,0.025962915346229076,42,0.8371220328966809,0.016999387920097576,2026,0.8609672018122723,0.011957860197585985,133.13333333333333,69.0,0.8531468531468531,0.8811188811188811,0.852112676056338,0.8802816901408451,0.8098591549295775,0.8111888111888111,0.8321678321678322,0.8591549295774648,0.852112676056338,0.8309859154929577,0.8601398601398601,0.8531468531468531,0.8450704225352113,0.8802816901408451,0.8661971830985915,0.832722732009721,0.11656060410520812,2,0.1094881723974847,0.7466310861490106,0.8305644976163107,COMPLETE
73,0.8511310285958172,0.011030531457842782,0.02510023261102803,12648430,0.8567221510883483,0.03173533697941214,42,0.8357234314980794,0.019218324938671726,2026,0.8609475032010241,0.012188992247538288,192.86666666666667,103.0,0.8461538461538461,0.8811188811188811,0.8450704225352113,0.9014084507042254,0.8098591549295775,0.8041958041958042,0.8321678321678322,0.8591549295774648,0.852112676056338,0.8309859154929577,0.8671328671328671,0.8601398601398601,0.8380281690140845,0.8732394366197183,0.8661971830985915,0.877327226597909,0.09576245406299815,2,0.061515434305179015,0.6859948531994208,0.8369759392781225,COMPLETE
59,0.8511277454939427,0.00801492653927831,0.023258108674182886,12648430,0.8581404510981976,0.031636494015727754,42,0.8399093863882596,0.011784083983756443,2026,0.8553333989953706,0.01704022670233045,269.2,227.0,0.8531468531468531,0.8671328671328671,0.852112676056338,0.9084507042253521,0.8098591549295775,0.8251748251748252,0.8391608391608392,0.8591549295774648,0.8450704225352113,0.8309859154929577,0.8601398601398601,0.8531468531468531,0.823943661971831,0.8732394366197183,0.8661971830985915,0.8651799868672859,0.10518952715772831,2,0.10053637149088394,0.7892461438248957,0.8557136871582591,COMPLETE
52,0.8511277454939427,0.010928951543884248,0.02068533180506013,12648430,0.8581306017925737,0.023806861734029027,42,0.8356938835812076,0.012761317741600482,2026,0.8595587511080469,0.01398946081824906,182.53333333333333,82.0,0.8531468531468531,0.8741258741258742,0.8591549295774648,0.8873239436619719,0.8169014084507042,0.8181818181818182,0.8391608391608392,0.852112676056338,0.8450704225352113,0.823943661971831,0.8601398601398601,0.8531468531468531,0.8380281690140845,0.8802816901408451,0.8661971830985915,0.8258969767130435,0.11557529908092377,2,0.14047991361063122,0.5643472580000547,0.817762861477794,COMPLETE
71,0.8506713943333661,0.008655234193100863,0.022891683910936336,12648430,0.8553235496897468,0.026620769125883046,42,0.83854033290653,0.022213003394122577,2026,0.8581503004038215,0.012052612637164156,183.73333333333332,85.0,0.8461538461538461,0.8741258741258742,0.8591549295774648,0.8873239436619719,0.8098591549295775,0.8041958041958042,0.8321678321678322,0.8591549295774648,0.8661971830985915,0.8309859154929577,0.8531468531468531,0.8601398601398601,0.8380281690140845,0.8732394366197183,0.8661971830985915,0.8569001128043506,0.09412303937725372,2,0.010382494636196553,0.9659455782680529,0.8460829449309507,COMPLETE
91,0.8506713943333661,0.009598084178731002,0.022756922893012076,12648430,0.8567418496995962,0.025411628437965465,42,0.8371220328966809,0.01916305363309175,2026,0.8581503004038215,0.016256982332385775,197.2,141.0,0.8461538461538461,0.8671328671328671,0.8591549295774648,0.8943661971830986,0.8169014084507042,0.8041958041958042,0.8391608391608392,0.8591549295774648,0.852112676056338,0.8309859154929577,0.8531468531468531,0.8601398601398601,0.8309859154929577,0.8802816901408451,0.8661971830985915,0.8053167944664166,0.10883229238333478,2,0.17736556368977674,1.290298775871598,0.8288927283656801,COMPLETE
74,0.8506713943333661,0.01057677345384377,0.025101888003719434,12648430,0.8581404510981976,0.03034285735945067,42,0.8357135821924555,0.018246380305684252,2026,0.8581601497094453,0.01735196089715457,213.2,101.0,0.8461538461538461,0.8741258741258742,0.8591549295774648,0.9014084507042254,0.8098591549295775,0.8041958041958042,0.8391608391608392,0.8591549295774648,0.8450704225352113,0.8309859154929577,0.8531468531468531,0.8531468531468531,0.8309859154929577,0.8732394366197183,0.8802816901408451,0.9049129764283412,0.0922738087616377,2,0.045727831153842394,1.1670830617710453,0.8582643357660393,COMPLETE
93,0.8506681112314914,0.010629873710034585,0.022034965705880788,12648430,0.8567320003939722,0.02301844887474231,42,0.8357234314980794,0.01815679888426685,2026,0.8595489018024228,0.016066056186299537,171.66666666666666,137.0,0.8531468531468531,0.8671328671328671,0.8591549295774648,0.8873239436619719,0.8169014084507042,0.8041958041958042,0.8321678321678322,0.8591549295774648,0.8450704225352113,0.8380281690140845,0.8601398601398601,0.8601398601398601,0.8309859154929577,0.8802816901408451,0.8661971830985915,0.8231602982819369,0.11082075701942942,2,0.18445396964058974,1.8568076065625443,0.8432996815556236,COMPLETE
28,0.8506681112314914,0.011577300042949785,0.02484422781640851,12648430,0.859539052496799,0.03119659927351274,42,0.8343149807938539,0.018196484850478718,2026,0.8581503004038215,0.012052612637164156,161.0,67.0,0.8461538461538461,0.8811188811188811,0.8591549295774648,0.9014084507042254,0.8098591549295775,0.8041958041958042,0.8321678321678322,0.8591549295774648,0.8450704225352113,0.8309859154929577,0.8601398601398601,0.8531468531468531,0.8380281690140845,0.8732394366197183,0.8661971830985915,0.8144445463436769,0.11215227339892656,2,0.1053824921592174,0.8277037671824798,0.8146004688643569,COMPLETE
88,0.8506681112314914,0.011577300042949813,0.0240324985814823,12648430,0.8595390524967991,0.029226765182930572,42,0.8343149807938539,0.018196484850478718,2026,0.8581503004038215,0.012052612637164156,227.86666666666667,95.0,0.8461538461538461,0.8811188811188811,0.852112676056338,0.9014084507042254,0.8169014084507042,0.8041958041958042,0.8321678321678322,0.8591549295774648,0.8450704225352113,0.8309859154929577,0.8531468531468531,0.8601398601398601,0.8380281690140845,0.8661971830985915,0.8732394366197183,0.836536469425741,0.08700531087968269,2,0.14415001404874017,0.5699052959152124,0.8059597015368055,COMPLETE
42,0.850664828129617,0.008651709147191532,0.024855094340605444,12648430,0.855303851078499,0.029871117249963632,42,0.8385403329065302,0.024315053226258636,2026,0.8581503004038215,0.012052612637164156,279.6,145.0,0.8531468531468531,0.8811188811188811,0.852112676056338,0.8873239436619719,0.8028169014084507,0.7972027972027972,0.8391608391608392,0.8661971830985915,0.8591549295774648,0.8309859154929577,0.8601398601398601,0.8531468531468531,0.8380281690140845,0.8661971830985915,0.8732394366197183,0.9308233960841141,0.059993615055484346,2,0.19392909656793103,0.8253136259247953,0.8407229241285905,COMPLETE
29,0.8506648281296169,0.007446287842308354,0.022808943338360473,12648430,0.859539052496799,0.025630769886942486,42,0.841317837092485,0.016677826624638348,2026,0.8511375947995665,0.021431654505128475,185.06666666666666,139.0,0.8531468531468531,0.8741258741258742,0.8591549295774648,0.8943661971830986,0.8169014084507042,0.8111888111888111,0.8531468531468531,0.8591549295774648,0.8450704225352113,0.8380281690140845,0.8531468531468531,0.8391608391608392,0.8169014084507042,0.8732394366197183,0.8732394366197183,0.9906625190801395,0.0994468969581894,3,0.08153953895629998,1.097674368147906,0.8718466499553279,COMPLETE
55,0.8506648281296169,0.007620617657075065,0.02116534425151291,12648430,0.8553235496897468,0.02842273769652059,42,0.8399192356938837,0.014639580610543618,2026,0.8567516990052202,0.012145971052631363,286.4,105.0,0.8461538461538461,0.8741258741258742,0.852112676056338,0.8943661971830986,0.8098591549295775,0.8181818181818182,0.8391608391608392,0.8591549295774648,0.852112676056338,0.8309859154929577,0.8531468531468531,0.8531468531468531,0.8380281690140845,0.8732394366197183,0.8661971830985915,0.8126941122179935,0.0699564913365907,2,0.08616928348816044,0.6493518106400072,0.8209417686761912,COMPLETE
85,0.8506648281296169,0.01255701361019656,0.024734760534945416,12648430,0.859539052496799,0.025630769886942486,42,0.8329065300896286,0.020682697566876216,2026,0.8595489018024228,0.01666370367304434,246.33333333333334,143.0,0.8531468531468531,0.8741258741258742,0.8591549295774648,0.8943661971830986,0.8169014084507042,0.8041958041958042,0.8321678321678322,0.8591549295774648,0.852112676056338,0.8169014084507042,0.8671328671328671,0.8531468531468531,0.8309859154929577,0.8802816901408451,0.8661971830985915,0.8298861489356021,0.10312507561946334,2,0.19996333529175286,2.3303956714349,0.8355310228067067,COMPLETE
30,0.8506615450277422,0.009987255261685023,0.024886331473159818,12648430,0.8539150989855214,0.02975185865083608,42,0.8371318822023047,0.020577799519698525,2026,0.8609376538954002,0.015815617387176257,218.2,164.0,0.8531468531468531,0.8671328671328671,0.852112676056338,0.8943661971830986,0.8028169014084507,0.8041958041958042,0.8321678321678322,0.8591549295774648,0.8591549295774648,0.8309859154929577,0.8741258741258742,0.8601398601398601,0.8309859154929577,0.8732394366197183,0.8661971830985915,0.8408785553945801,0.1027782037216378,2,0.12141982177499644,2.10716820311282,0.8934552968298712,COMPLETE
46,0.8502051938671658,0.008428398417864453,0.022325014049606077,12648430,0.8539150989855215,0.024629677092581483,42,0.8385403329065302,0.022213003394122577,2026,0.8581601497094453,0.013493203615243013,247.4,143.0,0.8461538461538461,0.8741258741258742,0.8450704225352113,0.8873239436619719,0.8169014084507042,0.8041958041958042,0.8321678321678322,0.8661971830985915,0.8591549295774648,0.8309859154929577,0.8531468531468531,0.8531468531468531,0.8380281690140845,0.8732394366197183,0.8732394366197183,0.8095927142652675,0.0562819686925495,2,0.12303966359090852,0.5672567178901402,0.8295707533486673,COMPLETE
60,0.8502051938671658,0.01038176720896366,0.023053600053332027,12648430,0.8595390524967991,0.02785606519541788,42,0.8357234314980794,0.02022421027316096,2026,0.8553530976066186,0.00927809817630918,216.0,127.0,0.8531468531468531,0.8741258741258742,0.852112676056338,0.9014084507042254,0.8169014084507042,0.8041958041958042,0.8321678321678322,0.8661971830985915,0.8450704225352113,0.8309859154929577,0.8531468531468531,0.8461538461538461,0.8450704225352113,0.8661971830985915,0.8661971830985915,0.8461733100170185,0.0743976129475081,2,0.1309780770593337,0.858928257958142,0.8329739994134848,COMPLETE
50,0.850201910765291,0.008443289120943602,0.023815695676271276,12648430,0.8581503004038215,0.02931568676366579,42,0.8385107849896583,0.011331042894618842,2026,0.8539446469023932,0.02235827955343839,116.93333333333334,80.0,0.8531468531468531,0.8601398601398601,0.8661971830985915,0.9014084507042254,0.8098591549295775,0.8181818181818182,0.8391608391608392,0.852112676056338,0.8380281690140845,0.8450704225352113,0.8531468531468531,0.8461538461538461,0.8169014084507042,0.8732394366197183,0.8802816901408451,0.8208808611314758,0.08613821530610587,3,0.17117717909736951,0.6347139055333866,0.9302267253048913,COMPLETE
27,0.850201910765291,0.00932552243375382,0.02222173172942998,12648430,0.8581404510981976,0.02612739915085356,42,0.8371121835910568,0.01159303856727867,2026,0.8553530976066186,0.02008682273448179,100.26666666666667,42.0,0.8461538461538461,0.8741258741258742,0.8591549295774648,0.8943661971830986,0.8169014084507042,0.8181818181818182,0.8321678321678322,0.852112676056338,0.8380281690140845,0.8450704225352113,0.8531468531468531,0.8461538461538461,0.823943661971831,0.8802816901408451,0.8732394366197183,0.8374393656472382,0.09377423773992792,3,0.1282290176236729,0.5992936905836339,0.9246899743821806,COMPLETE
7,0.8501986276634165,0.008290925011815125,0.023420762862542535,12648430,0.8567418496995962,0.028010929954314565,42,0.8385009356840343,0.009622201991492692,2026,0.8553530976066186,0.023710316709506987,172.93333333333334,110.0,0.8461538461538461,0.8671328671328671,0.8661971830985915,0.8943661971830986,0.8098591549295775,0.8251748251748252,0.8391608391608392,0.852112676056338,0.8309859154929577,0.8450704225352113,0.8461538461538461,0.8531468531468531,0.8169014084507042,0.8802816901408451,0.8802816901408451,0.8744818597853714,0.054008424456082324,3,0.05237924308554179,0.824631712840213,0.8782260734572216,COMPLETE
58,0.8501986276634165,0.008437486226825698,0.02006253725541987,12648430,0.8539150989855215,0.02382804547968774,42,0.8385206342952822,0.017984708008654152,2026,0.8581601497094453,0.010134949844626352,123.13333333333334,70.0,0.8531468531468531,0.8671328671328671,0.8591549295774648,0.8802816901408451,0.8098591549295775,0.8181818181818182,0.8321678321678322,0.8661971830985915,0.852112676056338,0.823943661971831,0.8531468531468531,0.8531468531468531,0.8450704225352113,0.8732394366197183,0.8661971830985915,0.8052839619707053,0.11992737864426184,2,0.12458891990759573,0.5011846123400627,0.8263086159227053,COMPLETE
86,0.8501986276634165,0.009310875758858356,0.02352235978978344,12648430,0.8553235496897468,0.027370959829719495,42,0.8371318822023047,0.020577799519698525,2026,0.8581404510981976,0.015073544141188248,210.33333333333334,88.0,0.8531468531468531,0.8671328671328671,0.852112676056338,0.8943661971830986,0.8098591549295775,0.8041958041958042,0.8321678321678322,0.8591549295774648,0.8591549295774648,0.8309859154929577,0.8671328671328671,0.8531468531468531,0.8309859154929577,0.8732394366197183,0.8661971830985915,0.8262546426637084,0.09601224265048684,2,0.19319044910288824,1.916737445348504,0.863363372098427,COMPLETE
53,0.8501953445615418,0.00844038306439916,0.02057747947224652,12648430,0.8539249482911455,0.025766175071896037,42,0.8385107849896583,0.015729479846888304,2026,0.8581503004038215,0.012052612637164156,158.06666666666666,65.0,0.8461538461538461,0.8671328671328671,0.8591549295774648,0.8873239436619719,0.8098591549295775,0.8181818181818182,0.8391608391608392,0.8591549295774648,0.852112676056338,0.823943661971831,0.8531468531468531,0.8601398601398601,0.8380281690140845,0.8661971830985915,0.8732394366197183,0.8095724298403812,0.11643861283106811,2,0.11639244926113976,0.7238690345696561,0.806842785654368,COMPLETE
36,0.8497258609934666,0.006951523029108747,0.023439987663186806,12648430,0.8539150989855214,0.02975185865083608,42,0.8399290849995076,0.02066330800583147,2026,0.8553333989953709,0.013826881671409913,197.66666666666666,182.0,0.8531468531468531,0.8671328671328671,0.852112676056338,0.8943661971830986,0.8028169014084507,0.8041958041958042,0.8461538461538461,0.8591549295774648,0.8591549295774648,0.8309859154929577,0.8601398601398601,0.8531468531468531,0.8309859154929577,0.8591549295774648,0.8732394366197183,0.859351097038738,0.08988439999537393,2,0.08192803978242362,0.9410954360706635,0.884939190298061,COMPLETE
44,0.8492629436291409,0.007596253505375645,0.024896451420576688,12648430,0.8553137003841229,0.028823316002689524,42,0.838550182212154,0.024246754046602422,2026,0.8539249482911455,0.01636160294318012,236.0,85.0,0.8531468531468531,0.8741258741258742,0.8591549295774648,0.8873239436619719,0.8028169014084507,0.7972027972027972,0.8321678321678322,0.8661971830985915,0.8591549295774648,0.8380281690140845,0.8601398601398601,0.8531468531468531,0.823943661971831,0.8591549295774648,0.8732394366197183,0.9513347103955986,0.05934002180145167,2,0.09999467303049547,0.6674022589260115,0.87179531879203,COMPLETE
0,0.8492629436291409,0.008894929424292807,0.02342945944986359,12648430,0.8581306017925737,0.025036605550501915,42,0.8371023342854329,0.01173400819183105,2026,0.852555894809416,0.02539568538574176,195.53333333333333,176.0,0.8601398601398601,0.8671328671328671,0.8732394366197183,0.8802816901408451,0.8098591549295775,0.8181818181818182,0.8391608391608392,0.852112676056338,0.8309859154929577,0.8450704225352113,0.8531468531468531,0.8321678321678322,0.8169014084507042,0.8802816901408451,0.8802816901408451,1.0,0.1,3,0.0,1.0,0.9,COMPLETE
6,0.8487868938573163,0.007368010636427902,0.021893538089006133,12648430,0.8553235496897468,0.025494759710349764,42,0.8384910863784103,0.009778857680506538,2026,0.8525460455037919,0.02301107250270326,153.73333333333332,109.0,0.8531468531468531,0.8671328671328671,0.8591549295774648,0.8873239436619719,0.8098591549295775,0.8251748251748252,0.8461538461538461,0.852112676056338,0.8380281690140845,0.8309859154929577,0.8531468531468531,0.8391608391608392,0.8169014084507042,0.8732394366197183,0.8802816901408451,0.8769891805910156,0.06250543285710079,3,0.0729592344425476,0.9962723854034546,0.9145297524542123,COMPLETE
4,0.8483239764929905,0.00794884459481141,0.02289049731522467,12648430,0.8539249482911455,0.031334423082516154,42,0.837082635674185,0.005105741717717969,2026,0.8539643455136412,0.019350905468100688,113.53333333333333,52.0,0.8531468531468531,0.8601398601398601,0.852112676056338,0.9014084507042254,0.8028169014084507,0.8321678321678322,0.8391608391608392,0.8380281690140845,0.8309859154929577,0.8450704225352113,0.8391608391608392,0.8461538461538461,0.8309859154929577,0.8802816901408451,0.8732394366197183,0.8495309175489385,0.08840749863226334,4,0.06732783772273765,1.7350890252969307,0.9647492434309998,COMPLETE
3,0.8483141271873667,0.00697469166083967,0.02114741615092027,12648430,0.8539052496798976,0.030772099671372708,42,0.8384812370727864,0.006301277535766097,2026,0.8525558948094158,0.01445933752014948,124.53333333333333,77.0,0.8531468531468531,0.8741258741258742,0.8450704225352113,0.8943661971830986,0.8028169014084507,0.8321678321678322,0.8461538461538461,0.8450704225352113,0.8309859154929577,0.8380281690140845,0.8391608391608392,0.8461538461538461,0.8380281690140845,0.8732394366197183,0.8661971830985915,0.9495893899391058,0.07603265606752893,4,0.19646015931118993,0.7433142502634876,0.9657431230046178,COMPLETE
19,0.8478577760267901,0.008674023498737363,0.024913725936204726,12648430,0.8553137003841229,0.02984708523891648,42,0.8356938835812077,0.014231159412596886,2026,0.8525657441150398,0.023302162423627575,177.86666666666667,62.0,0.8601398601398601,0.8671328671328671,0.852112676056338,0.8943661971830986,0.8028169014084507,0.8181818181818182,0.8391608391608392,0.8591549295774648,0.8380281690140845,0.823943661971831,0.8391608391608392,0.8391608391608392,0.823943661971831,0.8802816901408451,0.8802816901408451,0.8453599207480876,0.08665393863219632,3,0.16090145615893753,2.931118230827829,0.824707104218581,COMPLETE
1,0.8473751600512163,0.008295212824050595,0.023480485703748753,12648430,0.8524967989756721,0.033147667971232704,42,0.8356741849699596,0.007115085482068634,2026,0.8539544962080173,0.017267762620407363,98.4,74.0,0.8531468531468531,0.8741258741258742,0.8450704225352113,0.8943661971830986,0.795774647887324,0.8251748251748252,0.8461538461538461,0.8380281690140845,0.8309859154929577,0.8380281690140845,0.8391608391608392,0.8531468531468531,0.8309859154929577,0.8732394366197183,0.8732394366197183,0.8187179187275171,0.08256500327916354,4,0.053432270935338005,2.7955005195460743,0.9851701522617,COMPLETE
40,0.8469155257887652,0.008954997243350658,0.02280841216667078,12648430,0.8539150989855215,0.02656704091532358,42,0.8342755835713582,0.012929306205010649,2026,0.852555894809416,0.021145222814374646,149.13333333333333,58.0,0.8461538461538461,0.8741258741258742,0.852112676056338,0.8873239436619719,0.8098591549295775,0.8181818181818182,0.8461538461538461,0.852112676056338,0.8309859154929577,0.823943661971831,0.8461538461538461,0.8391608391608392,0.823943661971831,0.8802816901408451,0.8732394366197183,0.9222615161766572,0.09390031530895997,3,0.03445911191820708,2.4513654119597765,0.8274786215801007,COMPLETE
8,0.8459929741619883,0.006522969057804178,0.023182431719040036,12648430,0.85251649758692,0.027858972933381774,42,0.837082635674185,0.010240360523736405,2026,0.8483797892248596,0.024569100282217315,72.06666666666666,48.0,0.8461538461538461,0.8671328671328671,0.8450704225352113,0.8943661971830986,0.8098591549295775,0.8251748251748252,0.8461538461538461,0.823943661971831,0.8450704225352113,0.8450704225352113,0.8251748251748252,0.8251748251748252,0.8380281690140845,0.8873239436619719,0.8661971830985915,0.8559036311358668,0.07365561719510001,4,0.1719468052359947,0.9228262638774823,0.8957220309594373,COMPLETE
80,0.845976558652615,0.008454216185017025,0.021232224686332117,12648430,0.8496995961784695,0.025534122999268535,42,0.8342755835713582,0.006998026949851431,2026,0.8539544962080173,0.0209054290305423,69.93333333333334,47.0,0.8531468531468531,0.8601398601398601,0.8380281690140845,0.8873239436619719,0.8098591549295775,0.8251748251748252,0.8391608391608392,0.8309859154929577,0.8450704225352113,0.8309859154929577,0.8531468531468531,0.8391608391608392,0.823943661971831,0.8802816901408451,0.8732394366197183,0.8410008960799368,0.09114013795690286,4,0.08343511659273774,0.6609254972445964,0.8106961507524132,COMPLETE
47,0.8436324239141141,0.007646009464101905,0.021258003764892182,12648430,0.8496995961784695,0.026289031073532736,42,0.832847434255885,0.00576065670012625,2026,0.8483502413079878,0.021354752858022543,59.333333333333336,30.0,0.8461538461538461,0.8671328671328671,0.8380281690140845,0.8873239436619719,0.8098591549295775,0.8391608391608392,0.8391608391608392,0.8309859154929577,0.823943661971831,0.8309859154929577,0.8391608391608392,0.8321678321678322,0.823943661971831,0.8802816901408451,0.8661971830985915,0.8494793333179741,0.10474683330808464,4,0.18778051391600542,0.7651600212458246,0.8890729106372963,COMPLETE
