PassengerId;Survived;Pclass;Sex;Age;Fare;SibSp;Parch;Embarked;Name;Cabin;oof_probability;oof_prediction;is_correct;prediction_type;confidence;distance_to_threshold
850;1;1;female;;89.1042;1;0;C;Goldenberg, Mrs. Samuel L (Edwiga Grabowska);C92;0.9656531761956473;1;True;true_positive;0.9656531761956473;0.4656531761956473
262;1;3;male;3.0;31.3875;4;2;S;Asplund, Master. Edvin Rojj Felix;;0.3768649864456834;0;False;false_negative;0.6231350135543166;0.12313501355431661
753;0;3;male;33.0;9.5;0;0;S;Vande Velde, Mr. Johannes Joseph;;0.1805035798145614;0;True;true_negative;0.8194964201854387;0.3194964201854386
538;1;1;female;30.0;106.425;0;0;C;LeRoy, Miss. Bertha;;0.6899791466245396;1;True;true_positive;0.6899791466245396;0.18997914662453963
433;1;2;female;42.0;26.0;1;0;S;Louch, Mrs. Charles Alexander (Alice Adelaide Slow);;0.8293751814495549;1;True;true_positive;0.8293751814495549;0.3293751814495549
289;1;2;male;42.0;13.0;0;0;S;Hosono, Mr. Masabumi;;0.4504130538072022;0;False;false_negative;0.5495869461927978;0.0495869461927978
831;1;3;female;15.0;14.4542;1;0;C;Yasbeck, Mrs. Antoni (Selini Alexander);;0.5087850512888;1;True;true_positive;0.5087850512888;0.008785051288800028
776;0;3;male;18.0;7.75;0;0;S;Myhrman, Mr. Pehr Fabian Oliver Malkolm;;0.1645546408157762;0;True;true_negative;0.8354453591842238;0.3354453591842238
522;0;3;male;22.0;7.8958;0;0;S;Vovk, Mr. Janko;;0.35467671587599153;0;True;true_negative;0.6453232841240084;0.14532328412400847
40;1;3;female;14.0;11.2417;1;0;C;Nicola-Yarred, Miss. Jamila;;0.5274643979118933;1;True;true_positive;0.5274643979118933;0.027464397911893257
177;0;3;male;;25.4667;3;1;S;Lefebre, Master. Henry Forbes;;0.2120397257106356;0;True;true_negative;0.7879602742893644;0.28796027428936444
793;0;3;female;;69.55;8;2;S;Sage, Miss. Stella Anna;;0.12564968732399423;0;True;true_negative;0.8743503126760057;0.37435031267600577
329;1;3;female;31.0;20.525;1;1;S;Goldsmith, Mrs. Frank John (Emily Alice Brown);;0.44955205366138;0;False;false_negative;0.55044794633862;0.05044794633861999
616;1;2;female;24.0;65.0;1;2;S;Herman, Miss. Alice;;0.8386858875120435;1;True;true_positive;0.8386858875120435;0.33868588751204354
370;1;1;female;24.0;69.3;0;0;C;Aubart, Mme. Leontine Pauline;B35;0.9230565738995702;1;True;true_positive;0.9230565738995702;0.4230565738995702
477;0;2;male;34.0;21.0;1;0;S;Renouf, Mr. Peter Henry;;0.1587790582804329;0;True;true_negative;0.8412209417195671;0.3412209417195671
280;1;3;female;35.0;20.25;1;1;S;Abbott, Mrs. Stanton (Rosa Hunt);;0.491466965676175;0;False;false_negative;0.508533034323825;0.008533034323825017
5;0;3;male;35.0;8.05;0;0;S;Allen, Mr. William Henry;;0.3016677260780549;0;True;true_negative;0.6983322739219451;0.19833227392194508
798;1;3;female;31.0;8.6833;0;0;S;Osman, Mrs. Mara;;0.5029683400249381;1;True;true_positive;0.5029683400249381;0.0029683400249380654
10;1;2;female;14.0;30.0708;1;0;C;Nasser, Mrs. Nicholas (Adele Achem);;0.682069156266269;1;True;true_positive;0.682069156266269;0.18206915626626896
326;1;1;female;36.0;135.6333;0;0;C;Young, Miss. Marie Grice;C32;0.9240994726604802;1;True;true_positive;0.9240994726604802;0.4240994726604802
514;1;1;female;54.0;59.4;1;0;C;Rothschild, Mrs. Martin (Elizabeth L. Barrett);;0.9214653960853776;1;True;true_positive;0.9214653960853776;0.4214653960853776
801;0;2;male;34.0;13.0;0;0;S;Ponesell, Mr. Martin;;0.16529142918922893;0;True;true_negative;0.8347085708107711;0.3347085708107711
474;1;2;female;23.0;13.7917;0;0;C;Jerwan, Mrs. Amin S (Marie Marthe Thuillard);D;0.8950761645993084;1;True;true_positive;0.8950761645993084;0.3950761645993084
423;0;3;male;29.0;7.875;0;0;S;Zimmerman, Mr. Leo;;0.3032247539915294;0;True;true_negative;0.6967752460084706;0.19677524600847057
87;0;3;male;16.0;34.375;1;3;S;Ford, Mr. William Neal;;0.46289346835552675;0;True;true_negative;0.5371065316444732;0.03710653164447325
629;0;3;male;26.0;7.8958;0;0;S;Bostandyeff, Mr. Guentcho;;0.16700983804316372;0;True;true_negative;0.8329901619568363;0.3329901619568363
43;0;3;male;;7.8958;0;0;C;Kraeff, Mr. Theodor;;0.3598620475935208;0;True;true_negative;0.6401379524064792;0.1401379524064792
743;1;1;female;21.0;262.375;2;2;C;"Ryerson, Miss. Susan Parker ""Suzette""";B57 B59 B63 B66;0.726122377176605;1;True;true_positive;0.726122377176605;0.226122377176605
837;0;3;male;21.0;8.6625;0;0;S;Pasic, Mr. Jakob;;0.1674917055405527;0;True;true_negative;0.8325082944594473;0.3325082944594473
611;0;3;female;39.0;31.275;1;5;S;Andersson, Mrs. Anders Johan (Alfrida Konstantia Brogren);;0.47973023590698277;0;True;true_negative;0.5202697640930172;0.02026976409301723
174;0;3;male;21.0;7.925;0;0;S;Sivola, Mr. Antti Wilhelm;;0.35467671587599153;0;True;true_negative;0.6453232841240084;0.14532328412400847
125;0;1;male;54.0;77.2875;0;1;S;White, Mr. Percival Wayland;D26;0.27898371282683965;0;True;true_negative;0.7210162871731604;0.22101628717316035
747;0;3;male;16.0;20.25;1;1;S;Abbott, Mr. Rossmore Edward;;0.3103232550678077;0;True;true_negative;0.6896767449321923;0.18967674493219228
313;0;2;female;26.0;26.0;1;1;S;Lahtinen, Mrs. William (Anna Sylfven);;0.9053433325209413;1;False;false_positive;0.9053433325209413;0.40534333252094135
410;0;3;female;;25.4667;3;1;S;Lefebre, Miss. Ida;;0.4421182355932809;0;True;true_negative;0.5578817644067191;0.057881764406719105
244;0;3;male;22.0;7.125;0;0;S;Maenpaa, Mr. Matti Alexanteri;;0.3032247539915294;0;True;true_negative;0.6967752460084706;0.19677524600847057
560;1;3;female;36.0;17.4;1;0;S;de Messemaeker, Mrs. Guillaume Joseph (Emma);;0.5162485562985906;1;True;true_positive;0.5162485562985906;0.016248556298590566
293;0;2;male;36.0;12.875;0;0;C;Levy, Mr. Rene Jacques;D;0.4170964210020899;0;True;true_negative;0.5829035789979101;0.08290357899791012
446;1;1;male;4.0;81.8583;0;2;S;Dodge, Master. Washington;A34;0.7946799570671192;1;True;true_positive;0.7946799570671192;0.29467995706711925
413;1;1;female;33.0;90.0;1;0;Q;Minahan, Miss. Daisy E;C78;0.78428010383325;1;True;true_positive;0.78428010383325;0.28428010383325
615;0;3;male;35.0;8.05;0;0;S;Brocklebank, Mr. William Alfred;;0.11272324742737545;0;True;true_negative;0.8872767525726245;0.38727675257262456
651;0;3;male;;7.8958;0;0;S;Mitkoff, Mr. Mito;;0.455864584907236;0;True;true_negative;0.544135415092764;0.044135415092763974
46;0;3;male;;8.05;0;0;S;Rogers, Mr. William John;;0.10993425288814343;0;True;true_negative;0.8900657471118566;0.3900657471118566
349;1;3;male;3.0;15.9;1;1;S;"Coutts, Master. William Loch ""William""";;0.5873804439280338;1;True;true_positive;0.5873804439280338;0.08738044392803379
107;1;3;female;21.0;7.65;0;0;S;Salkjelsvik, Miss. Anna Kristine;;0.4311139742104643;0;False;false_negative;0.5688860257895356;0.06888602578953568
341;1;2;male;2.0;26.0;1;1;S;Navratil, Master. Edmond Roger;F2;0.5100261719013921;1;True;true_positive;0.5100261719013921;0.0100261719013921
634;0;1;male;;0.0;0;0;S;Parr, Mr. William Henry Marsh;;0.18572538362072366;0;True;true_negative;0.8142746163792763;0.31427461637927634
425;0;3;male;18.0;20.2125;1;1;S;Rosblom, Mr. Viktor Richard;;0.47045295050956787;0;True;true_negative;0.5295470494904322;0.02954704949043213
817;0;3;female;23.0;7.925;0;0;S;Heininen, Miss. Wendla Maria;;0.5029683400249381;1;False;false_positive;0.5029683400249381;0.0029683400249380654
357;1;1;female;22.0;55.0;0;1;S;Bowerman, Miss. Elsie Edith;E33;0.9066173886453043;1;True;true_positive;0.9066173886453043;0.4066173886453043
417;1;2;female;34.0;32.5;1;1;S;Drew, Mrs. James Vivian (Lulu Thorne Christian);;0.7041587985937234;1;True;true_positive;0.7041587985937234;0.20415879859372343
150;0;2;male;42.0;13.0;0;0;S;Byles, Rev. Thomas Roussel Davids;;0.4369182579956051;0;True;true_negative;0.563081742004395;0.06308174200439493
599;0;3;male;;7.225;0;0;C;Boulos, Mr. Hanna;;0.3520493309310179;0;True;true_negative;0.647950669068982;0.14795066906898208
11;1;3;female;4.0;16.7;1;1;S;Sandstrom, Miss. Marguerite Rut;G6;0.5031923208804763;1;True;true_positive;0.5031923208804763;0.0031923208804762737
343;0;2;male;28.0;13.0;0;0;S;Collander, Mr. Erik Gustaf;;0.14161903043367538;0;True;true_negative;0.8583809695663246;0.3583809695663246
60;0;3;male;11.0;46.9;5;2;S;Goodwin, Master. William Frederick;;0.19613620634649329;0;True;true_negative;0.8038637936535067;0.3038637936535067
269;1;1;female;58.0;153.4625;0;1;S;Graham, Mrs. William Thompson (Edith Junkins);C125;0.9068928127383181;1;True;true_positive;0.9068928127383181;0.4068928127383181
551;1;1;male;17.0;110.8833;0;2;C;Thayer, Mr. John Borland Jr;C70;0.4270907378015961;0;False;false_negative;0.5729092621984039;0.07290926219840388
54;1;2;female;29.0;26.0;1;0;S;Faunthorpe, Mrs. Lizzie (Elizabeth Anne Wilkinson);;0.8874250788993764;1;True;true_positive;0.8874250788993764;0.3874250788993764
401;1;3;male;39.0;7.925;0;0;S;Niskanen, Mr. Juha;;0.16062326926970497;0;False;false_negative;0.8393767307302951;0.33937673073029506
610;1;1;female;40.0;153.4625;0;0;S;Shutes, Miss. Elizabeth W;C125;0.5579644096068724;1;True;true_positive;0.5579644096068724;0.057964409606872436
540;1;1;female;22.0;49.5;0;2;C;Frolicher, Miss. Hedwig Margaritha;B39;0.9200695679835983;1;True;true_positive;0.9200695679835983;0.4200695679835983
524;1;1;female;44.0;57.9792;0;1;C;Hippach, Mrs. Louis Albert (Ida Sophia Fischer);B18;0.7001491478417273;1;True;true_positive;0.7001491478417273;0.20014914784172733
851;0;3;male;4.0;31.275;4;2;S;Andersson, Master. Sigvard Harald Elias;;0.3633148722791946;0;True;true_negative;0.6366851277208054;0.13668512772080538
402;0;3;male;26.0;8.05;0;0;S;Adams, Mr. John;;0.35467671587599153;0;True;true_negative;0.6453232841240084;0.14532328412400847
767;0;1;male;;39.6;0;0;C;Brewe, Dr. Arthur Jackson;;0.4789305155789648;0;True;true_negative;0.5210694844210352;0.02106948442103518
533;0;3;male;17.0;7.2292;1;1;C;Elias, Mr. Joseph Jr;;0.4505866494282863;0;True;true_negative;0.5494133505717137;0.0494133505717137
270;1;1;female;35.0;135.6333;0;0;S;Bissette, Miss. Amelia;C99;0.7024407357445148;1;True;true_positive;0.7024407357445148;0.20244073574451482
166;1;3;male;9.0;20.525;0;2;S;"Goldsmith, Master. Frank John William ""Frankie""";;0.5009272685247976;1;True;true_positive;0.5009272685247976;0.0009272685247976309
320;1;1;female;40.0;134.5;1;1;C;Spedden, Mrs. Frederic Oakley (Margaretta Corning Stone);E34;0.9613751894783341;1;True;true_positive;0.9613751894783341;0.4613751894783341
520;0;3;male;32.0;7.8958;0;0;S;Pavlovic, Mr. Stefo;;0.11334650540830696;0;True;true_negative;0.8866534945916931;0.38665349459169307
108;1;3;male;;7.775;0;0;S;Moss, Mr. Albert Johan;;0.11054401146709293;0;False;false_negative;0.8894559885329071;0.3894559885329071
888;1;1;female;19.0;30.0;0;0;S;Graham, Miss. Margaret Edith;B42;0.6985022602912335;1;True;true_positive;0.6985022602912335;0.19850226029123352
709;1;1;female;22.0;151.55;0;0;S;Cleaver, Miss. Alice;;0.9261804959098644;1;True;true_positive;0.9261804959098644;0.4261804959098644
396;0;3;male;22.0;7.7958;0;0;S;Johansson, Mr. Erik;;0.10891905688263859;0;True;true_negative;0.8910809431173614;0.3910809431173614
715;0;2;male;52.0;13.0;0;0;S;Greenberg, Mr. Samuel;;0.3595303105658352;0;True;true_negative;0.6404696894341648;0.14046968943416482
771;0;3;male;24.0;9.5;0;0;S;Lievens, Mr. Rene Aime;;0.18282414891611495;0;True;true_negative;0.817175851083885;0.317175851083885
731;1;1;female;29.0;211.3375;0;0;S;Allen, Miss. Elisabeth Walton;B5;0.9616937100491127;1;True;true_positive;0.9616937100491127;0.46169371004911275
358;0;2;female;38.0;13.0;0;0;S;Funk, Miss. Annie Clemmer;;0.5221701030772434;1;False;false_positive;0.5221701030772434;0.02217010307724343
655;0;3;female;18.0;6.75;0;0;Q;"Hegarty, Miss. Hanora ""Nora""";;0.6150671417318379;1;False;false_positive;0.6150671417318379;0.11506714173183785
746;0;1;male;70.0;71.0;1;1;S;Crosby, Capt. Edward Gifford;B22;0.4689550138804369;0;True;true_negative;0.5310449861195631;0.03104498611956308
26;1;3;female;38.0;31.3875;1;5;S;Asplund, Mrs. Carl Oscar (Selma Augusta Emilia Johansson);;0.4120426354861946;0;False;false_negative;0.5879573645138054;0.08795736451380542
152;1;1;female;22.0;66.6;1;0;S;Pears, Mrs. Thomas (Edith Wearne);C2;0.6985022602912335;1;True;true_positive;0.6985022602912335;0.19850226029123352
415;1;3;male;44.0;7.925;0;0;S;Sundman, Mr. Johan Julian;;0.16056040840890146;0;False;false_negative;0.8394395915910986;0.33943959159109854
623;1;3;male;20.0;15.7417;1;1;C;Nakid, Mr. Sahid;;0.4505866494282863;0;False;false_negative;0.5494133505717137;0.0494133505717137
476;0;1;male;;52.0;0;0;S;Clifford, Mr. George Quincy;A14;0.36059563925471;0;True;true_negative;0.63940436074529;0.13940436074529
405;0;3;female;20.0;8.6625;0;0;S;Oreskovic, Miss. Marija;;0.5375914228846036;1;False;false_positive;0.5375914228846036;0.0375914228846036
595;0;2;male;37.0;26.0;1;0;S;Chapman, Mr. John Henry;;0.4902356088366945;0;True;true_negative;0.5097643911633055;0.00976439116330552
336;0;3;male;;7.8958;0;0;S;Denkoff, Mr. Mitto;;0.35467671587599153;0;True;true_negative;0.6453232841240084;0.14532328412400847
687;0;3;male;14.0;39.6875;4;1;S;Panula, Mr. Jaako Arnold;;0.3147842787084734;0;True;true_negative;0.6852157212915266;0.18521572129152658
694;0;3;male;25.0;7.225;0;0;C;Saad, Mr. Khalil;;0.11125136568854663;0;True;true_negative;0.8887486343114533;0.38874863431145334
3;1;3;female;26.0;7.925;0;0;S;Heikkinen, Miss. Laina;;0.5233153941760462;1;True;true_positive;0.5233153941760462;0.023315394176046222
805;1;3;male;27.0;6.975;0;0;S;Hedman, Mr. Oskar Arvid;;0.10967291685467534;0;False;false_negative;0.8903270831453247;0.39032708314532466
512;0;3;male;;8.05;0;0;S;Webber, Mr. James;;0.455864584907236;0;True;true_negative;0.544135415092764;0.044135415092763974
822;1;3;male;27.0;8.6625;0;0;S;Lulic, Mr. Nikola;;0.1662640299329831;0;False;false_negative;0.8337359700670169;0.33373597006701694
116;0;3;male;21.0;7.925;0;0;S;Pekoniemi, Mr. Edvard;;0.3032247539915294;0;True;true_negative;0.6967752460084706;0.19677524600847057
738;1;1;male;35.0;512.3292;0;0;C;Lesurer, Mr. Gustave J;B101;0.43498600315845587;0;False;false_negative;0.5650139968415442;0.06501399684154413
56;1;1;male;;35.5;0;0;S;Woolner, Mr. Hugh;C52;0.4179336742260482;0;False;false_negative;0.5820663257739518;0.08206632577395179
268;1;3;male;25.0;7.775;1;0;S;Persson, Mr. Ernst Ulrik;;0.14321346421090544;0;False;false_negative;0.8567865357890946;0.3567865357890946
505;1;1;female;16.0;86.5;0;0;S;Maioni, Miss. Roberta;B79;0.5692439090409159;1;True;true_positive;0.5692439090409159;0.06924390904091593
276;1;1;female;63.0;77.9583;1;0;S;Andrews, Miss. Kornelia Theodosia;D7;0.9017238218636504;1;True;true_positive;0.9017238218636504;0.4017238218636504
849;0;2;male;28.0;33.0;0;1;S;Harper, Rev. John;;0.35656000241289154;0;True;true_negative;0.6434399975871085;0.14343999758710846
800;0;3;female;30.0;24.15;1;1;S;Van Impe, Mrs. Jean Baptiste (Rosalie Paula Govaert);;0.49317648880745424;0;True;true_negative;0.5068235111925458;0.0068235111925457614
97;0;1;male;71.0;34.6542;0;0;C;Goldschmidt, Mr. George B;A5;0.4334772272651611;0;True;true_negative;0.566522772734839;0.06652277273483892
463;0;1;male;47.0;38.5;0;0;S;Gee, Mr. Arthur H;E63;0.4239269892140449;0;True;true_negative;0.5760730107859551;0.07607301078595508
503;0;3;female;;7.6292;0;0;Q;O'Sullivan, Miss. Bridget Mary;;0.5375914228846036;1;False;false_positive;0.5375914228846036;0.0375914228846036
769;0;3;male;;24.15;1;0;Q;Moran, Mr. Daniel J;;0.1602064538732259;0;True;true_negative;0.839793546126774;0.3397935461267741
332;0;1;male;45.5;28.5;0;0;S;Partner, Mr. Austen;C124;0.36368483229023857;0;True;true_negative;0.6363151677097614;0.13631516770976143
534;1;3;female;;22.3583;0;2;C;Peter, Mrs. Catherine (Catherine Rizk);;0.5143891674201901;1;True;true_positive;0.5143891674201901;0.014389167420190141
804;1;3;male;0.42;8.5167;0;1;C;Thomas, Master. Assad Alexander;;0.5323740267834386;1;True;true_positive;0.5323740267834386;0.03237402678343859
679;0;3;female;43.0;46.9;1;6;S;Goodwin, Mrs. Frederick (Augusta Tyler);;0.17758635947600884;0;True;true_negative;0.8224136405239911;0.32241364052399113
420;0;3;female;10.0;24.15;0;2;S;Van Impe, Miss. Catharina;;0.491466965676175;0;True;true_negative;0.508533034323825;0.008533034323825017
458;1;1;female;;51.8625;1;0;S;Kenyon, Mrs. Frederick R (Marion);D21;0.5692439090409159;1;True;true_positive;0.5692439090409159;0.06924390904091593
444;1;2;female;28.0;13.0;0;0;S;Reynaldo, Ms. Encarnacion;;0.6730206987325438;1;True;true_positive;0.6730206987325438;0.17302069873254378
223;0;3;male;51.0;8.05;0;0;S;Green, Mr. George Henry;;0.29943371588412815;0;True;true_negative;0.7005662841158719;0.20056628411587185
41;0;3;female;40.0;9.475;1;0;S;Ahlin, Mrs. Johan (Johanna Persdotter Larsson);;0.5188531103890346;1;False;false_positive;0.5188531103890346;0.01885311038903459
640;0;3;male;;16.1;1;0;S;Thorneycroft, Mr. Percival;;0.16308895422548653;0;True;true_negative;0.8369110457745135;0.3369110457745135
216;1;1;female;31.0;113.275;1;0;C;Newell, Miss. Madeleine;D36;0.7058728210501453;1;True;true_positive;0.7058728210501453;0.20587282105014526
650;1;3;female;23.0;7.55;0;0;S;Stanley, Miss. Amy Zillah Elsie;;0.5375914228846036;1;True;true_positive;0.5375914228846036;0.0375914228846036
527;1;2;female;50.0;10.5;0;0;S;Ridsdale, Miss. Lucy;;0.6482423888307997;1;True;true_positive;0.6482423888307997;0.14824238883079965
44;1;2;female;3.0;41.5792;1;2;C;Laroche, Miss. Simonne Marie Anne Andree;;0.6453277380067486;1;True;true_positive;0.6453277380067486;0.14532773800674859
442;0;3;male;20.0;9.5;0;0;S;Hampe, Mr. Leon;;0.455864584907236;0;True;true_negative;0.544135415092764;0.044135415092763974
24;1;1;male;28.0;35.5;0;0;S;Sloper, Mr. William Thompson;A6;0.4296677732159203;0;False;false_negative;0.5703322267840797;0.07033222678407969
713;1;1;male;48.0;52.0;1;0;S;Taylor, Mr. Elmer Zebley;C126;0.28989010765383816;0;False;false_negative;0.7101098923461618;0.21010989234616184
465;0;3;male;;8.05;0;0;S;Maisner, Mr. Simon;;0.10993425288814343;0;True;true_negative;0.8900657471118566;0.3900657471118566
565;0;3;female;;8.05;0;0;S;Meanwell, Miss. (Marion Ogden);;0.5368596079439546;1;False;false_positive;0.5368596079439546;0.0368596079439546
584;0;1;male;36.0;40.125;0;0;C;Ross, Mr. John Hugo;A10;0.4942278522546524;0;True;true_negative;0.5057721477453476;0.005772147745347622
845;0;3;male;17.0;8.6625;0;0;S;Culumovic, Mr. Jeso;;0.10801735746288806;0;True;true_negative;0.8919826425371119;0.39198264253711196
865;0;2;male;24.0;13.0;0;0;S;Gill, Mr. John William;;0.3653052690561616;0;True;true_negative;0.6346947309438384;0.13469473094383838
235;0;2;male;24.0;10.5;0;0;S;Leyson, Mr. Robert William Norman;;0.3653052690561616;0;True;true_negative;0.6346947309438384;0.13469473094383838
656;0;2;male;24.0;73.5;2;0;S;Hickman, Mr. Leonard Mark;;0.20973615595070463;0;True;true_negative;0.7902638440492954;0.2902638440492954
389;0;3;male;;7.7292;0;0;Q;Sadlier, Mr. Matthew;;0.08618882741808469;0;True;true_negative;0.9138111725819154;0.4138111725819153
391;1;1;male;36.0;120.0;1;2;S;Carter, Mr. William Ernest;B96 B98;0.4253718223313783;0;False;false_negative;0.5746281776686217;0.07462817766862168
727;1;2;female;30.0;21.0;3;0;S;Renouf, Mrs. Peter Henry (Lillian Jefferys);;0.6718834223751142;1;True;true_positive;0.6718834223751142;0.17188342237511423
478;0;3;male;29.0;7.0458;1;0;S;Braund, Mr. Lewis Richard;;0.455864584907236;0;True;true_negative;0.544135415092764;0.044135415092763974
203;0;3;male;34.0;6.4958;0;0;S;Johanson, Mr. Jakob Alfred;;0.1637339648388335;0;True;true_negative;0.8362660351611665;0.3362660351611665
754;0;3;male;23.0;7.8958;0;0;S;Jonkoff, Mr. Lalio;;0.10896486408992331;0;True;true_negative;0.8910351359100767;0.39103513591007666
307;1;1;female;;110.8833;0;0;C;Fleming, Miss. Margaret;;0.6899791466245396;1;True;true_positive;0.6899791466245396;0.18997914662453963
373;0;3;male;19.0;8.05;0;0;S;Beavan, Mr. William Thomas;;0.16924825522777145;0;True;true_negative;0.8307517447722286;0.3307517447722286
509;0;3;male;28.0;22.525;0;0;S;Olsen, Mr. Henry Margido;;0.1250830932429843;0;True;true_negative;0.8749169067570157;0.3749169067570157
574;1;3;female;;7.75;0;0;Q;Kelly, Miss. Mary;;0.6076769799458176;1;True;true_positive;0.6076769799458176;0.1076769799458176
706;0;2;male;39.0;26.0;0;0;S;"Morley, Mr. Henry Samuel (""Mr Henry Marshall"")";;0.4902356088366945;0;True;true_negative;0.5097643911633055;0.00976439116330552
32;1;1;female;;146.5208;1;0;C;Spencer, Mrs. William Augustus (Marie Eugenie);B78;0.9325887790906287;1;True;true_positive;0.9325887790906287;0.43258877909062865
748;1;2;female;30.0;13.0;0;0;S;Sinkkonen, Miss. Anna;;0.671520459618112;1;True;true_positive;0.671520459618112;0.17152045961811202
807;0;1;male;39.0;0.0;0;0;S;Andrews, Mr. Thomas Jr;A36;0.2632879878746523;0;True;true_negative;0.7367120121253476;0.2367120121253477
765;0;3;male;16.0;7.775;0;0;S;Eklund, Mr. Hans Linus;;0.455864584907236;0;True;true_negative;0.544135415092764;0.044135415092763974
100;0;2;male;34.0;26.0;1;0;S;Kantor, Mr. Sinai;;0.1694770587317794;0;True;true_negative;0.8305229412682206;0.33052294126822057
328;1;2;female;36.0;13.0;0;0;S;Ball, Mrs. (Ada E Hall);D;0.7751780384260154;1;True;true_positive;0.7751780384260154;0.2751780384260154
725;1;1;male;27.0;53.1;1;0;S;Chambers, Mr. Norman Campbell;E8;0.34129893954359664;0;False;false_negative;0.6587010604564034;0.15870106045640336
9;1;3;female;27.0;11.1333;0;2;S;Johnson, Mrs. Oscar W (Elisabeth Vilhelmina Berg);;0.5006729668984515;1;True;true_positive;0.5006729668984515;0.0006729668984515325
633;1;1;male;32.0;30.5;0;0;C;Stahelin-Maeglin, Dr. Max;B50;0.4752043108197947;0;False;false_negative;0.5247956891802052;0.024795689180205305
459;1;2;female;50.0;10.5;0;0;S;Toomey, Miss. Ellen;;0.5352103089930804;1;True;true_positive;0.5352103089930804;0.03521030899308042
698;1;3;female;;7.7333;0;0;Q;"Mullens, Miss. Katherine ""Katie""";;0.5259101328620848;1;True;true_positive;0.5259101328620848;0.025910132862084767
825;0;3;male;2.0;39.6875;4;1;S;Panula, Master. Urho Abraham;;0.35894862660210836;0;True;true_negative;0.6410513733978916;0.14105137339789164
327;0;3;male;61.0;6.2375;0;0;S;Nysveen, Mr. Johan Hansen;;0.15700428089854027;0;True;true_negative;0.8429957191014598;0.34299571910145976
115;0;3;female;17.0;14.4583;0;0;C;Attalah, Miss. Malake;;0.505739822832433;1;False;false_positive;0.505739822832433;0.005739822832433017
492;0;3;male;21.0;7.25;0;0;S;Windelov, Mr. Einar;;0.455864584907236;0;True;true_negative;0.544135415092764;0.044135415092763974
172;0;3;male;4.0;29.125;4;1;Q;Rice, Master. Arthur;;0.34922150707106675;0;True;true_negative;0.6507784929289333;0.15077849292893325
603;0;1;male;;42.4;0;0;S;Harrington, Mr. Charles H;;0.18263865718246183;0;True;true_negative;0.8173613428175381;0.31736134281753814
303;0;3;male;19.0;0.0;0;0;S;Johnson, Mr. William Cahoone Jr;;0.3498469506344904;0;True;true_negative;0.6501530493655097;0.1501530493655096
426;0;3;male;;7.25;0;0;S;Wiseman, Mr. Phillippe;;0.34691556553123676;0;True;true_negative;0.6530844344687632;0.15308443446876324
440;0;2;male;31.0;10.5;0;0;S;Kvillner, Mr. Johan Henrik Johannesson;;0.13869282725304102;0;True;true_negative;0.861307172746959;0.361307172746959
677;0;3;male;24.5;8.05;0;0;S;Sawyer, Mr. Frederick Charles;;0.10836275484761758;0;True;true_negative;0.8916372451523824;0.3916372451523824
795;0;3;male;25.0;7.8958;0;0;S;Dantcheff, Mr. Ristiu;;0.35467671587599153;0;True;true_negative;0.6453232841240084;0.14532328412400847
658;0;3;female;32.0;15.5;1;1;Q;Bourke, Mrs. John (Catherine);;0.5284710577477639;1;False;false_positive;0.5284710577477639;0.028471057747763928
547;1;2;female;19.0;26.0;1;0;S;Beane, Mrs. Edward (Ethel Clarke);;0.8935690396151573;1;True;true_positive;0.8935690396151573;0.3935690396151573
838;0;3;male;;8.05;0;0;S;Sirota, Mr. Maurice;;0.35467671587599153;0;True;true_negative;0.6453232841240084;0.14532328412400847
597;1;2;female;;33.0;0;0;S;Leitch, Miss. Jessie Wills;;0.8982634795015187;1;True;true_positive;0.8982634795015187;0.39826347950151875
365;0;3;male;;15.5;1;0;Q;O'Brien, Mr. Thomas;;0.09271544073867317;0;True;true_negative;0.9072845592613268;0.40728455926132684
792;0;2;male;16.0;26.0;0;0;S;Gaskell, Mr. Alfred;;0.1619763019587395;0;True;true_negative;0.8380236980412605;0.33802369804126053
712;0;1;male;;26.55;0;0;S;Klaber, Mr. Herman;C124;0.49127245019403;0;True;true_negative;0.50872754980597;0.008727549805970014
605;1;1;male;35.0;26.55;0;0;C;"Homer, Mr. Harry (""Mr E Haven"")";;0.14056180964972875;0;False;false_negative;0.8594381903502712;0.35943819035027125
854;1;1;female;16.0;39.4;0;1;S;Lines, Miss. Mary Conover;D28;0.7710600689650203;1;True;true_positive;0.7710600689650203;0.27106006896502033
864;0;3;female;;69.55;8;2;S;"Sage, Miss. Dorothy Edith ""Dolly""";;0.4600591333920234;0;True;true_negative;0.5399408666079766;0.03994086660797658
141;0;3;female;;15.2458;0;2;C;Boulos, Mrs. Joseph (Sultana);;0.505739822832433;1;False;false_positive;0.505739822832433;0.005739822832433017
13;0;3;male;20.0;8.05;0;0;S;Saundercock, Mr. William Henry;;0.16924825522777145;0;True;true_negative;0.8307517447722286;0.3307517447722286
273;1;2;female;41.0;19.5;0;1;S;Mellinger, Mrs. (Elizabeth Anne Maidment);;0.5425830343882393;1;True;true_positive;0.5425830343882393;0.042583034388239294
210;1;1;male;40.0;31.0;0;0;C;Blank, Mr. Henry;A31;0.4869108376960122;0;False;false_negative;0.5130891623039878;0.013089162303987822
277;0;3;female;45.0;7.75;0;0;S;Lindblom, Miss. Augusta Charlotta;;0.5192564043904847;1;False;false_positive;0.5192564043904847;0.019256404390484705
855;0;2;female;44.0;26.0;1;0;S;Carter, Mrs. Ernest Courtenay (Lilian Hughes);;0.5569875918909539;1;False;false_positive;0.5569875918909539;0.056987591890953926
38;0;3;male;21.0;8.05;0;0;S;Cann, Mr. Ernest Charles;;0.455864584907236;0;True;true_negative;0.544135415092764;0.044135415092763974
569;0;3;male;;7.2292;0;0;C;Doharr, Mr. Tannous;;0.4505866494282863;0;True;true_negative;0.5494133505717137;0.0494133505717137
247;0;3;female;25.0;7.775;0;0;S;Lindahl, Miss. Agda Thorilda Viktoria;;0.5375914228846036;1;False;false_positive;0.5375914228846036;0.0375914228846036
513;1;1;male;36.0;26.2875;0;0;S;McGough, Mr. James Robert;E25;0.4170941242881877;0;False;false_negative;0.5829058757118123;0.0829058757118123
545;0;1;male;50.0;106.425;1;0;C;Douglas, Mr. Walter Donald;C86;0.40262431941859983;0;True;true_negative;0.5973756805814001;0.09737568058140017
207;0;3;male;32.0;15.85;1;0;S;Backstrom, Mr. Karl Alfred;;0.16385775250106704;0;True;true_negative;0.836142247498933;0.33614224749893296
400;1;2;female;28.0;12.65;0;0;S;Trout, Mrs. William H (Jessie L);;0.6535653284478059;1;True;true_positive;0.6535653284478059;0.1535653284478059
238;1;2;female;8.0;26.25;0;2;S;"Collyer, Miss. Marjorie ""Lottie""";;0.8489790352398443;1;True;true_positive;0.8489790352398443;0.3489790352398443
788;0;3;male;8.0;29.125;4;1;Q;Rice, Master. George Hugh;;0.3053044007081821;0;True;true_negative;0.6946955992918179;0.1946955992918179
566;0;3;male;24.0;24.15;2;0;S;Davies, Mr. Alfred J;;0.11597170828904033;0;True;true_negative;0.8840282917109596;0.38402829171095965
808;0;3;female;18.0;7.775;0;0;S;Pettersson, Miss. Ellen Natalia;;0.5559626652533506;1;False;false_positive;0.5559626652533506;0.055962665253350585
197;0;3;male;;7.75;0;0;Q;Mernagh, Mr. Robert;;0.34691556553123676;0;True;true_negative;0.6530844344687632;0.15308443446876324
237;0;2;male;44.0;26.0;1;0;S;Hold, Mr. Stephen;;0.2090404521676278;0;True;true_negative;0.7909595478323722;0.2909595478323722
869;0;3;male;;9.5;0;0;S;van Melkebeke, Mr. Philemon;;0.18560118819499033;0;True;true_negative;0.8143988118050096;0.31439881180500967
718;1;2;female;27.0;10.5;0;0;S;"Troutt, Miss. Edwina Celia ""Winnie""";E101;0.7989162642327617;1;True;true_positive;0.7989162642327617;0.29891626423276174
438;1;2;female;24.0;18.75;2;3;S;Richards, Mrs. Sidney (Emily Hocking);;0.6304030082521479;1;True;true_positive;0.6304030082521479;0.1304030082521479
472;0;3;male;38.0;8.6625;0;0;S;Cacic, Mr. Luka;;0.30257887725296045;0;True;true_negative;0.6974211227470395;0.19742112274703955
151;0;2;male;51.0;12.525;0;0;S;Bateman, Rev. Robert James;;0.42198614861344547;0;True;true_negative;0.5780138513865545;0.07801385138655453
437;0;3;female;21.0;34.375;2;2;S;"Ford, Miss. Doolina Margaret ""Daisy""";;0.4421182355932809;0;True;true_negative;0.5578817644067191;0.057881764406719105
542;0;3;female;9.0;31.275;4;2;S;Andersson, Miss. Ingeborg Constanzia;;0.4143818791472765;0;True;true_negative;0.5856181208527236;0.08561812085272352
761;0;3;male;;14.5;0;0;S;Garfirth, Mr. John;;0.11550677865157469;0;True;true_negative;0.8844932213484253;0.38449322134842534
165;0;3;male;1.0;39.6875;4;1;S;Panula, Master. Eino Viljami;;0.45800535149726995;0;True;true_negative;0.54199464850273;0.04199464850273005
481;0;3;male;9.0;46.9;5;2;S;Goodwin, Master. Harold Victor;;0.19613620634649329;0;True;true_negative;0.8038637936535067;0.3038637936535067
250;0;2;male;54.0;26.0;1;0;S;Carter, Rev. Ernest Courtenay;;0.4754789756484771;0;True;true_negative;0.5245210243515229;0.024521024351522924
814;0;3;female;6.0;31.275;4;2;S;Andersson, Miss. Ebba Iris Alfrida;;0.2408812494792314;0;True;true_negative;0.7591187505207686;0.2591187505207686
690;1;1;female;15.0;211.3375;0;1;S;Madill, Miss. Georgette Alexandra;B5;0.7024407357445148;1;True;true_positive;0.7024407357445148;0.20244073574451482
149;0;2;male;36.5;26.0;0;2;S;"Navratil, Mr. Michel (""Louis M Hoffman"")";F2;0.36889591301463726;0;True;true_negative;0.6311040869853628;0.13110408698536274
868;0;1;male;31.0;50.4958;0;0;S;Roebling, Mr. Washington Augustus II;A24;0.41983207182868415;0;True;true_negative;0.5801679281713159;0.08016792817131585
479;0;3;male;22.0;7.5208;0;0;S;Karlsson, Mr. Nils August;;0.3032247539915294;0;True;true_negative;0.6967752460084706;0.19677524600847057
680;1;1;male;36.0;512.3292;0;1;C;Cardeza, Mr. Thomas Drake Martinez;B51 B53 B55;0.46429223081607696;0;False;false_negative;0.535707769183923;0.035707769183923044
351;0;3;male;23.0;9.225;0;0;S;Odahl, Mr. Nils Martin;;0.3032247539915294;0;True;true_negative;0.6967752460084706;0.19677524600847057
500;0;3;male;24.0;7.7958;0;0;S;Svensson, Mr. Olof;;0.16700983804316372;0;True;true_negative;0.8329901619568363;0.3329901619568363
525;0;3;male;;7.2292;0;0;C;Kassem, Mr. Fared;;0.3520493309310179;0;True;true_negative;0.647950669068982;0.14795066906898208
346;1;2;female;24.0;13.0;0;0;S;"Brown, Miss. Amelia ""Mildred""";F33;0.5475797354341182;1;True;true_positive;0.5475797354341182;0.0475797354341182
168;0;3;female;45.0;27.9;1;4;S;Skoog, Mrs. William (Anna Bernhardina Karlsson);;0.2599880292052703;0;True;true_negative;0.7400119707947297;0.2400119707947297
621;0;3;male;27.0;14.4542;1;0;C;Yasbeck, Mr. Antoni;;0.14724396203500334;0;True;true_negative;0.8527560379649967;0.35275603796499666
598;0;3;male;49.0;0.0;0;0;S;Johnson, Mr. Alfred;;0.16709398195605554;0;True;true_negative;0.8329060180439445;0.3329060180439445
291;1;1;female;26.0;78.85;0;0;S;"Barber, Miss. Ellen ""Nellie""";;0.764255649992491;1;True;true_positive;0.764255649992491;0.26425564999249096
233;0;2;male;59.0;13.5;0;0;S;Sjostedt, Mr. Ernst Adolf;;0.16384428709384885;0;True;true_negative;0.8361557129061512;0.33615571290615115
380;0;3;male;19.0;7.775;0;0;S;Gustafsson, Mr. Karl Gideon;;0.1645546408157762;0;True;true_negative;0.8354453591842238;0.3354453591842238
381;1;1;female;42.0;227.525;0;0;C;Bidois, Miss. Rosalie;;0.5631361664119934;1;True;true_positive;0.5631361664119934;0.06313616641199338
624;0;3;male;21.0;7.8542;0;0;S;Hansen, Mr. Henry Damsgaard;;0.3032247539915294;0;True;true_negative;0.6967752460084706;0.19677524600847057
590;0;3;male;;8.05;0;0;S;Murdlin, Mr. Joseph;;0.35467671587599153;0;True;true_negative;0.6453232841240084;0.14532328412400847
50;0;3;female;18.0;17.8;1;0;S;Arnold-Franchi, Mrs. Josef (Josefine Franchi);;0.5194010481241647;1;False;false_positive;0.5194010481241647;0.019401048124164655
246;0;1;male;44.0;90.0;2;0;Q;Minahan, Dr. William Edward;C78;0.4874570403631707;0;True;true_negative;0.5125429596368293;0.012542959636829276
729;0;2;male;25.0;26.0;1;0;S;Bryhl, Mr. Kurt Arnold Gottfrid;;0.17500583260695865;0;True;true_negative;0.8249941673930413;0.3249941673930413
29;1;3;female;;7.8792;0;0;Q;"O'Dwyer, Miss. Ellen ""Nellie""";;0.6076769799458176;1;True;true_positive;0.6076769799458176;0.1076769799458176
274;0;1;male;37.0;29.7;0;1;C;Natsch, Mr. Charles H;C118;0.484880870156647;0;True;true_negative;0.5151191298433531;0.015119129843353007
490;1;3;male;9.0;15.9;1;1;S;"Coutts, Master. Eden Leslie ""Neville""";;0.5020994585422439;1;True;true_positive;0.5020994585422439;0.002099458542243915
591;0;3;male;35.0;7.125;0;0;S;Rintamaki, Mr. Matti;;0.11104022843482422;0;True;true_negative;0.8889597715651758;0.3889597715651758
109;0;3;male;38.0;7.8958;0;0;S;Rekic, Mr. Tido;;0.16285281255348613;0;True;true_negative;0.8371471874465138;0.33714718744651384
361;0;3;male;40.0;27.9;1;4;S;Skoog, Mr. Wilhelm;;0.46335049677835755;0;True;true_negative;0.5366495032216425;0.036649503221642454
218;0;2;male;42.0;27.0;1;0;S;Jacobsohn, Mr. Sidney Samuel;;0.1596218586436427;0;True;true_negative;0.8403781413563574;0.3403781413563573
790;0;1;male;46.0;79.2;0;0;C;Guggenheim, Mr. Benjamin;B82 B84;0.3438398234275353;0;True;true_negative;0.6561601765724647;0.15616017657246473
508;1;1;male;;26.55;0;0;S;"Bradley, Mr. George (""George Arthur Brayton"")";;0.3979378804373113;0;False;false_negative;0.6020621195626887;0.10206211956268868
568;0;3;female;29.0;21.075;0;4;S;Palsson, Mrs. Nils (Alma Cornelia Berglund);;0.4564549647065117;0;True;true_negative;0.5435450352934883;0.0435450352934883
7;0;1;male;54.0;51.8625;0;0;S;McCarthy, Mr. Timothy J;E46;0.48125443122249817;0;True;true_negative;0.5187455687775018;0.01874556877750183
304;1;2;female;;12.35;0;0;Q;Keane, Miss. Nora A;E101;0.8393402384354806;1;True;true_positive;0.8393402384354806;0.33934023843548056
85;1;2;female;17.0;10.5;0;0;S;Ilett, Miss. Bertha;;0.6535653284478059;1;True;true_positive;0.6535653284478059;0.1535653284478059
681;0;3;female;;8.1375;0;0;Q;Peters, Miss. Katie;;0.7007466484165206;1;False;false_positive;0.7007466484165206;0.20074664841652057
519;1;2;female;36.0;26.0;1;0;S;"Angle, Mrs. William A (Florence ""Mary"" Agnes Hughes)";;0.5558331966322352;1;True;true_positive;0.5558331966322352;0.05583319663223518
258;1;1;female;30.0;86.5;0;0;S;Cherry, Miss. Gladys;B77;0.5692439090409159;1;True;true_positive;0.5692439090409159;0.06924390904091593
728;1;3;female;;7.7375;0;0;Q;Mannion, Miss. Margareth;;0.716657568944313;1;True;true_positive;0.716657568944313;0.21665756894431298
614;0;3;male;;7.75;0;0;Q;Horgan, Mr. John;;0.10368750624020766;0;True;true_negative;0.8963124937597924;0.39631249375979233
138;0;1;male;37.0;53.1;1;0;S;Futrelle, Mr. Jacques Heath;C123;0.35209372357463314;0;True;true_negative;0.6479062764253669;0.14790627642536686
153;0;3;male;55.5;8.05;0;0;S;Meo, Mr. Alfonzo;;0.458201472398442;0;True;true_negative;0.541798527601558;0.041798527601558
777;0;3;male;;7.75;0;0;Q;Tobin, Mr. Roger;F38;0.17192343471919697;0;True;true_negative;0.8280765652808031;0.32807656528080303
8;0;3;male;2.0;21.075;3;1;S;Palsson, Master. Gosta Leonard;;0.23721509074609443;0;True;true_negative;0.7627849092539056;0.2627849092539056
884;0;2;male;28.0;10.5;0;0;S;Banfield, Mr. Frederick James;;0.3137022072975252;0;True;true_negative;0.6862977927024748;0.18629779270247482
395;1;3;female;24.0;16.7;0;2;S;Sandstrom, Mrs. Hjalmar (Agnes Charlotta Bengtsson);G6;0.5171214023532998;1;True;true_positive;0.5171214023532998;0.01712140235329984
305;0;3;male;;8.05;0;0;S;"Williams, Mr. Howard Hugh ""Harry""";;0.35467671587599153;0;True;true_negative;0.6453232841240084;0.14532328412400847
316;1;3;female;26.0;7.8542;0;0;S;Nilsson, Miss. Helmina Josefina;;0.5029683400249381;1;True;true_positive;0.5029683400249381;0.0029683400249380654
581;1;2;female;25.0;30.0;1;1;S;Christy, Miss. Julie Rachel;;0.8526267446022097;1;True;true_positive;0.8526267446022097;0.35262674460220966
272;1;3;male;25.0;0.0;0;0;S;Tornquist, Mr. William Henry;;0.3498469506344904;0;False;false_negative;0.6501530493655097;0.1501530493655096
833;0;3;male;;7.2292;0;0;C;Saad, Mr. Amin;;0.4505866494282863;0;True;true_negative;0.5494133505717137;0.0494133505717137
670;1;1;female;;52.0;1;0;S;Taylor, Mrs. Elmer Zebley (Juliet Cummins Wright);C126;0.5692439090409159;1;True;true_positive;0.5692439090409159;0.06924390904091593
735;0;2;male;23.0;13.0;0;0;S;Troupiansky, Mr. Moses Aaron;;0.13796045029539525;0;True;true_negative;0.8620395497046047;0.3620395497046047
875;1;2;female;28.0;24.0;1;0;C;Abelson, Mrs. Samuel (Hannah Wizosky);;0.9043234984922818;1;True;true_positive;0.9043234984922818;0.4043234984922818
464;0;2;male;48.0;13.0;0;0;S;Milling, Mr. Jacob Christian;;0.3595303105658352;0;True;true_negative;0.6404696894341648;0.14046968943416482
288;0;3;male;22.0;7.8958;0;0;S;Naidenoff, Mr. Penko;;0.16700983804316372;0;True;true_negative;0.8329901619568363;0.3329901619568363
91;0;3;male;29.0;8.05;0;0;S;Christmann, Mr. Emil;;0.10993425288814343;0;True;true_negative;0.8900657471118566;0.3900657471118566
376;1;1;female;;82.1708;1;0;C;Meyer, Mrs. Edgar Joseph (Leila Saks);;0.5619851934305529;1;True;true_positive;0.5619851934305529;0.061985193430552865
397;0;3;female;31.0;7.8542;0;0;S;Olsson, Miss. Elina;;0.5344513023390776;1;False;false_positive;0.5344513023390776;0.03445130233907756
103;0;1;male;21.0;77.2875;0;1;S;White, Mr. Richard Frasar;D26;0.4319534073927623;0;True;true_negative;0.5680465926072378;0.06804659260723772
82;1;3;male;29.0;9.5;0;0;S;Sheerlinck, Mr. Jan Baptist;;0.10846297317732322;0;False;false_negative;0.8915370268226768;0.39153702682267677
637;0;3;male;32.0;7.925;0;0;S;Leinonen, Mr. Antti Gustaf;;0.455864584907236;0;True;true_negative;0.544135415092764;0.044135415092763974
225;1;1;male;38.0;90.0;1;0;S;Hoyt, Mr. Frederick Maxfield;C93;0.3927169786790989;0;False;false_negative;0.6072830213209011;0.10728302132090112
523;0;3;male;;7.225;0;0;C;Lahoud, Mr. Sarkis;;0.313626471799518;0;True;true_negative;0.6863735282004819;0.18637352820048197
200;0;2;female;24.0;13.0;0;0;S;"Yrois, Miss. Henriette (""Mrs Harbeck"")";;0.5340466389986318;1;False;false_positive;0.5340466389986318;0.034046638998631806
285;0;1;male;;26.0;0;0;S;Smith, Mr. Richard William;A19;0.4296677732159203;0;True;true_negative;0.5703322267840797;0.07033222678407969
139;0;3;male;16.0;9.2167;0;0;S;Osen, Mr. Olaf Elon;;0.11376327996359567;0;True;true_negative;0.8862367200364043;0.3862367200364043
271;0;1;male;;31.0;0;0;S;Cairns, Mr. Alexander;;0.47472855164624117;0;True;true_negative;0.5252714483537588;0.02527144835375883
113;0;3;male;22.0;8.05;0;0;S;Barton, Mr. David John;;0.35467671587599153;0;True;true_negative;0.6453232841240084;0.14532328412400847
721;1;2;female;6.0;33.0;0;1;S;"Harper, Miss. Annie Jessie ""Nina""";;0.6469761651921405;1;True;true_positive;0.6469761651921405;0.14697616519214052
181;0;3;female;;69.55;8;2;S;Sage, Miss. Constance Gladys;;0.41533335125981924;0;True;true_negative;0.5846666487401808;0.08466664874018076
636;1;2;female;28.0;13.0;0;0;S;Davis, Miss. Mary;;0.7851290685661011;1;True;true_positive;0.7851290685661011;0.2851290685661011
862;0;2;male;21.0;11.5;1;0;S;Giles, Mr. Frederick Edward;;0.13583314616112266;0;True;true_negative;0.8641668538388774;0.36416685383887737
412;0;3;male;;6.8583;0;0;Q;Hart, Mr. Henry;;0.34691556553123676;0;True;true_negative;0.6530844344687632;0.15308443446876324
18;1;2;male;;13.0;0;0;S;Williams, Mr. Charles Eugene;;0.3653052690561616;0;False;false_negative;0.6346947309438384;0.13469473094383838
222;0;2;male;27.0;13.0;0;0;S;Bracken, Mr. James H;;0.1511148345036564;0;True;true_negative;0.8488851654963436;0.34888516549634363
170;0;3;male;28.0;56.4958;0;0;S;Ling, Mr. Lee;;0.3580833051935169;0;True;true_negative;0.6419166948064832;0.1419166948064831
234;1;3;female;5.0;31.3875;4;2;S;Asplund, Miss. Lillian Gertrud;;0.12810673336011139;0;False;false_negative;0.8718932666398886;0.37189326663988864
434;0;3;male;17.0;7.125;0;0;S;Kallio, Mr. Nikolai Erland;;0.455864584907236;0;True;true_negative;0.544135415092764;0.044135415092763974
847;0;3;male;;69.55;8;2;S;Sage, Mr. Douglas Bullen;;0.3203110556912503;0;True;true_negative;0.6796889443087497;0.1796889443087497
711;1;1;female;24.0;49.5042;0;0;C;"Mayne, Mlle. Berthe Antonine (""Mrs de Villiers"")";C90;0.9222142333862459;1;True;true_positive;0.9222142333862459;0.42221423338624586
325;0;3;male;;69.55;8;2;S;Sage, Mr. George John Jr;;0.3208687757790326;0;True;true_negative;0.6791312242209674;0.1791312242209674
526;0;3;male;40.5;7.75;0;0;Q;Farrell, Mr. James;;0.34127500481398776;0;True;true_negative;0.6587249951860122;0.15872499518601224
78;0;3;male;;8.05;0;0;S;Moutal, Mr. Rahamin Haim;;0.35467671587599153;0;True;true_negative;0.6453232841240084;0.14532328412400847
642;1;1;female;24.0;69.3;0;0;C;Sagesser, Mlle. Emma;B35;0.575352066659096;1;True;true_positive;0.575352066659096;0.075352066659096
348;1;3;female;;16.1;1;0;S;Davison, Mrs. Thomas Henry (Mary E Finck);;0.5112885226688142;1;True;true_positive;0.5112885226688142;0.011288522668814194
758;0;2;male;18.0;11.5;0;0;S;Bailey, Mr. Percy Andrew;;0.128501458880722;0;True;true_negative;0.8714985411192779;0.371498541119278
374;0;1;male;22.0;135.6333;0;0;C;Ringhini, Mr. Sante;;0.4758777799630562;0;True;true_negative;0.5241222200369438;0.02412222003694381
124;1;2;female;32.5;13.0;0;0;S;Webber, Miss. Susan;E101;0.8945362791380475;1;True;true_positive;0.8945362791380475;0.39453627913804745
473;1;2;female;33.0;27.75;1;2;S;West, Mrs. Edwy Arthur (Ada Mary Worth);;0.5508523966303128;1;True;true_positive;0.5508523966303128;0.050852396630312824
204;0;3;male;45.5;7.225;0;0;C;Youseff, Mr. Gerious;;0.3137543114170269;0;True;true_negative;0.6862456885829731;0.18624568858297308
231;1;1;female;35.0;83.475;1;0;S;Harris, Mrs. Henry Birkhardt (Irene Wallach);C83;0.7024407357445148;1;True;true_positive;0.7024407357445148;0.20244073574451482
47;0;3;male;;15.5;1;0;Q;Lennon, Mr. Denis;;0.2979464979886974;0;True;true_negative;0.7020535020113026;0.20205350201130262
692;1;3;female;4.0;13.4167;0;1;C;Karun, Miss. Manca;;0.5298949531704786;1;True;true_positive;0.5298949531704786;0.029894953170478633
647;0;3;male;19.0;7.8958;0;0;S;Cor, Mr. Liudevit;;0.455864584907236;0;True;true_negative;0.544135415092764;0.044135415092763974
696;0;2;male;52.0;13.5;0;0;S;Chapman, Mr. Charles Henry;;0.12687590375345548;0;True;true_negative;0.8731240962465445;0.3731240962465445
857;1;1;female;45.0;164.8667;1;1;S;Wick, Mrs. George Dennick (Mary Hitchcock);;0.7485490753098415;1;True;true_positive;0.7485490753098415;0.2485490753098415
720;0;3;male;33.0;7.775;0;0;S;Johnson, Mr. Malkolm Joackim;;0.455864584907236;0;True;true_negative;0.544135415092764;0.044135415092763974
429;0;3;male;;7.75;0;0;Q;Flynn, Mr. James;;0.34691556553123676;0;True;true_negative;0.6530844344687632;0.15308443446876324
461;1;1;male;48.0;26.55;0;0;S;Anderson, Mr. Harry;E12;0.3935650461937545;0;False;false_negative;0.6064349538062455;0.10643495380624551
820;0;3;male;10.0;27.9;3;2;S;Skoog, Master. Karl Thorsten;;0.13757539872695373;0;True;true_negative;0.8624246012730463;0.36242460127304627
311;1;1;female;24.0;83.1583;0;0;C;Hays, Miss. Margaret Bechstein;C54;0.575352066659096;1;True;true_positive;0.575352066659096;0.075352066659096
760;1;1;female;33.0;86.5;0;0;S;Rothes, the Countess. of (Lucy Noel Martha Dyer-Edwards);B77;0.5198094243040672;1;True;true_positive;0.5198094243040672;0.01980942430406718
350;0;3;male;42.0;8.6625;0;0;S;Dimic, Mr. Jovan;;0.3489773951666486;0;True;true_negative;0.6510226048333514;0.1510226048333514
445;1;3;male;;8.1125;0;0;S;Johannesen-Bratthammer, Mr. Bernt;;0.10993425288814343;0;False;false_negative;0.8900657471118566;0.3900657471118566
136;0;2;male;23.0;15.0458;0;0;C;Richard, Mr. Emile;;0.1778133763600503;0;True;true_negative;0.8221866236399498;0.3221866236399497
848;0;3;male;35.0;7.8958;0;0;C;Markoff, Mr. Marin;;0.11063914035463318;0;True;true_negative;0.8893608596453668;0.3893608596453668
66;1;3;male;;15.2458;1;1;C;Moubarek, Master. Gerios;;0.5020134783950447;1;True;true_positive;0.5020134783950447;0.002013478395044732
654;1;3;female;;7.8292;0;0;Q;"O'Leary, Miss. Hanora ""Norah""";;0.6076769799458176;1;True;true_positive;0.6076769799458176;0.1076769799458176
750;0;3;male;31.0;7.75;0;0;Q;Connaghton, Mr. Michael;;0.10368750624020766;0;True;true_negative;0.8963124937597924;0.39631249375979233
362;0;2;male;29.0;27.7208;1;0;C;del Carlo, Mr. Sebastiano;;0.3929711133076056;0;True;true_negative;0.6070288866923944;0.10702888669239441
387;0;3;male;1.0;46.9;5;2;S;Goodwin, Master. Sidney Leonard;;0.38549854794206306;0;True;true_negative;0.6145014520579369;0.11450145205793694
122;0;3;male;;8.05;0;0;S;Moore, Mr. Leonard Charles;;0.16959651710526263;0;True;true_negative;0.8304034828947373;0.33040348289473737
535;0;3;female;30.0;8.6625;0;0;S;Cacic, Miss. Marija;;0.5187785067222244;1;False;false_positive;0.5187785067222244;0.018778506722224364
827;0;3;male;;56.4958;0;0;S;Lam, Mr. Len;;0.3563886654416827;0;True;true_negative;0.6436113345583173;0.14361133455831732
685;0;2;male;60.0;39.0;1;1;S;Brown, Mr. Thomas William Solomon;;0.4737250817172013;0;True;true_negative;0.5262749182827987;0.02627491828279871
347;1;2;female;40.0;13.0;0;0;S;Smith, Miss. Marion Elsie;;0.5221701030772434;1;True;true_positive;0.5221701030772434;0.02217010307724343
889;0;3;female;;23.45;1;2;S;"Johnston, Miss. Catherine Helen ""Carrie""";;0.4725068227708985;0;True;true_negative;0.5274931772291015;0.027493177229101495
319;1;1;female;31.0;164.8667;0;2;S;Wick, Miss. Mary Natalie;C7;0.9017462389781312;1;True;true_positive;0.9017462389781312;0.4017462389781312
252;0;3;female;29.0;10.4625;1;1;S;Strom, Mrs. Wilhelm (Elna Matilda Persson);G6;0.797563411713141;1;False;false_positive;0.797563411713141;0.29756341171314105
301;1;3;female;;7.75;0;0;Q;"Kelly, Miss. Anna Katherine ""Annie Kate""";;0.5259101328620848;1;True;true_positive;0.5259101328620848;0.025910132862084767
580;1;3;male;32.0;7.925;0;0;S;Jussila, Mr. Eiriik;;0.11334650540830696;0;False;false_negative;0.8866534945916931;0.38665349459169307
407;0;3;male;51.0;7.75;0;0;S;Widegren, Mr. Carl/Charles Peter;;0.11187544265865304;0;True;true_negative;0.888124557341347;0.388124557341347
338;1;1;female;41.0;134.5;0;0;C;Burns, Miss. Elizabeth Margaret;E40;0.9184354148253708;1;True;true_positive;0.9184354148253708;0.41843541482537083
717;1;1;female;38.0;227.525;0;0;C;Endres, Miss. Caroline Louise;C45;0.9223889361813228;1;True;true_positive;0.9223889361813228;0.4223889361813228
298;0;1;female;2.0;151.55;1;2;S;Allison, Miss. Helen Loraine;C22 C26;0.5642956108485222;1;False;false_positive;0.5642956108485222;0.0642956108485222
573;1;1;male;36.0;26.3875;0;0;S;"Flynn, Mr. John Irwin (""Irving"")";E25;0.4332043548554343;0;False;false_negative;0.5667956451445657;0.06679564514456571
51;0;3;male;7.0;39.6875;4;1;S;Panula, Master. Juha Niilo;;0.1418936347958722;0;True;true_negative;0.8581063652041279;0.3581063652041278
676;0;3;male;18.0;7.775;0;0;S;Edvardsson, Mr. Gustaf Hjalmar;;0.108763322141218;0;True;true_negative;0.891236677858782;0.391236677858782
571;1;2;male;62.0;10.5;0;0;S;Harris, Mr. George;;0.30283932260424723;0;False;false_negative;0.6971606773957528;0.19716067739575277
756;1;2;male;0.67;14.5;1;1;S;Hamalainen, Master. Viljo;;0.7430645518767994;1;True;true_positive;0.7430645518767994;0.24306455187679943
120;0;3;female;2.0;31.275;4;2;S;Andersson, Miss. Ellis Anna Maria;;0.4191816199324945;0;True;true_negative;0.5808183800675055;0.08081838006750552
466;0;3;male;38.0;7.05;0;0;S;Goncalves, Mr. Manuel Estanslas;;0.34127500481398776;0;True;true_negative;0.6587249951860122;0.15872499518601224
570;1;3;male;32.0;7.8542;0;0;S;Jonsson, Mr. Carl;;0.455864584907236;0;False;false_negative;0.544135415092764;0.044135415092763974
418;1;2;female;18.0;13.0;0;2;S;Silven, Miss. Lyyli Karoliina;;0.7946912648453808;1;True;true_positive;0.7946912648453808;0.2946912648453808
17;0;3;male;2.0;29.125;4;1;Q;Rice, Master. Eugene;;0.3053044007081821;0;True;true_negative;0.6946955992918179;0.1946955992918179
264;0;1;male;40.0;0.0;0;0;S;Harrison, Mr. William;B94;0.4036044703769958;0;True;true_negative;0.5963955296230041;0.09639552962300418
64;0;3;male;4.0;27.9;3;2;S;Skoog, Master. Harald;;0.21800958814188803;0;True;true_negative;0.781990411858112;0.28199041185811197
448;1;1;male;34.0;26.55;0;0;S;Seward, Mr. Frederic Kimber;;0.1989119878930527;0;False;false_negative;0.8010880121069472;0.3010880121069473
689;0;3;male;18.0;7.7958;0;0;S;Fischer, Mr. Eberhard Thelander;;0.455864584907236;0;True;true_negative;0.544135415092764;0.044135415092763974
877;0;3;male;20.0;9.8458;0;0;S;Gustafsson, Mr. Alfred Ossian;;0.3032247539915294;0;True;true_negative;0.6967752460084706;0.19677524600847057
475;0;3;female;22.0;9.8375;0;0;S;Strandberg, Miss. Ida Sofia;;0.5029683400249381;1;False;false_positive;0.5029683400249381;0.0029683400249380654
840;1;1;male;;29.7;0;0;C;Marechal, Mr. Pierre;C47;0.43924872835118206;0;False;false_negative;0.5607512716488179;0.06075127164881794
398;0;2;male;46.0;26.0;0;0;S;McKane, Mr. Peter David;;0.3687424569689642;0;True;true_negative;0.6312575430310359;0.13125754303103582
114;0;3;female;20.0;9.825;1;0;S;Jussila, Miss. Katriina;;0.5029683400249381;1;False;false_positive;0.5029683400249381;0.0029683400249380654
83;1;3;female;;7.7875;0;0;Q;McDermott, Miss. Brigdet Delia;;0.5375914228846036;1;True;true_positive;0.5375914228846036;0.0375914228846036
882;0;3;male;33.0;7.8958;0;0;S;Markun, Mr. Johann;;0.455864584907236;0;True;true_negative;0.544135415092764;0.044135415092763974
98;1;1;male;23.0;63.3583;0;1;C;Greenfield, Mr. William Bertram;D10 D12;0.4837047202940012;0;False;false_negative;0.5162952797059988;0.01629527970599881
469;0;3;male;;7.725;0;0;Q;Scanlan, Mr. James;;0.4505866494282863;0;True;true_negative;0.5494133505717137;0.0494133505717137
612;0;3;male;;7.05;0;0;S;Jardin, Mr. Jose Neto;;0.3016677260780549;0;True;true_negative;0.6983322739219451;0.19833227392194508
549;0;3;male;33.0;20.525;1;1;S;Goldsmith, Mr. Frank John;;0.3022518903722758;0;True;true_negative;0.6977481096277243;0.1977481096277242
773;0;2;female;57.0;10.5;0;0;S;Mack, Mrs. (Mary);E77;0.5357989254571827;1;False;false_positive;0.5357989254571827;0.03579892545718266
678;1;3;female;18.0;9.8417;0;0;S;Turja, Miss. Anna Sofia;;0.5375914228846036;1;True;true_positive;0.5375914228846036;0.0375914228846036
182;0;2;male;;15.05;0;0;C;Pernot, Mr. Rene;;0.3180423584391668;0;True;true_negative;0.6819576415608333;0.18195764156083322
36;0;1;male;42.0;52.0;1;0;S;Holverson, Mr. Alexander Oskar;;0.3648563726338194;0;True;true_negative;0.6351436273661806;0.13514362736618057
295;0;3;male;24.0;7.8958;0;0;S;Mineff, Mr. Ivan;;0.455864584907236;0;True;true_negative;0.544135415092764;0.044135415092763974
871;0;3;male;26.0;7.8958;0;0;S;Balkic, Mr. Cerin;;0.455864584907236;0;True;true_negative;0.544135415092764;0.044135415092763974
714;0;3;male;29.0;9.4833;0;0;S;Larsson, Mr. August Viktor;;0.455864584907236;0;True;true_negative;0.544135415092764;0.044135415092763974
148;0;3;female;9.0;34.375;2;2;S;"Ford, Miss. Robina Maggie ""Ruby""";;0.14342341669361913;0;True;true_negative;0.8565765833063809;0.35657658330638087
128;1;3;male;24.0;7.1417;0;0;S;Madsen, Mr. Fridtjof Arne;;0.455864584907236;0;False;false_negative;0.544135415092764;0.044135415092763974
502;0;3;female;21.0;7.75;0;0;Q;Canavan, Miss. Mary;;0.7082038574241694;1;False;false_positive;0.7082038574241694;0.20820385742416936
191;1;2;female;32.0;13.0;0;0;S;Pinsky, Mrs. (Rosa);;0.7864681411918352;1;True;true_positive;0.7864681411918352;0.28646814119183517
659;0;2;male;23.0;13.0;0;0;S;Eitemiller, Mr. George Floyd;;0.3653052690561616;0;True;true_negative;0.6346947309438384;0.13469473094383838
283;0;3;male;16.0;9.5;0;0;S;de Pelsmaeker, Mr. Alfons;;0.30973041584686845;0;True;true_negative;0.6902695841531316;0.19026958415313155
608;1;1;male;27.0;30.5;0;0;S;Daniel, Mr. Robert Williams;;0.47472855164624117;0;False;false_negative;0.5252714483537588;0.02527144835375883
375;0;3;female;3.0;21.075;3;1;S;Palsson, Miss. Stina Viola;;0.4574482029266303;0;True;true_negative;0.5425517970733698;0.0425517970733697
384;1;1;female;35.0;52.0;1;0;S;Holverson, Mrs. Alexander Oskar (Mary Aline Towner);;0.8669295648937279;1;True;true_positive;0.8669295648937279;0.36692956489372786
183;0;3;male;9.0;31.3875;4;2;S;Asplund, Master. Clarence Gustaf Hugo;;0.35673309335186004;0;True;true_negative;0.64326690664814;0.14326690664813996
75;1;3;male;32.0;56.4958;0;0;S;Bing, Mr. Lee;;0.35309092615186505;0;False;false_negative;0.6469090738481349;0.14690907384813495
169;0;1;male;;25.925;0;0;S;Baumann, Mr. John D;;0.47472855164624117;0;True;true_negative;0.5252714483537588;0.02527144835375883
390;1;2;female;17.0;12.0;0;0;C;Lehmann, Miss. Bertha;;0.5389212477241003;1;True;true_positive;0.5389212477241003;0.03892124772410033
67;1;2;female;29.0;10.5;0;0;S;Nye, Mrs. (Elizabeth Ramell);F33;0.8820738870117397;1;True;true_positive;0.8820738870117397;0.3820738870117397
766;1;1;female;51.0;77.9583;1;0;S;Hogeboom, Mrs. John C (Anna Andrews);D11;0.5575714273672361;1;True;true_positive;0.5575714273672361;0.05757142736723608
213;0;3;male;22.0;7.25;0;0;S;Perkin, Mr. John Henry;;0.34691556553123676;0;True;true_negative;0.6530844344687632;0.15308443446876324
49;0;3;male;;21.6792;2;0;C;Samaan, Mr. Youssef;;0.13415722842083577;0;True;true_negative;0.8658427715791642;0.3658427715791642
296;0;1;male;;27.7208;0;0;C;Lewy, Mr. Ervin G;;0.4007473207869397;0;True;true_negative;0.5992526792130604;0.0992526792130603
147;1;3;male;27.0;7.7958;0;0;S;"Andersson, Mr. August Edvard (""Wennerstrom"")";;0.16700983804316372;0;False;false_negative;0.8329901619568363;0.3329901619568363
360;1;3;female;;7.8792;0;0;Q;"Mockler, Miss. Helen Mary ""Ellie""";;0.6076769799458176;1;True;true_positive;0.6076769799458176;0.1076769799458176
322;0;3;male;27.0;7.8958;0;0;S;Danoff, Mr. Yoto;;0.35467671587599153;0;True;true_negative;0.6453232841240084;0.14532328412400847
794;0;1;male;;30.6958;0;0;C;Hoyt, Mr. William Fisher;;0.4073166054051153;0;True;true_negative;0.5926833945948847;0.09268339459488473
25;0;3;female;8.0;21.075;3;1;S;Palsson, Miss. Torborg Danira;;0.17670334709082616;0;True;true_negative;0.8232966529091739;0.32329665290917386
736;0;3;male;28.5;16.1;0;0;S;Williams, Mr. Leslie;;0.12205098913300552;0;True;true_negative;0.8779490108669945;0.3779490108669945
111;0;1;male;47.0;52.0;0;0;S;Porter, Mr. Walter Chamberlain;C110;0.4239269892140449;0;True;true_negative;0.5760730107859551;0.07607301078595508
340;0;1;male;45.0;35.5;0;0;S;Blackwell, Mr. Stephen Weart;T;0.35017505497940393;0;True;true_negative;0.6498249450205961;0.14982494502059607
539;0;3;male;;14.5;0;0;S;Risien, Mr. Samuel Beard;;0.30156395970718836;0;True;true_negative;0.6984360402928116;0.19843604029281164
394;1;1;female;23.0;113.275;1;0;C;Newell, Miss. Marjorie;D36;0.7876851050819821;1;True;true_positive;0.7876851050819821;0.2876851050819821
443;0;3;male;25.0;7.775;1;0;S;Petterson, Mr. Johan Emil;;0.11328635101289218;0;True;true_negative;0.8867136489871078;0.3867136489871078
416;0;3;female;;8.05;0;0;S;Meek, Mrs. Thomas (Annie Louise Rowley);;0.5187785067222244;1;False;false_positive;0.5187785067222244;0.018778506722224364
364;0;3;male;35.0;7.05;0;0;S;Asim, Mr. Adola;;0.1637339648388335;0;True;true_negative;0.8362660351611665;0.3362660351611665
392;1;3;male;21.0;7.7958;0;0;S;Jansson, Mr. Carl Olof;;0.455864584907236;0;False;false_negative;0.544135415092764;0.044135415092763974
643;0;3;female;2.0;27.9;3;2;S;Skoog, Miss. Margit Elizabeth;;0.42717203868428083;0;True;true_negative;0.5728279613157192;0.07282796131571917
699;0;1;male;49.0;110.8833;1;1;C;Thayer, Mr. John Borland;C68;0.4824049487807264;0;True;true_negative;0.5175950512192736;0.017595051219273627
787;1;3;female;18.0;7.4958;0;0;S;Sjoblom, Miss. Anna Sofia;;0.4329485099038515;0;False;false_negative;0.5670514900961485;0.06705149009614852
70;0;3;male;26.0;8.6625;2;0;S;Kink, Mr. Vincenz;;0.14669456249337637;0;True;true_negative;0.8533054375066236;0.35330543750662363
467;0;2;male;;0.0;0;0;S;Campbell, Mr. William;;0.315882812783422;0;True;true_negative;0.684117187216578;0.184117187216578
176;0;3;male;18.0;7.8542;1;1;S;Klasen, Mr. Klas Albin;;0.455864584907236;0;True;true_negative;0.544135415092764;0.044135415092763974
281;0;3;male;65.0;7.75;0;0;Q;Duane, Mr. Frank;;0.29943371588412815;0;True;true_negative;0.7005662841158719;0.20056628411587185
835;0;3;male;18.0;8.3;0;0;S;Allum, Mr. Owen George;;0.35467671587599153;0;True;true_negative;0.6453232841240084;0.14532328412400847
669;0;3;male;43.0;8.05;0;0;S;Cook, Mr. Jacob;;0.3489773951666486;0;True;true_negative;0.6510226048333514;0.1510226048333514
449;1;3;female;5.0;19.2583;2;1;C;Baclini, Miss. Marie Catherine;;0.5052225960792076;1;True;true_positive;0.5052225960792076;0.005222596079207609
229;0;2;male;18.0;13.0;0;0;S;Fahlstrom, Mr. Arne Jonas;;0.13422702309412904;0;True;true_negative;0.865772976905871;0.36577297690587096
421;0;3;male;;7.8958;0;0;C;Gheorgheff, Mr. Stanio;;0.3598620475935208;0;True;true_negative;0.6401379524064792;0.1401379524064792
221;1;3;male;16.0;8.05;0;0;S;Sunderland, Mr. Victor Francis;;0.30973041584686845;0;False;false_negative;0.6902695841531316;0.19026958415313155
71;0;2;male;32.0;10.5;0;0;S;Jenkin, Mr. Stephen Curnow;;0.13869282725304102;0;True;true_negative;0.861307172746959;0.361307172746959
834;0;3;male;23.0;7.8542;0;0;S;Augustsson, Mr. Albert;;0.35467671587599153;0;True;true_negative;0.6453232841240084;0.14532328412400847
886;0;3;female;39.0;29.125;0;5;Q;Rice, Mrs. William (Margaret Norton);;0.4918973833397689;0;True;true_negative;0.5081026166602312;0.008102616660231099
16;1;2;female;55.0;16.0;0;0;S;Hewlett, Mrs. (Mary D Kingcome) ;;0.6484402025475077;1;True;true_positive;0.6484402025475077;0.14844020254750767
587;0;2;male;47.0;15.0;0;0;S;Jarvis, Mr. John Denzil;;0.4504130538072022;0;True;true_negative;0.5495869461927978;0.0495869461927978
582;1;1;female;39.0;110.8833;1;1;C;Thayer, Mrs. John Borland (Marian Longstreth Morris);C68;0.9162857103837577;1;True;true_positive;0.9162857103837577;0.4162857103837577
628;1;1;female;21.0;77.9583;0;0;S;Longley, Miss. Gretchen Fiske;D9;0.9573597903415421;1;True;true_positive;0.9573597903415421;0.45735979034154206
330;1;1;female;16.0;57.9792;0;1;C;Hippach, Miss. Jean Gertrude;B18;0.575352066659096;1;True;true_positive;0.575352066659096;0.075352066659096
726;0;3;male;20.0;8.6625;0;0;S;Oreskovic, Mr. Luka;;0.455864584907236;0;True;true_negative;0.544135415092764;0.044135415092763974
409;0;3;male;21.0;7.775;0;0;S;Birkeland, Mr. Hans Martin Monsen;;0.455864584907236;0;True;true_negative;0.544135415092764;0.044135415092763974
664;0;3;male;36.0;7.4958;0;0;S;Coleff, Mr. Peju;;0.11334650540830696;0;True;true_negative;0.8866534945916931;0.38665349459169307
507;1;2;female;33.0;26.0;0;2;S;Quick, Mrs. Frederick Charles (Jane Richards);;0.8416450576569294;1;True;true_positive;0.8416450576569294;0.34164505765692943
737;0;3;female;48.0;34.375;1;3;S;Ford, Mrs. Edward (Margaret Ann Watson);;0.4620575198630778;0;True;true_negative;0.5379424801369221;0.037942480136922196
578;1;1;female;39.0;55.9;1;0;S;Silvey, Mrs. William Baird (Alice Munger);E44;0.9608940844941061;1;True;true_positive;0.9608940844941061;0.46089408449410607
607;0;3;male;30.0;7.8958;0;0;S;Karaic, Mr. Milan;;0.11054401146709293;0;True;true_negative;0.8894559885329071;0.3894559885329071
287;1;3;male;30.0;9.5;0;0;S;de Mulder, Mr. Theodore;;0.10846297317732322;0;False;false_negative;0.8915370268226768;0.39153702682267677
839;1;3;male;32.0;56.4958;0;0;S;Chip, Mr. Chang;;0.3563886654416827;0;False;false_negative;0.6436113345583173;0.14361133455831732
435;0;1;male;50.0;55.9;1;0;S;Silvey, Mr. William Baird;E44;0.4239269892140449;0;True;true_negative;0.5760730107859551;0.07607301078595508
592;1;1;female;52.0;78.2667;1;0;C;Stephenson, Mrs. Walter Bertram (Martha Eustis);D20;0.9254142744875272;1;True;true_positive;0.9254142744875272;0.4254142744875272
145;0;2;male;18.0;11.5;0;0;S;Andrew, Mr. Edgardo Samuel;;0.32696890632787645;0;True;true_negative;0.6730310936721235;0.17303109367212355
243;0;2;male;29.0;10.5;0;0;S;Coleridge, Mr. Reginald Charles;;0.14594552349468223;0;True;true_negative;0.8540544765053177;0.35405447650531774
601;1;2;female;24.0;27.0;2;1;S;Jacobsohn, Mrs. Sidney Samuel (Amy Frances Christy);;0.6840940418009818;1;True;true_positive;0.6840940418009818;0.18409404180098177
819;0;3;male;43.0;6.45;0;0;S;Holm, Mr. John Fredrik Alexander;;0.15946835044369695;0;True;true_negative;0.8405316495563031;0.34053164955630305
722;0;3;male;17.0;7.0542;1;0;S;Jensen, Mr. Svend Lauritz;;0.15337306582274424;0;True;true_negative;0.8466269341772558;0.34662693417725576
19;0;3;female;31.0;18.0;1;0;S;Vander Planke, Mrs. Julius (Emelia Maria Vandemoortele);;0.5112885226688142;1;False;false_positive;0.5112885226688142;0.011288522668814194
631;1;1;male;80.0;30.0;0;0;S;Barkworth, Mr. Algernon Henry Wilson;A23;0.2770648124480846;0;False;false_negative;0.7229351875519154;0.22293518755191538
256;1;3;female;29.0;15.2458;0;2;C;Touma, Mrs. Darwis (Hanne Youssef Razi);;0.505739822832433;1;True;true_positive;0.505739822832433;0.005739822832433017
809;0;2;male;39.0;13.0;0;0;S;Meyer, Mr. August;;0.32821144476553576;0;True;true_negative;0.6717885552344642;0.17178855523446424
39;0;3;female;18.0;18.0;2;0;S;Vander Planke, Miss. Augusta Maria;;0.4858161666167617;0;True;true_negative;0.5141838333832383;0.014183833383238309
686;0;2;male;25.0;41.5792;1;2;C;Laroche, Mr. Joseph Philippe Lemercier;;0.49342160634951826;0;True;true_negative;0.5065783936504817;0.00657839365048174
299;1;1;male;;30.5;0;0;S;Saalfeld, Mr. Adolphe;C106;0.4296677732159203;0;False;false_negative;0.5703322267840797;0.07033222678407969
369;1;3;female;;7.75;0;0;Q;Jermyn, Miss. Annie;;0.505739822832433;1;True;true_positive;0.505739822832433;0.005739822832433017
112;0;3;female;14.5;14.4542;1;0;C;Zabour, Miss. Hileni;;0.5257672369081406;1;False;false_positive;0.5257672369081406;0.025767236908140645
501;0;3;male;17.0;8.6625;0;0;S;Calic, Mr. Petar;;0.455864584907236;0;True;true_negative;0.544135415092764;0.044135415092763974
863;1;1;female;48.0;25.9292;0;0;S;Swift, Mrs. Frederick Joel (Margaret Welles Barron);D17;0.873434541488283;1;True;true_positive;0.873434541488283;0.37343454148828303
388;1;2;female;36.0;13.0;0;0;S;Buss, Miss. Kate;;0.7838985747555524;1;True;true_positive;0.7838985747555524;0.28389857475555236
593;0;3;male;47.0;7.25;0;0;S;Elsbury, Mr. William James;;0.1537605076802585;0;True;true_negative;0.8462394923197415;0.3462394923197415
45;1;3;female;19.0;7.8792;0;0;Q;Devaney, Miss. Margaret Delia;;0.5375914228846036;1;True;true_positive;0.5375914228846036;0.0375914228846036
594;0;3;female;;7.75;0;2;Q;Bourke, Miss. Mary;;0.6638004549005105;1;False;false_positive;0.6638004549005105;0.16380045490051054
386;0;2;male;18.0;73.5;0;0;S;Davies, Mr. Charles Henry;;0.24089604213955776;0;True;true_negative;0.7591039578604423;0.25910395786044227
867;1;2;female;27.0;13.8583;1;0;C;Duran y More, Miss. Asuncion;;0.5389212477241003;1;True;true_positive;0.5389212477241003;0.03892124772410033
572;1;1;female;53.0;51.4792;2;0;S;Appleton, Mrs. Edward Dale (Charlotte Lamson);C101;0.6976948356395082;1;True;true_positive;0.6976948356395082;0.19769483563950818
764;1;1;female;36.0;120.0;1;2;S;Carter, Mrs. William Ernest (Lucile Polk);B96 B98;0.7433191211673098;1;True;true_positive;0.7433191211673098;0.2433191211673098
187;1;3;female;;15.5;1;0;Q;"O'Brien, Mrs. Thomas (Johanna ""Hannah"" Godfrey)";;0.5507941200586773;1;True;true_positive;0.5507941200586773;0.05079412005867734
162;1;2;female;40.0;15.75;0;0;S;"Watt, Mrs. James (Elizabeth ""Bessie"" Inglis Milne)";;0.6615134354775124;1;True;true_positive;0.6615134354775124;0.1615134354775124
411;0;3;male;;7.8958;0;0;S;Sdycoff, Mr. Todor;;0.35467671587599153;0;True;true_negative;0.6453232841240084;0.14532328412400847
408;1;2;male;3.0;18.75;1;1;S;Richards, Master. William Rowe;;0.49221370215508414;0;False;false_negative;0.5077862978449159;0.007786297844915857
131;0;3;male;33.0;7.8958;0;0;C;Drazenoic, Mr. Jozef;;0.3598620475935208;0;True;true_negative;0.6401379524064792;0.1401379524064792
193;1;3;female;19.0;7.8542;1;0;S;Andersen-Jensen, Miss. Carla Christine Nielsine;;0.41810912766932584;0;False;false_negative;0.5818908723306742;0.08189087233067416
450;1;1;male;52.0;30.5;0;0;S;Peuchen, Major. Arthur Godfrey;C104;0.36730478521568943;0;False;false_negative;0.6326952147843106;0.13269521478431057
853;0;3;female;9.0;15.2458;1;1;C;Boulos, Miss. Nourelain;;0.5622422586546282;1;False;false_positive;0.5622422586546282;0.06224225865462818
704;0;3;male;25.0;7.7417;0;0;Q;Gallagher, Mr. Martin;;0.10860916634717792;0;True;true_negative;0.8913908336528221;0.39139083365282207
487;1;1;female;35.0;90.0;1;0;S;Hoyt, Mrs. Frederick Maxfield (Jane Anne Forby);C93;0.5692439090409159;1;True;true_positive;0.5692439090409159;0.06924390904091593
309;0;2;male;30.0;24.0;1;0;C;Abelson, Mr. Samuel;;0.3929711133076056;0;True;true_negative;0.6070288866923944;0.10702888669239441
121;0;2;male;21.0;73.5;2;0;S;Hickman, Mr. Stanley George;;0.21007467462123786;0;True;true_negative;0.7899253253787621;0.28992532537876214
600;1;1;male;49.0;56.9292;1;0;C;"Duff Gordon, Sir. Cosmo Edmund (""Mr Morgan"")";A20;0.5016074907097133;1;True;true_positive;0.5016074907097133;0.0016074907097133329
324;1;2;female;22.0;29.0;1;1;S;Caldwell, Mrs. Albert Francis (Sylvia Mae Harbaugh);;0.9175375225135394;1;True;true_positive;0.9175375225135394;0.41753752251353937
457;0;1;male;65.0;26.55;0;0;S;Millet, Mr. Francis Davis;E38;0.2835187576010971;0;True;true_negative;0.7164812423989029;0.21648124239890287
557;1;1;female;48.0;39.6;1;0;C;"Duff Gordon, Lady. (Lucille Christiana Sutherland) (""Mrs Morgan"")";A16;0.5265129821805161;1;True;true_positive;0.5265129821805161;0.02651298218051612
186;0;1;male;;50.0;0;0;S;Rood, Mr. Hugh Roscoe;A32;0.40131667926199044;0;True;true_negative;0.5986833207380096;0.09868332073800956
297;0;3;male;23.5;7.2292;0;0;C;Hanna, Mr. Mansour;;0.315217362299113;0;True;true_negative;0.684782637700887;0.184782637700887
796;0;2;male;39.0;13.0;0;0;S;Otter, Mr. Richard;;0.4650815310021733;0;True;true_negative;0.5349184689978267;0.03491846899782669
144;0;3;male;19.0;6.75;0;0;Q;Burke, Mr. Jeremiah;;0.0905219259580817;0;True;true_negative;0.9094780740419183;0.40947807404191827
241;0;3;female;;14.4542;1;0;C;Zabour, Miss. Thamine;;0.505739822832433;1;False;false_positive;0.505739822832433;0.005739822832433017
836;1;1;female;39.0;83.1583;1;1;C;Compton, Miss. Sara Rebecca;E49;0.6935389098875989;1;True;true_positive;0.6935389098875989;0.19353890988759892
802;1;2;female;31.0;26.25;1;1;S;Collyer, Mrs. Harvey (Charlotte Annie Tate);;0.6652443340990276;1;True;true_positive;0.6652443340990276;0.1652443340990276
609;1;2;female;22.0;41.5792;1;2;C;Laroche, Mrs. Joseph (Juliette Marie Louise Lafargue);;0.6984050281090846;1;True;true_positive;0.6984050281090846;0.19840502810908456
488;0;1;male;58.0;29.7;0;0;C;Kent, Mr. Edward Austin;B37;0.3391160097346272;0;True;true_negative;0.6608839902653728;0.1608839902653728
784;0;3;male;;23.45;1;2;S;Johnston, Mr. Andrew G;;0.15602377314422294;0;True;true_negative;0.8439762268557771;0.34397622685577706
239;0;2;male;19.0;10.5;0;0;S;Pengelly, Mr. Frederick William;;0.3137022072975252;0;True;true_negative;0.6862977927024748;0.18629779270247482
638;0;2;male;31.0;26.25;1;1;S;Collyer, Mr. Harvey;;0.20721540579920955;0;True;true_negative;0.7927845942007905;0.29278459420079045
550;1;2;male;8.0;36.75;1;1;S;Davies, Master. John Morgan Jr;;0.5666032672720592;1;True;true_positive;0.5666032672720592;0.06660326727205923
190;0;3;male;36.0;7.8958;0;0;S;Turcin, Mr. Stjepan;;0.455864584907236;0;True;true_negative;0.544135415092764;0.044135415092763974
660;0;1;male;58.0;113.275;0;2;C;Newell, Mr. Arthur Webster;D48;0.42135894751796804;0;True;true_negative;0.578641052482032;0.07864105248203196
399;0;2;male;23.0;10.5;0;0;S;Pain, Dr. Alfred;;0.39952051512116615;0;True;true_negative;0.6004794848788338;0.10047948487883385
730;0;3;female;25.0;7.925;1;0;S;Ilmakangas, Miss. Pieta Sofia;;0.5352950374666209;1;False;false_positive;0.5352950374666209;0.03529503746662088
606;0;3;male;36.0;15.55;1;0;S;Lindell, Mr. Edvard Bengtsson;;0.11453143619185203;0;True;true_negative;0.885468563808148;0.385468563808148
198;0;3;male;42.0;8.4042;0;1;S;Olsen, Mr. Karl Siegwart Andreas;;0.1513583016253801;0;True;true_negative;0.8486416983746199;0.3486416983746199
430;1;3;male;32.0;8.05;0;0;S;Pickard, Mr. Berk (Berk Trembisky);E10;0.20956316415289078;0;False;false_negative;0.7904368358471092;0.2904368358471092
230;0;3;female;;25.4667;3;1;S;Lefebre, Miss. Mathilde;;0.46024114970433055;0;True;true_negative;0.5397588502956694;0.039758850295669446
812;0;3;male;39.0;24.15;0;0;S;Lester, Mr. James;;0.3129530342340727;0;True;true_negative;0.6870469657659273;0.18704696576592728
887;0;2;male;27.0;13.0;0;0;S;Montvila, Rev. Juozas;;0.4418269862494013;0;True;true_negative;0.5581730137505987;0.05817301375059869
858;1;1;male;51.0;26.55;0;0;S;Daly, Mr. Peter Denis ;E17;0.48125443122249817;0;False;false_negative;0.5187455687775018;0.01874556877750183
300;1;1;female;50.0;247.5208;0;1;C;Baxter, Mrs. James (Helene DeLaudeniere Chaput);B58 B60;0.7521496736238469;1;True;true_positive;0.7521496736238469;0.2521496736238469
188;1;1;male;45.0;26.55;0;0;S;"Romaine, Mr. Charles Hallace (""Mr C Rolmane"")";;0.1677737308467053;0;False;false_negative;0.8322262691532947;0.3322262691532947
155;0;3;male;;7.3125;0;0;S;Olsen, Mr. Ole Martin;;0.34691556553123676;0;True;true_negative;0.6530844344687632;0.15308443446876324
344;0;2;male;25.0;13.0;0;0;S;Sedgwick, Mr. Charles Frederick Waddington;;0.3653052690561616;0;True;true_negative;0.6346947309438384;0.13469473094383838
818;0;2;male;31.0;37.0042;1;1;C;Mallet, Mr. Albert;;0.3531187415429468;0;True;true_negative;0.6468812584570531;0.1468812584570532
94;0;3;male;26.0;20.575;1;2;S;Dean, Mr. Bertram Frank;;0.3434373234966666;0;True;true_negative;0.6565626765033334;0.1565626765033334
635;0;3;female;9.0;27.9;3;2;S;Skoog, Miss. Mabel;;0.4055803407481263;0;True;true_negative;0.5944196592518737;0.09441965925187368
561;0;3;male;;7.75;0;0;Q;Morrow, Mr. Thomas Rowan;;0.08618882741808469;0;True;true_negative;0.9138111725819154;0.4138111725819153
586;1;1;female;18.0;79.65;0;2;S;Taussig, Miss. Ruth;E68;0.7853359575350435;1;True;true_positive;0.7853359575350435;0.2853359575350435
146;0;2;male;19.0;36.75;1;1;S;Nicholls, Mr. Joseph Charles;;0.21459080195825614;0;True;true_negative;0.7854091980417439;0.28540919804174386
130;0;3;male;45.0;6.975;0;0;S;Ekstrom, Mr. Johan;;0.34127500481398776;0;True;true_negative;0.6587249951860122;0.15872499518601224
69;1;3;female;17.0;7.925;4;2;S;Andersson, Miss. Erna Alexandra;;0.1646299016915462;0;False;false_negative;0.8353700983084538;0.33537009830845377
353;0;3;male;15.0;7.2292;1;1;C;Elias, Mr. Tannous;;0.16605103145349295;0;True;true_negative;0.833948968546507;0.333948968546507
323;1;2;female;30.0;12.35;0;0;Q;Slayter, Miss. Hilda Mary;;0.5389212477241003;1;True;true_positive;0.5389212477241003;0.03892124772410033
841;0;3;male;20.0;7.925;0;0;S;Alhomaki, Mr. Ilmari Rudolf;;0.16924825522777145;0;True;true_negative;0.8307517447722286;0.3307517447722286
199;1;3;female;;7.75;0;0;Q;"Madigan, Miss. Margaret ""Maggie""";;0.6076769799458176;1;True;true_positive;0.6076769799458176;0.1076769799458176
741;1;1;male;;30.0;0;0;S;Hawksford, Mr. Walter James;D45;0.4296677732159203;0;False;false_negative;0.5703322267840797;0.07033222678407969
644;1;3;male;;56.4958;0;0;S;Foo, Mr. Choong;;0.35309092615186505;0;False;false_negative;0.6469090738481349;0.14690907384813495
385;0;3;male;;7.8958;0;0;S;Plotcharsky, Mr. Vasil;;0.35467671587599153;0;True;true_negative;0.6453232841240084;0.14532328412400847
171;0;1;male;61.0;33.5;0;0;S;Van der hoef, Mr. Wyckoff;B19;0.3870268198789626;0;True;true_negative;0.6129731801210374;0.11297318012103741
453;0;1;male;30.0;27.75;0;0;C;Foreman, Mr. Benjamin Laventall;C111;0.4150001960051039;0;True;true_negative;0.584999803994896;0.0849998039948961
366;0;3;male;30.0;7.25;0;0;S;Adahl, Mr. Mauritz Nils Martin;;0.11006209383640385;0;True;true_negative;0.8899379061635961;0.38993790616359614
480;1;3;female;2.0;12.2875;0;1;S;Hirvonen, Miss. Hildur E;;0.5134829053593729;1;True;true_positive;0.5134829053593729;0.01348290535937291
701;1;1;female;18.0;227.525;1;0;C;Astor, Mrs. John Jacob (Madeleine Talmadge Force);C62 C64;0.9260798138223737;1;True;true_positive;0.9260798138223737;0.4260798138223737
20;1;3;female;;7.225;0;0;C;Masselmani, Mrs. Fatima;;0.5808651185709942;1;True;true_positive;0.5808651185709942;0.08086511857099421
880;1;1;female;56.0;83.1583;0;1;C;Potter, Mrs. Thomas Jr (Lily Alexenia Wilson);C50;0.9274356723637891;1;True;true_positive;0.9274356723637891;0.4274356723637891
224;0;3;male;;7.8958;0;0;S;Nenkoff, Mr. Christo;;0.35467671587599153;0;True;true_negative;0.6453232841240084;0.14532328412400847
843;1;1;female;30.0;31.0;0;0;C;Serepeca, Miss. Augusta;;0.7241160042395264;1;True;true_positive;0.7241160042395264;0.22411600423952638
775;1;2;female;54.0;23.0;1;3;S;Hocking, Mrs. Elizabeth (Eliza Needs);;0.8285066563931759;1;True;true_positive;0.8285066563931759;0.3285066563931759
462;0;3;male;34.0;8.05;0;0;S;Morley, Mr. William;;0.455864584907236;0;True;true_negative;0.544135415092764;0.044135415092763974
770;0;3;male;32.0;8.3625;0;0;S;Gronnestad, Mr. Daniel Danielsen;;0.168555255000338;0;True;true_negative;0.831444744999662;0.33144474499966203
806;0;3;male;31.0;7.775;0;0;S;Johansson, Mr. Karl Johan;;0.16489516166628557;0;True;true_negative;0.8351048383337144;0.3351048383337144
559;1;1;female;39.0;79.65;1;1;S;Taussig, Mrs. Emil (Tillie Mandelbaum);E67;0.9000153129531525;1;True;true_positive;0.9000153129531525;0.4000153129531525
518;0;3;male;;24.15;0;0;Q;Ryan, Mr. Patrick;;0.31202462001742975;0;True;true_negative;0.6879753799825703;0.18797537998257025
95;0;3;male;59.0;7.25;0;0;S;Coxon, Mr. Daniel;;0.29943371588412815;0;True;true_negative;0.7005662841158719;0.20056628411587185
619;1;2;female;4.0;39.0;2;1;S;Becker, Miss. Marion Louise;F4;0.8584453137943407;1;True;true_positive;0.8584453137943407;0.35844531379434075
778;1;3;female;5.0;12.475;0;0;S;Emanuel, Miss. Virginia Ethel;;0.5029683400249381;1;True;true_positive;0.5029683400249381;0.0029683400249380654
693;1;3;male;;56.4958;0;0;S;Lam, Mr. Ali;;0.3563886654416827;0;False;false_negative;0.6436113345583173;0.14361133455831732
117;0;3;male;70.5;7.75;0;0;Q;Connors, Mr. Patrick;;0.0866777763510058;0;True;true_negative;0.9133222236489942;0.4133222236489942
228;0;3;male;20.5;7.25;0;0;S;"Lovell, Mr. John Hall (""Henry"")";;0.34691556553123676;0;True;true_negative;0.6530844344687632;0.15308443446876324
768;0;3;female;30.5;7.75;0;0;Q;Mangan, Miss. Mary;;0.5259101328620848;1;False;false_positive;0.5259101328620848;0.025910132862084767
15;0;3;female;14.0;7.8542;0;0;S;Vestrom, Miss. Hulda Amanda Adolfina;;0.5029683400249381;1;False;false_positive;0.5029683400249381;0.0029683400249380654
749;0;1;male;19.0;53.1;1;0;S;Marvin, Mr. Daniel Warner;D30;0.40190349380972695;0;True;true_negative;0.598096506190273;0.09809650619027305
306;1;1;male;0.92;151.55;1;2;S;Allison, Master. Hudson Trevor;C22 C26;0.772246147493578;1;True;true_positive;0.772246147493578;0.272246147493578
872;1;1;female;47.0;52.5542;1;1;S;Beckwith, Mrs. Richard Leonard (Sallie Monypeny);D35;0.6976948356395082;1;True;true_positive;0.6976948356395082;0.19769483563950818
666;0;2;male;32.0;73.5;2;0;S;Hickman, Mr. Lewis;;0.47472855164624117;0;True;true_negative;0.5252714483537588;0.02527144835375883
555;1;3;female;22.0;7.775;0;0;S;Ohman, Miss. Velin;;0.5375914228846036;1;True;true_positive;0.5375914228846036;0.0375914228846036
27;0;3;male;;7.225;0;0;C;Emir, Mr. Farred Chehab;;0.4505866494282863;0;True;true_negative;0.5494133505717137;0.0494133505717137
537;0;1;male;45.0;26.55;0;0;S;Butt, Major. Archibald Willingham;B38;0.48125443122249817;0;True;true_negative;0.5187455687775018;0.01874556877750183
536;1;2;female;7.0;26.25;0;2;S;Hart, Miss. Eva Miriam;;0.6604530872305382;1;True;true_positive;0.6604530872305382;0.1604530872305382
356;0;3;male;28.0;9.5;0;0;S;Vanden Steen, Mr. Leo Peter;;0.10985006176050278;0;True;true_negative;0.8901499382394972;0.39014993823949723
668;0;3;male;;7.775;0;0;S;Rommetvedt, Mr. Knud Paust;;0.3016677260780549;0;True;true_negative;0.6983322739219451;0.19833227392194508
495;0;3;male;21.0;8.05;0;0;S;Stanley, Mr. Edward Roland;;0.455864584907236;0;True;true_negative;0.544135415092764;0.044135415092763974
441;1;2;female;45.0;26.25;1;1;S;Hart, Mrs. Benjamin (Esther Ada Bloomfield);;0.6600074909755126;1;True;true_positive;0.6600074909755126;0.1600074909755126
870;1;3;male;4.0;11.1333;1;1;S;Johnson, Master. Harold Theodor;;0.44353173393690415;0;False;false_negative;0.5564682660630959;0.05646826606309585
363;0;3;female;45.0;14.4542;0;1;C;Barbara, Mrs. (Catherine David);;0.49047303893618865;0;True;true_negative;0.5095269610638113;0.009526961063811346
468;0;1;male;56.0;26.55;0;0;S;Smart, Mr. John Montgomery;;0.2876403774562879;0;True;true_negative;0.7123596225437121;0.2123596225437121
35;0;1;male;28.0;82.1708;1;0;C;Meyer, Mr. Edgar Joseph;;0.4758777799630562;0;True;true_negative;0.5241222200369438;0.02412222003694381
554;1;3;male;22.0;7.225;0;0;C;"Leeni, Mr. Fahim (""Philip Zenni"")";;0.11125136568854663;0;False;false_negative;0.8887486343114533;0.38874863431145334
891;0;3;male;32.0;7.75;0;0;Q;Dooley, Mr. Patrick;;0.34691556553123676;0;True;true_negative;0.6530844344687632;0.15308443446876324
733;0;2;male;;0.0;0;0;S;Knight, Mr. Robert J;;0.315882812783422;0;True;true_negative;0.684117187216578;0.184117187216578
883;0;3;female;22.0;10.5167;0;0;S;Dahlberg, Miss. Gerda Ulrika;;0.4303254484332623;0;True;true_negative;0.5696745515667376;0.06967455156673769
133;0;3;female;47.0;14.5;1;0;S;Robins, Mrs. Alexander A (Grace Charity Laury);;0.4778268270300496;0;True;true_negative;0.5221731729699504;0.022173172969950417
846;0;3;male;42.0;7.55;0;0;S;Abbing, Mr. Anthony;;0.15657509151197954;0;True;true_negative;0.8434249084880204;0.34342490848802043
873;0;1;male;33.0;5.0;0;0;S;Carlsson, Mr. Frans Olof;B51 B53 B55;0.40926556589282814;0;True;true_negative;0.5907344341071719;0.09073443410717186
618;0;3;female;26.0;16.1;1;0;S;Lobb, Mrs. William Arthur (Cordelia K Stanlick);;0.4999086224152018;0;True;true_negative;0.5000913775847982;9.137758479821345e-05
33;1;3;female;;7.75;0;0;Q;Glynn, Miss. Mary Agatha;;0.505739822832433;1;True;true_positive;0.505739822832433;0.005739822832433017
716;0;3;male;19.0;7.65;0;0;S;Soholt, Mr. Peter Andreas Lauritz Andersen;F G73;0.4720431146088486;0;True;true_negative;0.5279568853911514;0.027956885391151376
377;1;3;female;22.0;7.25;0;0;S;Landergren, Miss. Aurora Adelia;;0.5259101328620848;1;True;true_positive;0.5259101328620848;0.025910132862084767
797;1;1;female;49.0;25.9292;0;0;S;Leader, Dr. Alice (Farnham);D17;0.6452774857444137;1;True;true_positive;0.6452774857444137;0.14527748574441368
639;0;3;female;41.0;39.6875;0;5;S;Panula, Mrs. Juha (Maria Emilia Ojala);;0.1842661561726086;0;True;true_negative;0.8157338438273913;0.3157338438273914
308;1;1;female;17.0;108.9;1;0;C;Penasco y Castellana, Mrs. Victor de Satode (Maria Josefa Perez de Soto y Vallejo);C65;0.575352066659096;1;True;true_positive;0.575352066659096;0.075352066659096
491;0;3;male;;19.9667;1;0;S;Hagland, Mr. Konrad Mathias Reiersen;;0.2979464979886974;0;True;true_negative;0.7020535020113026;0.20205350201130262
414;0;2;male;;0.0;0;0;S;Cunningham, Mr. Alfred Fleming;;0.14397586258463882;0;True;true_negative;0.8560241374153612;0.3560241374153612
562;0;3;male;40.0;7.8958;0;0;S;Sivic, Mr. Husein;;0.3489773951666486;0;True;true_negative;0.6510226048333514;0.1510226048333514
890;1;1;male;26.0;30.0;0;0;C;Behr, Mr. Karl Howell;C148;0.42318595551947846;0;False;false_negative;0.5768140444805215;0.07681404448052154
739;0;3;male;;7.8958;0;0;S;Ivanoff, Mr. Kanio;;0.16959651710526263;0;True;true_negative;0.8304034828947373;0.33040348289473737
72;0;3;female;16.0;46.9;5;2;S;Goodwin, Miss. Lillian Amy;;0.41533335125981924;0;True;true_negative;0.5846666487401808;0.08466664874018076
378;0;1;male;27.0;211.5;0;2;C;Widener, Mr. Harry Elkins;C82;0.472611630857217;0;True;true_negative;0.527388369142783;0.027388369142782976
576;0;3;male;19.0;14.5;0;0;S;Patchett, Mr. George;;0.35467671587599153;0;True;true_negative;0.6453232841240084;0.14532328412400847
705;0;3;male;26.0;7.8542;1;0;S;Hansen, Mr. Henrik Juul;;0.455864584907236;0;True;true_negative;0.544135415092764;0.044135415092763974
531;1;2;female;2.0;26.0;1;1;S;Quick, Miss. Phyllis May;;0.64863531475311;1;True;true_positive;0.64863531475311;0.14863531475310998
129;1;3;female;;22.3583;1;1;C;Peter, Miss. Anna;F E69;0.7198976858189737;1;True;true_positive;0.7198976858189737;0.21989768581897373
824;1;3;female;27.0;12.475;0;1;S;Moor, Mrs. (Beila);E121;0.530558661794935;1;True;true_positive;0.530558661794935;0.03055866179493505
724;0;2;male;50.0;13.0;0;0;S;Hodges, Mr. Henry Price;;0.4504130538072022;0;True;true_negative;0.5495869461927978;0.0495869461927978
164;0;3;male;17.0;8.6625;0;0;S;Calic, Mr. Jovo;;0.3032247539915294;0;True;true_negative;0.6967752460084706;0.19677524600847057
205;1;3;male;18.0;8.05;0;0;S;"Cohen, Mr. Gurshon ""Gus""";;0.455864584907236;0;False;false_negative;0.544135415092764;0.044135415092763974
248;1;2;female;24.0;14.5;0;2;S;Hamalainen, Mrs. William (Anna);;0.7956228773581395;1;True;true_positive;0.7956228773581395;0.2956228773581395
719;0;3;male;;15.5;0;0;Q;McEvoy, Mr. Michael;;0.0960394861542057;0;True;true_negative;0.9039605138457943;0.4039605138457943
541;1;1;female;36.0;71.0;0;2;S;Crosby, Miss. Harriet R;B22;0.5692439090409159;1;True;true_positive;0.5692439090409159;0.06924390904091593
874;0;3;male;47.0;9.0;0;0;S;Vander Cruyssen, Mr. Victor;;0.458201472398442;0;True;true_negative;0.541798527601558;0.041798527601558
393;0;3;male;28.0;7.925;2;0;S;Gustafsson, Mr. Johan Birger;;0.30124601324864125;0;True;true_negative;0.6987539867513588;0.19875398675135875
73;0;2;male;21.0;73.5;0;0;S;Hood, Mr. Ambrose Jr;;0.14571306369231415;0;True;true_negative;0.8542869363076858;0.3542869363076858
528;0;1;male;;221.7792;0;0;S;Farthing, Mr. John;C95;0.41983207182868415;0;True;true_negative;0.5801679281713159;0.08016792817131585
783;0;1;male;29.0;30.0;0;0;S;Long, Mr. Milton Clyde;D6;0.4296677732159203;0;True;true_negative;0.5703322267840797;0.07033222678407969
830;1;1;female;62.0;80.0;0;0;;Stone, Mrs. George Nelson (Martha Evelyn);B28;0.7461927106226246;1;True;true_positive;0.7461927106226246;0.2461927106226246
613;1;3;female;;15.5;1;0;Q;Murphy, Miss. Margaret Jane;;0.5190025511913746;1;True;true_positive;0.5190025511913746;0.019002551191374617
856;1;3;female;18.0;9.35;0;1;S;Aks, Mrs. Sam (Leah Rosen);;0.5029683400249381;1;True;true_positive;0.5029683400249381;0.0029683400249380654
663;0;1;male;47.0;25.5875;0;0;S;Colley, Mr. Edward Pomeroy;E58;0.39381946221854264;0;True;true_negative;0.6061805377814573;0.10618053778145736
253;0;1;male;62.0;26.55;0;0;S;Stead, Mr. William Thomas;C87;0.4794987086724135;0;True;true_negative;0.5205012913275865;0.02050129132758649
126;1;3;male;12.0;11.2417;1;0;C;Nicola-Yarred, Master. Elias;;0.5725282163610456;1;True;true_positive;0.5725282163610456;0.07252821636104556
504;0;3;female;37.0;9.5875;0;0;S;Laitinen, Miss. Kristina Sofia;;0.5282383699245347;1;False;false_positive;0.5282383699245347;0.028238369924534656
167;1;1;female;;55.0;0;1;S;Chibnall, Mrs. (Edith Martha Bowerman);E33;0.784997732318253;1;True;true_positive;0.784997732318253;0.284997732318253
382;1;3;female;1.0;15.7417;0;2;C;"Nakid, Miss. Maria (""Mary"")";;0.505739822832433;1;True;true_positive;0.505739822832433;0.005739822832433017
832;1;2;male;0.83;18.75;1;1;S;Richards, Master. George Sibley;;0.5511258948026101;1;True;true_positive;0.5511258948026101;0.051125894802610095
460;0;3;male;;7.75;0;0;Q;O'Connor, Mr. Maurice;;0.3016677260780549;0;True;true_negative;0.6983322739219451;0.19833227392194508
226;0;3;male;22.0;9.35;0;0;S;Berglund, Mr. Karl Ivar Sven;;0.455864584907236;0;True;true_negative;0.544135415092764;0.044135415092763974
563;0;2;male;28.0;13.5;0;0;S;Norman, Mr. Robert Douglas;;0.1511148345036564;0;True;true_negative;0.8488851654963436;0.34888516549634363
675;0;2;male;;0.0;0;0;S;Watson, Mr. Ennis Hastings;;0.14397586258463882;0;True;true_negative;0.8560241374153612;0.3560241374153612
734;0;2;male;23.0;13.0;0;0;S;Berriman, Mr. William John;;0.32696890632787645;0;True;true_negative;0.6730310936721235;0.17303109367212355
589;0;3;male;22.0;8.05;0;0;S;Gilinski, Mr. Eliezer;;0.3032247539915294;0;True;true_negative;0.6967752460084706;0.19677524600847057
799;0;3;male;30.0;7.2292;0;0;C;Ibrahim Shawah, Mr. Yousseff;;0.10729983471264168;0;True;true_negative;0.8927001652873583;0.3927001652873583
333;0;1;male;38.0;153.4625;0;1;S;Graham, Mr. George Edward;C91;0.48575965916730285;0;True;true_negative;0.5142403408326972;0.014240340832697151
127;0;3;male;;7.75;0;0;Q;McMahon, Mr. Martin;;0.4505866494282863;0;True;true_negative;0.5494133505717137;0.0494133505717137
57;1;2;female;21.0;10.5;0;0;S;Rugg, Miss. Emily;;0.8478793909402809;1;True;true_positive;0.8478793909402809;0.34787939094028086
496;0;3;male;;14.4583;0;0;C;Yousseff, Mr. Gerious;;0.4505866494282863;0;True;true_negative;0.5494133505717137;0.0494133505717137
604;0;3;male;44.0;8.05;0;0;S;Torber, Mr. Ernst William;;0.458201472398442;0;True;true_negative;0.541798527601558;0.041798527601558
99;1;2;female;34.0;23.0;0;1;S;Doling, Mrs. John T (Ada Julia Bone);;0.6810538055383192;1;True;true_positive;0.6810538055383192;0.18105380553831918
249;1;1;male;37.0;52.5542;1;1;S;Beckwith, Mr. Richard Leonard;D35;0.3403839410088196;0;False;false_negative;0.6596160589911804;0.15961605899118042
575;0;3;male;16.0;8.05;0;0;S;Rush, Mr. Alfred George John;;0.18325618506600852;0;True;true_negative;0.8167438149339915;0.3167438149339915
439;0;1;male;64.0;263.0;1;4;S;Fortune, Mr. Mark;C23 C25 C27;0.37787472710925846;0;True;true_negative;0.6221252728907416;0.12212527289074154
861;0;3;male;41.0;14.1083;2;0;S;Hansen, Mr. Claus Peter;;0.15890498058990601;0;True;true_negative;0.841095019410094;0.341095019410094
567;0;3;male;19.0;7.8958;0;0;S;Stoytcheff, Mr. Ilia;;0.108763322141218;0;True;true_negative;0.891236677858782;0.391236677858782
214;0;2;male;30.0;13.0;0;0;S;Givard, Mr. Hans Kristensen;;0.4496682753247454;0;True;true_negative;0.5503317246752546;0.0503317246752546
653;0;3;male;21.0;8.4333;0;0;S;Kalvik, Mr. Johannes Halvorsen;;0.3032247539915294;0;True;true_negative;0.6967752460084706;0.19677524600847057
564;0;3;male;;8.05;0;0;S;Simmons, Mr. John;;0.3016677260780549;0;True;true_negative;0.6983322739219451;0.19833227392194508
649;0;3;male;;7.55;0;0;S;Willey, Mr. Edward;;0.455864584907236;0;True;true_negative;0.544135415092764;0.044135415092763974
2;1;1;female;38.0;71.2833;1;0;C;Cumings, Mrs. John Bradley (Florence Briggs Thayer);C85;0.7001491478417273;1;True;true_positive;0.7001491478417273;0.20014914784172733
422;0;3;male;21.0;7.7333;0;0;Q;Charters, Mr. David;;0.1125195946509468;0;True;true_negative;0.8874804053490533;0.3874804053490532
674;1;2;male;31.0;13.0;0;0;S;Wilhelms, Mr. Charles;;0.15946446284691262;0;False;false_negative;0.8405355371530874;0.3405355371530874
119;0;1;male;24.0;247.5208;0;1;C;Baxter, Mr. Quigg Edmond;B58 B60;0.43498600315845587;0;True;true_negative;0.5650139968415442;0.06501399684154413
61;0;3;male;22.0;7.2292;0;0;C;Sirayanian, Mr. Orsen;;0.3520493309310179;0;True;true_negative;0.647950669068982;0.14795066906898208
37;1;3;male;;7.2292;0;0;C;Mamee, Mr. Hanna;;0.4505866494282863;0;False;false_negative;0.5494133505717137;0.0494133505717137
708;1;1;male;42.0;26.2875;0;0;S;Calderhead, Mr. Edward Pennington;E24;0.48125443122249817;0;False;false_negative;0.5187455687775018;0.01874556877750183
703;0;3;female;18.0;14.4542;0;1;C;Barbara, Miss. Saiide;;0.5958359125989389;1;False;false_positive;0.5958359125989389;0.09583591259893887
529;0;3;male;39.0;7.925;0;0;S;Salonen, Mr. Johan Werner;;0.16062326926970497;0;True;true_negative;0.8393767307302951;0.33937673073029506
63;0;1;male;45.0;83.475;1;0;S;Harris, Mr. Henry Birkhardt;C83;0.38105613469542043;0;True;true_negative;0.6189438653045796;0.11894386530457957
315;0;2;male;43.0;26.25;1;1;S;Hart, Mr. Benjamin;;0.3402322269312988;0;True;true_negative;0.6597677730687013;0.1597677730687012
742;0;1;male;36.0;78.85;1;0;S;Cavendish, Mr. Tyrell William;C46;0.49127245019403;0;True;true_negative;0.50872754980597;0.008727549805970014
290;1;3;female;22.0;7.75;0;0;Q;Connolly, Miss. Kate;;0.5259101328620848;1;True;true_positive;0.5259101328620848;0.025910132862084767
90;0;3;male;24.0;8.05;0;0;S;Celotti, Mr. Francesco;;0.10836275484761758;0;True;true_negative;0.8916372451523824;0.3916372451523824
367;1;1;female;60.0;75.25;1;0;C;Warren, Mrs. Frank Manley (Anna Sophia Atkinson);D37;0.7521496736238469;1;True;true_positive;0.7521496736238469;0.2521496736238469
74;0;3;male;26.0;14.4542;1;0;C;Chronopoulos, Mr. Apostolos;;0.4505866494282863;0;True;true_negative;0.5494133505717137;0.0494133505717137
744;0;3;male;24.0;16.1;1;0;S;McNamee, Mr. Neal;;0.2994925563189925;0;True;true_negative;0.7005074436810075;0.20050744368100748
682;1;1;male;27.0;76.7292;0;0;C;Hassab, Mr. Hammad;D49;0.5030538754807993;1;True;true_positive;0.5030538754807993;0.003053875480799273
96;0;3;male;;8.05;0;0;S;Shorney, Mr. Charles Joseph;;0.35467671587599153;0;True;true_negative;0.6453232841240084;0.14532328412400847
14;0;3;male;39.0;31.275;1;5;S;Andersson, Mr. Anders Johan;;0.33327120730746507;0;True;true_negative;0.6667287926925349;0.16672879269253493
240;0;2;male;33.0;12.275;0;0;S;Hunt, Mr. George Henry;;0.14472440788266452;0;True;true_negative;0.8552755921173355;0.3552755921173355
406;0;2;male;34.0;21.0;1;0;S;Gale, Mr. Shadrach;;0.1885469456380928;0;True;true_negative;0.8114530543619072;0.3114530543619072
707;1;2;female;45.0;13.5;0;0;S;"Kelly, Mrs. Florence ""Fannie""";;0.7762002323919406;1;True;true_positive;0.7762002323919406;0.2762002323919406
695;0;1;male;60.0;26.55;0;0;S;Weir, Col. John;;0.46399731887232115;0;True;true_negative;0.5360026811276788;0.03600268112767885
275;1;3;female;;7.75;0;0;Q;"Healy, Miss. Hanora ""Nora""";;0.716657568944313;1;True;true_positive;0.716657568944313;0.21665756894431298
762;0;3;male;41.0;7.125;0;0;S;Nirva, Mr. Iisakki Antino Aijo;;0.458201472398442;0;True;true_negative;0.541798527601558;0.041798527601558
321;0;3;male;22.0;7.25;0;0;S;Dennis, Mr. Samuel;;0.455864584907236;0;True;true_negative;0.544135415092764;0.044135415092763974
23;1;3;female;15.0;8.0292;0;0;Q;"McGowan, Miss. Anna ""Annie""";;0.5187785067222244;1;True;true_positive;0.5187785067222244;0.018778506722224364
544;1;2;male;32.0;26.0;1;0;S;Beane, Mr. Edward;;0.37457884524352264;0;False;false_negative;0.6254211547564774;0.12542115475647736
683;0;3;male;20.0;9.225;0;0;S;Olsvigen, Mr. Thor Anderson;;0.10816219137613449;0;True;true_negative;0.8918378086238655;0.3918378086238655
86;1;3;female;33.0;15.85;3;0;S;Backstrom, Mrs. Karl Alfred (Maria Mathilda Gustafsson);;0.3492126176787985;0;False;false_negative;0.6507873823212015;0.15078738232120148
354;0;3;male;25.0;17.8;1;0;S;Arnold-Franchi, Mr. Josef;;0.2994925563189925;0;True;true_negative;0.7005074436810075;0.20050744368100748
178;0;1;female;50.0;28.7125;0;0;C;Isham, Miss. Ann Elizabeth;C49;0.9034286990062103;1;False;false_positive;0.9034286990062103;0.40342869900621026
6;0;3;male;;8.4583;0;0;Q;Moran, Mr. James;;0.3016677260780549;0;True;true_negative;0.6983322739219451;0.19833227392194508
815;0;3;male;30.5;8.05;0;0;S;Tomlin, Mr. Ernest Portage;;0.11272324742737545;0;True;true_negative;0.8872767525726245;0.38727675257262456
48;1;3;female;;7.75;0;0;Q;O'Driscoll, Miss. Bridget;;0.5259101328620848;1;True;true_positive;0.5259101328620848;0.025910132862084767
516;0;1;male;47.0;34.0208;0;0;S;Walker, Mr. William Anderson;D46;0.3619461897892219;0;True;true_negative;0.6380538102107781;0.13805381021077812
383;0;3;male;32.0;7.925;0;0;S;Tikkanen, Mr. Juho;;0.11334650540830696;0;True;true_negative;0.8866534945916931;0.38665349459169307
359;1;3;female;;7.8792;0;0;Q;McGovern, Miss. Mary;;0.7007466484165206;1;True;true_positive;0.7007466484165206;0.20074664841652057
84;0;1;male;28.0;47.1;0;0;S;Carrau, Mr. Francisco M;;0.3979378804373113;0;True;true_negative;0.6020621195626887;0.10206211956268868
579;0;3;female;;14.4583;1;0;C;Caram, Mrs. Joseph (Maria Elias);;0.5057116819681134;1;False;false_positive;0.5057116819681134;0.005711681968113447
201;0;3;male;28.0;9.5;0;0;S;Vande Walle, Mr. Nestor Cyriel;;0.18282414891611495;0;True;true_negative;0.817175851083885;0.317175851083885
671;1;2;female;40.0;39.0;1;1;S;Brown, Mrs. Thomas William Solomon (Elizabeth Catherine Ford);;0.6996903288700023;1;True;true_positive;0.6996903288700023;0.19969032887000226
92;0;3;male;20.0;7.8542;0;0;S;Andreasson, Mr. Paul Edvin;;0.455864584907236;0;True;true_negative;0.544135415092764;0.044135415092763974
352;0;1;male;;35.0;0;0;S;Williams-Lambert, Mr. Fletcher Fellows;C128;0.4180452231697773;0;True;true_negative;0.5819547768302227;0.08195477683022268
842;0;2;male;16.0;10.5;0;0;S;Mudd, Mr. Thomas Charles;;0.3653052690561616;0;True;true_negative;0.6346947309438384;0.13469473094383838
620;0;2;male;26.0;10.5;0;0;S;Gavey, Mr. Lawrence;;0.135696336873013;0;True;true_negative;0.864303663126987;0.36430366312698703
242;1;3;female;;15.5;1;0;Q;"Murphy, Miss. Katherine ""Kate""";;0.5762301570067736;1;True;true_positive;0.5762301570067736;0.0762301570067736
189;0;3;male;40.0;15.5;1;1;Q;Bourke, Mr. John;;0.08946088388088744;0;True;true_negative;0.9105391161191125;0.41053911611911253
810;1;1;female;33.0;53.1;1;0;S;Chambers, Mrs. Norman Campbell (Bertha Griggs);E8;0.784997732318253;1;True;true_positive;0.784997732318253;0.284997732318253
159;0;3;male;;8.6625;0;0;S;Smiljanic, Mr. Mile;;0.10993425288814343;0;True;true_negative;0.8900657471118566;0.3900657471118566
454;1;1;male;49.0;89.1042;1;0;C;Goldenberg, Mr. Samuel L;C92;0.4824049487807264;0;False;false_negative;0.5175950512192736;0.017595051219273627
140;0;1;male;24.0;79.2;0;0;C;Giglio, Mr. Victor;B86;0.4924241829717036;0;True;true_negative;0.5075758170282965;0.0075758170282964055
4;1;1;female;35.0;53.1;1;0;S;Futrelle, Mrs. Jacques Heath (Lily May Peel);C123;0.9607470353220895;1;True;true_positive;0.9607470353220895;0.4607470353220895
532;0;3;male;;7.2292;0;0;C;Toufik, Mr. Nakli;;0.4505866494282863;0;True;true_negative;0.5494133505717137;0.0494133505717137
498;0;3;male;;15.1;0;0;S;Shellard, Mr. Frederick William;;0.18505644891008993;0;True;true_negative;0.8149435510899101;0.31494355108991007
455;0;3;male;;8.05;0;0;S;Peduzzi, Mr. Joseph;;0.35467671587599153;0;True;true_negative;0.6453232841240084;0.14532328412400847
245;0;3;male;30.0;7.225;0;0;C;Attalah, Mr. Sleiman;;0.10729983471264168;0;True;true_negative;0.8927001652873583;0.3927001652873583
88;0;3;male;;8.05;0;0;S;Slocovski, Mr. Selman Francis;;0.10993425288814343;0;True;true_negative;0.8900657471118566;0.3900657471118566
195;1;1;female;44.0;27.7208;0;0;C;Brown, Mrs. James Joseph (Margaret Tobin);B4;0.7001491478417273;1;True;true_positive;0.7001491478417273;0.20014914784172733
494;0;1;male;71.0;49.5042;0;0;C;Artagaveytia, Mr. Ramon;;0.4150882846743364;0;True;true_negative;0.5849117153256636;0.0849117153256636
484;1;3;female;63.0;9.5875;0;0;S;Turkula, Mrs. (Hedwig);;0.49102322032599094;0;False;false_negative;0.508976779674009;0.008976779674009061
828;1;2;male;1.0;37.0042;0;2;C;Mallet, Master. Andre;;0.5850862895527774;1;True;true_positive;0.5850862895527774;0.08508628955277742
876;1;3;female;15.0;7.225;0;0;C;"Najib, Miss. Adele Kiamie ""Jane""";;0.505739822832433;1;True;true_positive;0.505739822832433;0.005739822832433017
641;0;3;male;20.0;7.8542;0;0;S;Jensen, Mr. Hans Peder;;0.455864584907236;0;True;true_negative;0.544135415092764;0.044135415092763974
339;1;3;male;45.0;8.05;0;0;S;Dahl, Mr. Karl Edwart;;0.3489773951666486;0;False;false_negative;0.6510226048333514;0.1510226048333514
368;1;3;female;;7.2292;0;0;C;Moussa, Mrs. (Mantoura Boulos);;0.5194274353486515;1;True;true_positive;0.5194274353486515;0.019427435348651545
803;1;1;male;11.0;120.0;1;2;S;Carter, Master. William Thornton II;B96 B98;0.5442601854952631;1;True;true_positive;0.5442601854952631;0.044260185495263116
456;1;3;male;29.0;7.8958;0;0;C;Jalsevac, Mr. Ivan;;0.11463321760258664;0;False;false_negative;0.8853667823974134;0.38536678239741334
485;1;1;male;25.0;91.0792;1;0;C;Bishop, Mr. Dickinson H;B49;0.43498600315845587;0;False;false_negative;0.5650139968415442;0.06501399684154413
745;1;3;male;31.0;7.925;0;0;S;Stranden, Mr. Juho;;0.455864584907236;0;False;false_negative;0.544135415092764;0.044135415092763974
632;0;3;male;51.0;7.0542;0;0;S;Lundahl, Mr. Johan Svensson;;0.29943371588412815;0;True;true_negative;0.7005662841158719;0.20056628411587185
627;0;2;male;57.0;12.35;0;0;Q;Kirkland, Rev. Charles Leonard;;0.4547135715422088;0;True;true_negative;0.5452864284577912;0.045286428457791184
215;0;3;male;;7.75;1;0;Q;Kiernan, Mr. Philip;;0.1073890319765461;0;True;true_negative;0.8926109680234539;0.3926109680234539
786;0;3;male;25.0;7.25;0;0;S;Harmer, Mr. Abraham (David Lishin);;0.11146707603463105;0;True;true_negative;0.888532923965369;0.388532923965369
254;0;3;male;30.0;16.1;1;0;S;Lobb, Mr. William Arthur;;0.2979464979886974;0;True;true_negative;0.7020535020113026;0.20205350201130262
202;0;3;male;;69.55;8;2;S;Sage, Mr. Frederick;;0.3208687757790326;0;True;true_negative;0.6791312242209674;0.1791312242209674
821;1;1;female;52.0;93.5;1;1;S;Hays, Mrs. Charles Melville (Clara Jennings Gregg);B69;0.8990538248950434;1;True;true_positive;0.8990538248950434;0.3990538248950434
104;0;3;male;33.0;8.6542;0;0;S;Johansson, Mr. Gustaf Joel;;0.11272324742737545;0;True;true_negative;0.8872767525726245;0.38727675257262456
220;0;2;male;30.0;10.5;0;0;S;Harris, Mr. Walter;;0.315882812783422;0;True;true_negative;0.684117187216578;0.184117187216578
134;1;2;female;29.0;26.0;1;0;S;Weisz, Mrs. Leopold (Mathilde Francoise Pede);;0.6580424820337887;1;True;true_positive;0.6580424820337887;0.15804248203378868
427;1;2;female;28.0;26.0;1;0;S;Clarke, Mrs. Charles V (Ada Maria Winfield);;0.6825310882011335;1;True;true_positive;0.6825310882011335;0.1825310882011335
556;0;1;male;62.0;26.55;0;0;S;Wright, Mr. George;;0.4056530899681725;0;True;true_negative;0.5943469100318275;0.09434691003182749
530;0;2;male;23.0;11.5;2;1;S;Hocking, Mr. Richard George;;0.38541739862908386;0;True;true_negative;0.6145826013709161;0.11458260137091614
331;1;3;female;;23.25;2;0;Q;McCoy, Miss. Agnes;;0.5603245810610349;1;True;true_positive;0.5603245810610349;0.06032458106103489
334;0;3;male;16.0;18.0;2;0;S;Vander Planke, Mr. Leo Edmondus;;0.1779523314033275;0;True;true_negative;0.8220476685966724;0.3220476685966725
255;0;3;female;41.0;20.2125;0;2;S;Rosblom, Mrs. Viktor (Helena Wilhelmina);;0.4320654923757758;0;True;true_negative;0.5679345076242241;0.0679345076242242
106;0;3;male;28.0;7.8958;0;0;S;Mionoff, Mr. Stoytcho;;0.35467671587599153;0;True;true_negative;0.6453232841240084;0.14532328412400847
428;1;2;female;19.0;26.0;0;0;S;"Phillips, Miss. Kate Florence (""Mrs Kate Louise Phillips Marshall"")";;0.6580424820337887;1;True;true_positive;0.6580424820337887;0.15804248203378868
12;1;1;female;58.0;26.55;0;0;S;Bonnell, Miss. Elizabeth;C103;0.7089740867526865;1;True;true_positive;0.7089740867526865;0.20897408675268647
662;0;3;male;40.0;7.225;0;0;C;Badt, Mr. Mohamed;;0.10155484392678317;0;True;true_negative;0.8984451560732168;0.39844515607321684
42;0;2;female;27.0;21.0;1;0;S;Turpin, Mrs. William John Robert (Dorothy Ann Wonnacott);;0.6580424820337887;1;False;false_positive;0.6580424820337887;0.15804248203378868
436;1;1;female;14.0;120.0;1;2;S;Carter, Miss. Lucile Polk;B96 B98;0.921029660254944;1;True;true_positive;0.921029660254944;0.42102966025494404
553;0;3;male;;7.8292;0;0;Q;O'Brien, Mr. Timothy;;0.35467671587599153;0;True;true_negative;0.6453232841240084;0.14532328412400847
