experiment_name,model_name,cv_score,cv_std,holdout_score,model__n_neighbors,model__weights,model__metric,model__p
58_knn_baseline_k5_uniform_euclidean,knn,0.8202501723628485,0.016038589439098205,0.8435754189944135,5,uniform,minkowski,2
58_knn_baseline_k5_uniform_euclidean,knn,0.8202501723628485,0.016038589439098205,0.8435754189944135,5,uniform,minkowski,2
59_knn_scaling_minmax_k5_uniform_euclidean,knn,0.8118290160543682,0.030314300308984556,0.8491620111731844,5,uniform,minkowski,2
59_knn_scaling_minmax_k5_uniform_euclidean,knn,0.8160642174726682,0.025221108276238052,0.8435754189944135,5,uniform,minkowski,2
60_knn_scaling_robust_k5_uniform_euclidean,knn,0.8019895597360387,0.01821124091779352,0.8324022346368715,5,uniform,minkowski,2
60_knn_scaling_robust_k5_uniform_euclidean,knn,0.8005712597261894,0.018449266469352098,0.8379888268156425,5,uniform,minkowski,2
60_knn_scaling_robust_k5_uniform_euclidean,knn,0.8019895597360387,0.01821124091779352,0.8324022346368715,5,uniform,minkowski,2
61_knn_k1_uniform_euclidean,knn,0.7640106372500739,0.01959019213162611,0.7653631284916201,1,uniform,minkowski,2
62_knn_k3_uniform_euclidean,knn,0.8005318625036935,0.023607546680506658,0.8156424581005587,3,uniform,minkowski,2
63_knn_k5_uniform_euclidean,knn,0.8202501723628485,0.016038589439098205,0.8435754189944135,5,uniform,minkowski,2
64_knn_k7_uniform_euclidean,knn,0.8146262188515709,0.0266926067876007,0.8324022346368715,7,uniform,minkowski,2
65_knn_k9_uniform_euclidean,knn,0.8118191667487442,0.017150534540366625,0.8156424581005587,9,uniform,minkowski,2
66_knn_k11_uniform_euclidean,knn,0.810371318822023,0.018502795548860668,0.7988826815642458,11,uniform,minkowski,2
67_knn_k15_uniform_euclidean,knn,0.8145671230178273,0.017354006956134167,0.8156424581005587,15,uniform,minkowski,2
68_knn_k21_uniform_euclidean,knn,0.8019107652910471,0.02283902130994899,0.8100558659217877,21,uniform,minkowski,2
69_knn_k31_uniform_euclidean,knn,0.7976952624839949,0.029981341325241564,0.7988826815642458,31,uniform,minkowski,2
70_knn_k4_uniform_euclidean,knn,0.8047670639219936,0.020534103918129758,0.8156424581005587,4,uniform,minkowski,2
71_knn_k6_uniform_euclidean,knn,0.8258347286516301,0.021470528416472144,0.8379888268156425,6,uniform,minkowski,2
72_knn_k6_distance_euclidean,knn,0.8005220131980696,0.021496041267241178,0.8324022346368715,6,distance,minkowski,2
73_knn_k6_uniform_manhattan,knn,0.821619225844578,0.024153911467449208,0.8379888268156425,6,uniform,minkowski,1
74_knn_algorithm_auto,knn,0.8258347286516301,0.021470528416472144,0.8379888268156425,6,uniform,minkowski,2,auto
75_knn_algorithm_ball_tree,knn,0.8230178272431793,0.021533753823363137,0.8379888268156425,6,uniform,minkowski,2,ball_tree
76_knn_algorithm_kd_tree,knn,0.8244262779474048,0.021316851046975505,0.8379888268156425,6,uniform,minkowski,2,kd_tree
77_knn_algorithm_brute,knn,0.8258347286516301,0.021470528416472144,0.8379888268156425,6,uniform,minkowski,2,brute
78_knn_remove_embarked,knn,0.8286516300600807,0.02240327569211682,0.8100558659217877,6,uniform,minkowski,2
79_knn_remove_deck,knn,0.8187629272136314,0.023224829739657206,0.8435754189944135,6,uniform,minkowski,2
80_knn_remove_cabinknown,knn,0.8202403230572244,0.0208929845079962,0.8491620111731844,6,uniform,minkowski,2
81_knn_remove_isalone,knn,0.8314586821629074,0.02389967242963309,0.8435754189944135,6,uniform,minkowski,2
78_knn_remove_embarked,knn,0.8286516300600807,0.02240327569211682,0.8100558659217877,6,uniform,minkowski,2
82_knn_remove_embarked_isalone,knn,0.8356840342755836,0.02527080396134634,0.8324022346368715,6,uniform,minkowski,2
82_knn_remove_embarked_isalone,knn,0.8286516300600807,0.02240327569211682,0.8100558659217877,6,uniform,minkowski,2
82_knn_remove_embarked_isalone,knn,0.8356840342755836,0.02527080396134634,0.8324022346368715,6,uniform,minkowski,2
"48_l1_ratio_saga = 0.5, С=0.7",logistic_regression,0.8356741849699596,0.01969413915551361,0.8379888268156425,saga,0.5,0.7,1000,12648430
83_decision_tree_prepruning_baseline,decision_tree,0.7878558061656653,0.030081501503467643,0.8156424581005587,gini,3,10,5,,,12648430
83_decision_tree_prepruning_baseline,decision_tree,0.7878558061656653,0.030081501503467643,0.8156424581005587,gini,3,10,5,,,12648430
83_decision_tree_prepruning_baseline,decision_tree,0.7878558061656653,0.030081501503467643,0.8156424581005587,gini,3,10,5,,,12648430
83_decision_tree_prepruning_baseline,decision_tree,0.7878558061656653,0.030081501503467643,0.8156424581005587,gini,3,10,5,,,12648430
83_decision_tree_prepruning_baseline,decision_tree,0.7878558061656653,0.030081501503467643,0.8156424581005587,gini,3,10,5,,,12648430
83_decision_tree_prepruning_baseline,decision_tree,0.7878558061656653,0.030081501503467643,0.8156424581005587,gini,3,10,5,,,12648430
83_decision_tree_prepruning_baseline,decision_tree,0.7878558061656653,0.030081501503467643,0.8156424581005587,gini,3,10,5,,,12648430
84_decision_tree_max_depth_1,decision_tree,0.7724317935585541,0.018597043557429735,0.7988826815642458,gini,1,10,5,,,12648430
85_decision_tree_max_depth_2,decision_tree,0.7808431005614105,0.033353367233593376,0.770949720670391,gini,2,10,5,,,12648430
86_decision_tree_max_depth_3,decision_tree,0.7878558061656653,0.030081501503467643,0.8156424581005587,gini,3,10,5,,,12648430
87_decision_tree_max_depth_4,decision_tree,0.8060868708756033,0.027126936736559547,0.8268156424581006,gini,4,10,5,,,12648430
88_decision_tree_max_depth_5,decision_tree,0.797675563872747,0.039760057269375204,0.8268156424581006,gini,5,10,5,,,12648430
89_decision_tree_max_depth_6,decision_tree,0.8103417709051512,0.02128713633726518,0.8156424581005587,gini,6,10,5,,,12648430
90_decision_tree_max_depth_8,decision_tree,0.8117502216093765,0.020973323329949018,0.8212290502793296,gini,8,10,5,,,12648430
91_decision_tree_max_depth_10,decision_tree,0.817393873731902,0.021038425754071624,0.776536312849162,gini,10,10,5,,,12648430
92_decision_tree_max_depth_none,decision_tree,0.8159854230276766,0.02125882211926932,0.776536312849162,gini,,10,5,,,12648430
93_decision_tree_min_samples_leaf_1,decision_tree,0.7865163006008077,0.011425958668496092,0.7932960893854749,gini,8,10,1,,,12648430
94_decision_tree_min_samples_leaf_2,decision_tree,0.787924751305033,0.020540197333020923,0.8100558659217877,gini,8,10,2,,,12648430
95_decision_tree_min_samples_leaf_5,decision_tree,0.8117502216093765,0.020973323329949018,0.8212290502793296,gini,8,10,5,,,12648430
96_decision_tree_min_samples_leaf_10,decision_tree,0.7934206638431991,0.038961933432156516,0.8100558659217877,gini,8,10,10,,,12648430
97_decision_tree_min_samples_leaf_20,decision_tree,0.7836501526642372,0.0261470664870055,0.8100558659217877,gini,8,10,20,,,12648430
98_decision_tree_min_samples_leaf_3,decision_tree,0.7906530089628682,0.03443876999557661,0.8044692737430168,gini,3,10,20,,,12648430
98_decision_tree_min_samples_leaf_3,decision_tree,0.8019304639022948,0.017826399710578016,0.8156424581005587,gini,8,10,3,,,12648430
99_decision_tree_min_samples_leaf_4,decision_tree,0.8033093666896484,0.027475025987405338,0.8212290502793296,gini,8,10,4,,,12648430
100_decision_tree_min_samples_leaf_6,decision_tree,0.8032896680784004,0.03249650887450447,0.8268156424581006,gini,8,10,6,,,12648430
101_decision_tree_min_samples_leaf_7,decision_tree,0.7920417610558456,0.03308239983518601,0.8100558659217877,gini,8,10,7,,,12648430
102_decision_tree_min_samples_split_2,decision_tree,0.8117502216093765,0.020973323329949018,0.8212290502793296,gini,8,2,5,,,12648430
103_decision_tree_min_samples_split_5,decision_tree,0.8117502216093765,0.020973323329949018,0.8212290502793296,gini,8,5,5,,,12648430
104_decision_tree_min_samples_split_10,decision_tree,0.8117502216093765,0.020973323329949018,0.8212290502793296,gini,8,10,5,,,12648430
105_decision_tree_min_samples_split_20,decision_tree,0.7990938638825963,0.02807066963143271,0.8379888268156425,gini,8,20,5,,,12648430
106_decision_tree_min_samples_split_30,decision_tree,0.7948882103811681,0.026129634230291812,0.8156424581005587,gini,8,30,5,,,12648430
107_decision_tree_min_samples_split_12,decision_tree,0.806136117403723,0.02283294657216761,0.8212290502793296,gini,8,12,5,,,12648430
108_decision_tree_min_samples_split_15,decision_tree,0.8033192159952722,0.026304237215850863,0.8268156424581006,gini,8,15,5,,,12648430
108_decision_tree_min_samples_split_None,decision_tree,0.8117502216093765,0.020973323329949018,0.8212290502793296,gini,8,5,,,12648430
109_decision_tree_criterion_entropy,decision_tree,0.8075445681079485,0.019563383968726922,0.8491620111731844,entropy,8,5,,,12648430
110_decision_tree_criterion_log_loss,decision_tree,0.8075445681079485,0.019563383968726922,0.8491620111731844,log_loss,8,5,,,12648430
111_decision_tree_max_leaf_nodes_10,decision_tree,0.8047079680882497,0.03687476111865197,0.8268156424581006,gini,8,5,10,,12648430
112_decision_tree_max_leaf_nodes_20,decision_tree,0.8145277257953314,0.028453063719175564,0.8212290502793296,gini,8,5,20,,12648430
113_decision_tree_max_leaf_nodes_30,decision_tree,0.8117502216093765,0.020973323329949018,0.8212290502793296,gini,8,5,30,,12648430
114_decision_tree_max_leaf_nodes_15,decision_tree,0.8018910666797991,0.03139359213941704,0.8268156424581006,gini,8,5,15,,12648430
115_decision_tree_max_leaf_nodes_18,decision_tree,0.8117108243868808,0.03325156211713257,0.8324022346368715,gini,8,5,18,,12648430
116_decision_tree_max_leaf_nodes_22,decision_tree,0.8117206736925047,0.02802149779634512,0.8212290502793296,gini,8,5,22,,12648430
117_decision_tree_max_leaf_nodes_25,decision_tree,0.8117502216093765,0.020973323329949018,0.8156424581005587,gini,8,5,25,,12648430
118_decision_tree_ccp_alpha_0.001,decision_tree,0.8145277257953314,0.028453063719175564,0.8212290502793296,gini,8,5,20,0.001,,12648430
119_decision_tree_ccp_alpha_0.005,decision_tree,0.8103516202107752,0.04001182673120095,0.8268156424581006,gini,8,5,20,0.005,,12648430
120_decision_tree_ccp_alpha_0.01,decision_tree,0.8103417709051512,0.021760800940795043,0.8156424581005587,gini,8,5,20,0.01,,12648430
121_decision_tree_ccp_alpha_0.002,decision_tree,0.8145178764897075,0.03179298187021687,0.8324022346368715,gini,8,5,20,0.002,,12648430
122_decision_tree_ccp_alpha_0.003,decision_tree,0.8018910666797991,0.034671450057041135,0.8324022346368715,gini,8,5,20,0.003,,12648430
121_decision_tree_ccp_alpha_0.002,decision_tree,0.8145178764897075,0.03179298187021687,0.8324022346368715,gini,8,5,20,0.002,,12648430
123_decision_tree_ccp_alpha_0.004,decision_tree,0.81312912439673,0.03876685442405783,0.8268156424581006,gini,8,5,20,0.004,,12648430
124_decision_tree_remove_title,decision_tree,0.8089037722840541,0.029446666539784314,0.8100558659217877,gini,8,5,20,,12648430
112_decision_tree_max_leaf_nodes_20,decision_tree,0.8145277257953314,0.028453063719175564,0.8212290502793296,gini,8,2,5,20,0,,12648430
125_decision_tree_remove_sex,decision_tree,0.8145572737122032,0.02006588087036525,0.8379888268156425,gini,8,2,5,20,0,,12648430
126_decision_tree_remove_isalone,decision_tree,0.8131192750911062,0.028821219134512518,0.8212290502793296,gini,8,2,5,20,0,,12648430
127_decision_tree_remove_cabinknown,decision_tree,0.8131192750911062,0.028821219134512518,0.8212290502793296,gini,8,2,5,20,0,,12648430
128_decision_tree_remove_embarked,decision_tree,0.8145277257953314,0.03079672339785139,0.8212290502793296,gini,8,2,5,20,0,,12648430
129_decision_tree_remove_deck,decision_tree,0.8061065694868512,0.03171356198165476,0.8268156424581006,gini,8,2,5,20,0,,12648430
130_decision_tree_remove_familysize,decision_tree,0.8060967201812271,0.03562023676963728,0.8156424581005587,gini,8,2,5,20,0,,12648430
131_decision_tree_remove_redundant_features,decision_tree,0.8159657244164287,0.027466568419711544,0.8379888268156425,gini,8,2,5,20,0,,12648430
131_decision_tree_remove_sex_embarked_ isalone_cabinknow,decision_tree,0.8159657244164287,0.027466568419711544,0.8379888268156425,gini,8,2,5,20,0,,12648430
131_decision_tree_remove_sex_embarked_ isalone_cabinknow,decision_tree,0.8159657244164287,0.027466568419711544,0.8379888268156425,gini,8,2,5,20,0,,12648430
132_remove_embarked_isalone_cabinknown,decision_tree,0.8145277257953314,0.03079672339785139,0.8268156424581006,gini,8,2,5,20,0,,12648430
134_decision_tree_optuna_best,decision_tree,0.8188023244361272,0.008548868208595803,0.8379888268156425,log_loss,6,20,4,10,0.003,,12648430
136_decision_tree_optuna_final,decision_tree,0.7850684526740864,0.03181954729197971,0.7821229050279329,log_loss,11,210,3,18,0,,12648430
136_decision_tree_optuna_final,decision_tree,0.8286023835319611,0.019073317030246395,0.8547486033519553,log_loss,11,10,3,18,0,,12648430
137_random_forest_baseline,random_forest,0.8159952723333005,0.022999290694092886,0.8268156424581006,300,gini,,2,1,sqrt,True,,12648430,-1
137_random_forest_baseline,random_forest,0.8159952723333005,0.022999290694092886,0.8268156424581006,300,gini,,2,1,sqrt,True,,12648430,-1,True
138_random_forest_max_depth_6,random_forest,0.8314685314685315,0.017159299588452245,0.8547486033519553,300,gini,6,2,1,sqrt,True,,12648430,-1,True
139_random_forest_max_depth_8,random_forest,0.8300600807643062,0.0214914331339232,0.8491620111731844,300,gini,8,2,1,sqrt,True,,12648430,-1,True
140_random_forest_max_depth_10,random_forest,0.8328572835615089,0.02575104675475309,0.8491620111731844,300,gini,10,2,1,sqrt,True,,12648430,-1,True
141_random_forest_max_depth_12,random_forest,0.8286417807544568,0.023858763266005726,0.8435754189944135,300,gini,12,2,1,sqrt,True,,12648430,-1,True
142_random_forest_max_depth_14,random_forest,0.8188220230473752,0.028620106113132992,0.8379888268156425,300,gini,14,2,1,sqrt,True,,12648430,-1,True
143_random_forest_max_depth_16,random_forest,0.8174135723431497,0.03149577250608249,0.8324022346368715,300,gini,16,2,1,sqrt,True,,12648430,-1,True
144_random_forest_min_samples_leaf_2,random_forest,0.8356544863587118,0.02221011648158505,0.8491620111731844,300,gini,10,2,2,sqrt,True,,12648430,-1,True
145_random_forest_min_samples_leaf_3,random_forest,0.8384713877671623,0.0232034882794715,0.8547486033519553,300,gini,10,2,3,sqrt,True,,12648430,-1,True
146_random_forest_min_samples_leaf_4,random_forest,0.8370530877573131,0.01823902595699719,0.8547486033519553,300,gini,10,2,4,sqrt,True,,12648430,-1,True
147_random_forest_min_samples_leaf_5,random_forest,0.832817886339013,0.017872172314154597,0.8547486033519553,300,gini,10,2,5,sqrt,True,,12648430,-1,True
148_random_forest_min_samples_leaf_8,random_forest,0.8201812272234807,0.02055707468370803,0.8379888268156425,300,gini,10,2,8,sqrt,True,,12648430,-1,True
149_random_forest_min_samples_leaf_10,random_forest,0.8145769723234512,0.012682196317791675,0.8379888268156425,300,gini,10,2,10,sqrt,True,,12648430,-1,True
150_random_forest_max_features_log2,random_forest,0.8328572835615089,0.01637157849942054,0.8547486033519553,300,gini,10,2,4,log2,True,,12648430,-1,True
151_random_forest_max_features_0_5,random_forest,0.8328572835615089,0.025772510733880892,0.8547486033519553,300,gini,10,2,4,0.5,True,,12648430,-1,True
152_random_forest_max_features_0_75,random_forest,0.8356446370530877,0.02636137900720137,0.8435754189944135,300,gini,10,2,4,0.75,True,,12648430,-1,True
153_random_forest_max_features_none,random_forest,0.825824879346006,0.01975424037184608,0.8547486033519553,300,gini,10,2,4,,True,,12648430,-1,True
155_random_forest_min_samples_split_10,random_forest,0.8356544863587118,0.013283255723262144,0.8547486033519553,300,gini,10,10,4,sqrt,True,,12648430,-1,True
156_random_forest_min_samples_split_15,random_forest,0.8328277356446371,0.016039061212305118,0.8547486033519553,300,gini,10,15,4,sqrt,True,,12648430,-1,True
157_random_forest_min_samples_split_20,random_forest,0.8258051807347583,0.019404241969195216,0.8547486033519553,300,gini,10,20,4,sqrt,True,,12648430,-1,True
158_random_forest_n_estimators_100,random_forest,0.8300305328474342,0.022599287020953606,0.8547486033519553,100,gini,10,2,4,sqrt,True,,12648430,-1,True
159_random_forest_n_estimators_500,random_forest,0.8356544863587118,0.018291817931166524,0.8547486033519553,500,gini,10,2,4,sqrt,True,,12648430,-1,True
160_random_forest_n_estimators_1000,random_forest,0.8328474342558849,0.01584674613167308,0.8547486033519553,1000,gini,10,2,4,sqrt,True,,12648430,-1,True
161_random_forest_criterion_entropy,random_forest,0.837062937062937,0.01870200302289232,0.8547486033519553,300,entropy,10,2,4,sqrt,True,,12648430,-1,True
162_random_forest_criterion_log_loss,random_forest,0.837062937062937,0.01870200302289232,0.8547486033519553,300,log_loss,10,2,4,sqrt,True,,12648430,-1,True
163_random_forest_optuna_tuning,random_forest,0.8440854919728158,0.02253199537760993,0.8547486033519553,300,gini,13,5,3,log2,True,True,,12648430,-1
164_random_forest_optuna_final,random_forest,0.8440854919728158,0.02253199537760993,0.8547486033519553,300,gini,13,5,3,log2,True,True,,12648430,-1
164_random_forest_optuna_final,random_forest,0.8440854919728158,0.02253199537760993,0.8547486033519553,300,gini,13,5,3,log2,True,True,,12648430,-1
165_catboost_smoke_test,catboost,0.8258248793460062,0.01924558855442834,0.8603351955307262,500,0.03,6,Logloss,Accuracy,"['Pclass', 'Sex', 'Title', 'Deck', 'Embarked']",Min,12648430,-1,0,False
165_catboost_smoke_test,catboost,0.8328474342558849,0.013106106497063891,0.8491620111731844,2000,0.03,6,Logloss,Accuracy,"['Pclass', 'Sex', 'Title', 'Deck', 'Embarked']",Min,12648430,-1,0,False
165_catboost_smoke_test,catboost,0.8328474342558849,0.013106106497063891,0.8491620111731844,2000,0.03,6,Logloss,Accuracy,"['Pclass', 'Sex', 'Title', 'Deck', 'Embarked']",Min,12648430,-1,0,False
165_catboost_smoke_test,catboost,0.8328474342558849,0.013106106497063891,0.8491620111731844,2000,0.03,6,Logloss,Accuracy,"['Pclass', 'Sex', 'Title', 'Deck', 'Embarked']",Min,12648430,-1,0,False
165_catboost_smoke_test,catboost,0.8314389835516597,0.024118361327607564,0.8491620111731844,2000,0.03,6,Logloss,Logloss,"['Pclass', 'Sex', 'Title', 'Deck', 'Embarked']",Min,12648430,-1,0,False
165_catboost_smoke_test,catboost,0.8314389835516597,0.024118361327607564,0.8491620111731844,2000,0.03,6,Logloss,Logloss,"['Pclass', 'Sex', 'Title', 'Deck', 'Embarked']",Min,12648430,-1,0,False
165_catboost_smoke_test,catboost,0.8314389835516597,0.024118361327607564,0.8491620111731844,2000,0.03,6,Logloss,Logloss,['Accuracy'],"['Pclass', 'Sex', 'Title', 'Deck', 'Embarked']",Min,12648430,-1,0,False
165_catboost_smoke_test,catboost,0.8328474342558849,0.013106106497063891,0.8491620111731844,2000,0.03,6,Logloss,Accuracy,['Logloss'],"['Pclass', 'Sex', 'Title', 'Deck', 'Embarked']",Min,12648430,-1,0,False
165_catboost_smoke_test,catboost,0.8328474342558849,0.013106106497063891,0.8491620111731844,2000,0.03,6,Logloss,Accuracy,['Logloss'],"['Pclass', 'Sex', 'Title', 'Deck', 'Embarked']",Min,12648430,-1,0,False
165_catboost_smoke_test,catboost,0.8328474342558849,0.013106106497063891,0.8324022346368715,2000,0.03,6,Logloss,Accuracy,['Logloss'],"['Pclass', 'Sex', 'Title', 'Deck', 'Embarked']",Min,12648430,-1,0,False
165_catboost_smoke_test,catboost,0.8328474342558849,0.013106106497063891,0.8324022346368715,76,0.03,6,Logloss,Min,12648430,0,['Logloss'],Accuracy,False,"['Pclass', 'Sex', 'Title', 'Deck', 'Embarked']"
165_catboost_smoke_baseline,catboost,0.8328474342558849,0.013106106497063891,0.8324022346368715,76,0.03,6,Logloss,Min,12648430,0,['Logloss'],Accuracy,False,"['Pclass', 'Sex', 'Title', 'Deck', 'Embarked']"
165_catboost_single_baseline,catboost,0.8328474342558849,0.013106106497063891,0.8324022346368715,76,0.03,6,Logloss,Min,12648430,0,['Logloss'],Accuracy,False,"['Pclass', 'Sex', 'Title', 'Deck', 'Embarked']"
166_catboost_cv_ensemble,catboost,0.8328474342558849,0.013106106497063891,0.8324022346368715,76,0.03,6,Logloss,Min,12648430,0,['Logloss'],Accuracy,False,"['Pclass', 'Sex', 'Title', 'Deck', 'Embarked']"
166_catboost_cv_ensemble,catboost,0.8328474342558849,0.013106106497063891,0.8324022346368715,76,0.03,6,Logloss,Min,12648430,0,['Logloss'],Accuracy,False,"['Pclass', 'Sex', 'Title', 'Deck', 'Embarked']"
166_catboost_cv_ensemble,catboost,0.8328474342558849,0.013106106497063891,0.8324022346368715,76,0.03,6,Logloss,Min,12648430,0,['Logloss'],Accuracy,False,"['Pclass', 'Sex', 'Title', 'Deck', 'Embarked']"
166_catboost_cv_ensemble,catboost,0.8328474342558849,0.013106106497063891,0.8379888268156425,5,"[5, 115, 149, 3, 76]",76,0.03,6,Logloss,Min,12648430,0,['Logloss'],Accuracy,False,"['Pclass', 'Sex', 'Title', 'Deck', 'Embarked']"
166_catboost_cv_ensemble,catboost,0.8328474342558849,0.013106106497063891,0.8379888268156425,5,"[5, 115, 149, 3, 76]",2000,0.03,6,Logloss,Min,12648430,0,['Logloss'],Accuracy,False,"['Pclass', 'Sex', 'Title', 'Deck', 'Embarked']"
166_catboost_cv_ensemble,catboost,0.8328474342558849,0.013106106497063891,0.8379888268156425,5,"[5, 115, 149, 3, 76]",2000,0.03,6,Logloss,Min,12648430,0,['Logloss'],Accuracy,False,"['Pclass', 'Sex', 'Title', 'Deck', 'Embarked']"
166_catboost_cv_ensemble,catboost,0.8328474342558849,0.013106106497063891,0.8379888268156425,5,"[5, 115, 149, 3, 76]",2000,0.03,6,Logloss,Min,12648430,0,['Logloss'],Accuracy,False,"['Pclass', 'Sex', 'Title', 'Deck', 'Embarked']"
166_catboost_cv_ensemble,catboost,0.8328474342558849,0.013106106497063891,0.8379888268156425,5,"[5, 115, 149, 3, 76]",2000,0.03,6,Logloss,Min,12648430,0,['Logloss'],Accuracy,False,"['Pclass', 'Sex', 'Title', 'Deck', 'Embarked']"
166_catboost_cv_ensemble,catboost,0.8328474342558849,0.013106106497063891,0.8379888268156425,5,"[5, 115, 149, 3, 76]",2000,0.03,6,Logloss,Min,12648430,0,['Logloss'],Accuracy,False,"['Pclass', 'Sex', 'Title', 'Deck', 'Embarked']"
166_catboost_cv_ensemble,catboost,0.8328474342558849,0.013106106497063891,0.8379888268156425,5,"[5, 115, 149, 3, 76]",2000,0.03,6,Logloss,Min,12648430,0,['Logloss'],Accuracy,False,"['Pclass', 'Sex', 'Title', 'Deck', 'Embarked']"
166_catboost_cv_ensemble,catboost,0.8328474342558849,0.013106106497063891,0.8379888268156425,5,"[5, 115, 149, 3, 76]",2000,0.03,6,Logloss,Min,12648430,0,['Logloss'],Accuracy,False,"['Pclass', 'Sex', 'Title', 'Deck', 'Embarked']"
166_catboost_cv_ensemble,catboost,0.8328474342558849,0.013106106497063891,0.8379888268156425,5,"[5, 115, 149, 3, 76]",2000,0.03,6,Logloss,Min,12648430,0,['Logloss'],Accuracy,False,"['Pclass', 'Sex', 'Title', 'Deck', 'Embarked']"
167_catboost_depth_4,catboost,0.8300403821530582,0.018707910176263293,0.8379888268156425,5,"[81, 53, 14, 1, 4]",2000,0.03,4,Logloss,Min,12648430,0,['Logloss'],Accuracy,False,"['Pclass', 'Sex', 'Title', 'Deck', 'Embarked']"
168_catboost_depth_5,catboost,0.8342460356544864,0.017225486620509347,0.8435754189944135,5,"[64, 37, 10, 146, 20]",2000,0.03,5,Logloss,Min,12648430,0,['Logloss'],Accuracy,False,"['Pclass', 'Sex', 'Title', 'Deck', 'Embarked']"
169_catboost_depth_7,catboost,0.8398699891657639,0.01871722091682288,0.8379888268156425,5,"[70, 87, 4, 171, 92]",2000,0.03,7,Logloss,Min,12648430,0,['Logloss'],Accuracy,False,"['Pclass', 'Sex', 'Title', 'Deck', 'Embarked']"
170_catboost_depth_8,catboost,0.8342361863488623,0.017303074435534582,0.8268156424581006,5,"[29, 14, 18, 4, 85]",2000,0.03,8,Logloss,Min,12648430,0,['Logloss'],Accuracy,False,"['Pclass', 'Sex', 'Title', 'Deck', 'Embarked']"
171_catboost_depth_9,catboost,0.837062937062937,0.02382063473698022,0.8268156424581006,5,"[5, 9, 23, 189, 3]",2000,0.03,9,Logloss,Min,12648430,0,['Logloss'],Accuracy,False,"['Pclass', 'Sex', 'Title', 'Deck', 'Embarked']"
172_catboost_depth_10,catboost,0.8314488328572835,0.02186205532961515,0.8324022346368715,5,"[5, 10, 10, 10, 3]",2000,0.03,10,Logloss,Min,12648430,0,['Logloss'],Accuracy,False,"['Pclass', 'Sex', 'Title', 'Deck', 'Embarked']"
173_catboost_l2_leaf_reg_1,catboost,0.8384713877671623,0.011062133949104375,0.8324022346368715,5,"[93, 20, 21, 2, 10]",2000,0.03,7,1,Logloss,Min,12648430,0,['Logloss'],Accuracy,False,"['Pclass', 'Sex', 'Title', 'Deck', 'Embarked']"
174_catboost_l2_leaf_reg_5,catboost,0.8356544863587118,0.01985201765095759,0.8268156424581006,5,"[50, 13, 102, 19, 3]",2000,0.03,7,5,Logloss,Min,12648430,0,['Logloss'],Accuracy,False,"['Pclass', 'Sex', 'Title', 'Deck', 'Embarked']"
175_catboost_l2_leaf_reg_10,catboost,0.8370530877573131,0.012414751833969843,0.8324022346368715,5,"[87, 18, 107, 3, 54]",2000,0.03,7,10,Logloss,Min,12648430,0,['Logloss'],Accuracy,False,"['Pclass', 'Sex', 'Title', 'Deck', 'Embarked']"
176_catboost_learning_rate_0_01,catboost,0.8286220821432089,0.018391979484044692,0.8156424581005587,5,"[1, 57, 66, 22, 2]",2000,0.01,7,Logloss,Min,12648430,0,['Logloss'],Accuracy,False,"['Pclass', 'Sex', 'Title', 'Deck', 'Embarked']"
176_catboost_learning_rate_0_01,catboost,0.8314192849404117,0.019733186439862,0.8379888268156425,5,"[253, 57, 66, 22, 2]",2000,0.01,7,Logloss,Min,12648430,0,['Logloss'],Accuracy,False,"['Pclass', 'Sex', 'Title', 'Deck', 'Embarked']"
176_catboost_learning_rate_0_01_200,catboost,0.8314192849404117,0.019733186439862,0.8379888268156425,5,"[253, 57, 66, 22, 2]",2000,0.01,7,Logloss,Min,12648430,0,['Logloss'],Accuracy,False,"['Pclass', 'Sex', 'Title', 'Deck', 'Embarked']"
176_catboost_learning_rate_0_01,catboost,0.8286220821432089,0.018391979484044692,0.8156424581005587,5,"[1, 57, 66, 22, 2]",2000,0.01,7,Logloss,Min,12648430,0,['Logloss'],Accuracy,False,"['Pclass', 'Sex', 'Title', 'Deck', 'Embarked']"
176_catboost_learning_rate_0_01_250,catboost,0.8286220821432089,0.018391979484044692,0.8156424581005587,5,"[1, 57, 66, 22, 2]",2000,0.01,7,Logloss,Min,12648430,0,['Logloss'],Accuracy,False,"['Pclass', 'Sex', 'Title', 'Deck', 'Embarked']"
176_catboost_learning_rate_0_01_250,catboost,0.8314192849404117,0.019733186439862,0.8379888268156425,5,"[253, 57, 66, 22, 2]",2000,0.01,7,Logloss,Min,12648430,0,['Logloss'],Accuracy,False,"['Pclass', 'Sex', 'Title', 'Deck', 'Embarked']"
177_catboost_learning_rate_0_05,catboost,0.8384516891559144,0.0150784023124625,0.8379888268156425,5,"[87, 40, 26, 3, 69]",2000,0.05,7,Logloss,Min,12648430,0,['Logloss'],Accuracy,False,"['Pclass', 'Sex', 'Title', 'Deck', 'Embarked']"
178_catboost_learning_rate_0_10,catboost,0.8426967398798384,0.019183919133029574,0.8435754189944135,5,"[61, 42, 150, 84, 4]",2000,0.1,7,Logloss,Min,12648430,0,['Logloss'],Accuracy,False,"['Pclass', 'Sex', 'Title', 'Deck', 'Embarked']"
179_catboost_random_strength_0,catboost,0.8539052496798976,0.019785771909119104,0.8435754189944135,5,"[18, 171, 65, 117, 24]",2000,0.05,7,Logloss,Min,12648430,0,0,['Logloss'],Accuracy,False,"['Pclass', 'Sex', 'Title', 'Deck', 'Embarked']"
180_catboost_random_strength_0_5,catboost,0.8511277454939427,0.023702124274940943,0.8268156424581006,5,"[69, 3, 9, 59, 40]",2000,0.05,7,Logloss,Min,12648430,0,0.5,['Logloss'],Accuracy,False,"['Pclass', 'Sex', 'Title', 'Deck', 'Embarked']"
181_catboost_random_strength_2,catboost,0.8342657342657344,0.013832668625766814,0.8324022346368715,5,"[55, 21, 7, 34, 4]",2000,0.05,7,Logloss,Min,12648430,0,2,['Logloss'],Accuracy,False,"['Pclass', 'Sex', 'Title', 'Deck', 'Embarked']"
179_catboost_random_strength_0,catboost,0.8539052496798976,0.019785771909119104,0.8435754189944135,5,"[18, 171, 65, 117, 24]",2000,0.05,7,Logloss,Min,12648430,0,0,['Logloss'],Accuracy,False,"['Pclass', 'Sex', 'Title', 'Deck', 'Embarked']"
179_catboost_random_strength_0,catboost,0.8539052496798976,0.019785771909119104,0.8435754189944135,5,"[18, 171, 65, 117, 24]",2000,0.05,7,Logloss,Min,12648430,0,0,['Logloss'],Accuracy,False,"['Pclass', 'Sex', 'Title', 'Deck', 'Embarked']"
182_catboost_bootstrap_bayesian,catboost,0.8469122426868905,0.025716753886741252,0.8435754189944135,5,"[5, 63, 19, 291, 4]",2000,0.05,7,Logloss,Min,12648430,0,0,['Logloss'],Accuracy,1,False,Bayesian,"['Pclass', 'Sex', 'Title', 'Deck', 'Embarked']"
183_catboost_bagging_temperature_0,catboost,0.8385009356840343,0.017057552866351446,0.8491620111731844,5,"[4, 3, 41, 131, 13]",2000,0.05,7,Logloss,Min,12648430,0,0,['Logloss'],Accuracy,0,False,Bayesian,"['Pclass', 'Sex', 'Title', 'Deck', 'Embarked']"
184_catboost_bagging_temperature_2,catboost,0.8427164384910864,0.02606630223900395,0.8491620111731844,5,"[38, 1, 28, 170, 4]",2000,0.05,7,Logloss,Min,12648430,0,0,['Logloss'],Accuracy,2,False,Bayesian,"['Pclass', 'Sex', 'Title', 'Deck', 'Embarked']"
185_catboost_native_age_missing,catboost,0.8454939426770413,0.026410020003253046,0.8547486033519553,5,"[95, 19, 118, 231, 35]",2000,0.05,7,Logloss,Min,12648430,0,0,['Logloss'],Accuracy,False,MVS,"['Pclass', 'Sex', 'Title', 'Deck', 'Embarked']"
179_catboost_random_strength_0,catboost,0.8483108440854921,0.021642656290122027,0.8379888268156425,5,"[12, 82, 57, 56, 3]",2000,0.05,7,Logloss,Min,12648430,0,0,['Logloss'],Accuracy,False,MVS,"['Pclass', 'Sex', 'Title', 'Deck', 'Embarked', 'TicketPrefix']"
186_catboost_ticket_prefix,catboost,0.8483108440854921,0.021642656290122027,0.8379888268156425,5,"[12, 82, 57, 56, 3]",2000,0.05,7,Logloss,Min,12648430,0,0,['Logloss'],Accuracy,False,MVS,"['Pclass', 'Sex', 'Title', 'Deck', 'Embarked', 'TicketPrefix']"
179_catboost_random_strength_0,catboost,0.8539052496798976,0.019785771909119104,0.8435754189944135,5,"[18, 171, 65, 117, 24]",2000,0.05,7,Logloss,Min,12648430,0,0,['Logloss'],Accuracy,False,MVS,"['Pclass', 'Sex', 'Title', 'Deck', 'Embarked']"
187_catboost_fare_per_person,catboost,0.8426967398798384,0.022081659963821863,0.8547486033519553,5,"[2, 17, 11, 104, 4]",2000,0.05,7,Logloss,Min,12648430,0,0,['Logloss'],Accuracy,False,MVS,"['Pclass', 'Sex', 'Title', 'Deck', 'Embarked']"
188_catboost_shared_ticket_count,catboost,0.8441150398896878,0.020487114448888052,0.8547486033519553,5,"[3, 1, 63, 158, 24]",2000,0.05,7,Logloss,Min,12648430,0,0,['Logloss'],Accuracy,False,MVS,"['Pclass', 'Sex', 'Title', 'Deck', 'Embarked']"
179_catboost_random_strength_0,catboost,0.8539052496798976,0.019785771909119104,0.8435754189944135,5,"[18, 171, 65, 117, 24]",2000,0.05,7,Logloss,Min,12648430,0,0,['Logloss'],Accuracy,False,MVS,"['Pclass', 'Sex', 'Title', 'Deck', 'Embarked']"
189_catboost_remove_is_alone,catboost,0.8426967398798384,0.025809605024463528,0.8491620111731844,5,"[4, 52, 79, 194, 4]",2000,0.05,7,Logloss,Min,12648430,0,0,['Logloss'],Accuracy,False,MVS,"['Pclass', 'Sex', 'Title', 'Deck', 'Embarked']"
190_catboost_remove_cabin_known,catboost,0.8553432483009947,0.022483002850015213,0.8435754189944135,5,"[2, 56, 70, 222, 1]",2000,0.05,7,Logloss,Min,12648430,0,0,['Logloss'],Accuracy,False,MVS,"['Pclass', 'Sex', 'Title', 'Deck', 'Embarked']"
179_catboost_random_strength_0,catboost,0.8468826947700187,0.022614988047963316,0.8324022346368715,5,"[1, 51, 75, 90, 15]",2000,0.05,7,Logloss,Min,12648430,0,0,['Logloss'],Accuracy,False,MVS,"['Sex', 'Title', 'Deck', 'Embarked']"
191_catboost_pclass_numeric,catboost,0.8468826947700187,0.022614988047963316,0.8324022346368715,5,"[1, 51, 75, 90, 15]",2000,0.05,7,Logloss,Min,12648430,0,0,['Logloss'],Accuracy,False,MVS,"['Sex', 'Title', 'Deck', 'Embarked']"
179_catboost_random_strength_0,catboost,0.8539052496798976,0.019785771909119104,0.8435754189944135,5,"[18, 171, 65, 117, 24]",2000,0.05,7,Logloss,Min,12648430,0,0,['Logloss'],Accuracy,False,MVS,"['Pclass', 'Sex', 'Title', 'Deck', 'Embarked']"
192_catboost_lr_0_03_cv_seed_42_169,catboost,0.8258544272628778,0.021882297862787267,0.8435754189944135,5,"[44, 7, 2, 14, 1]",2000,0.03,7,Logloss,Min,12648430,0,1,['Logloss'],Accuracy,False,MVS,"['Pclass', 'Sex', 'Title', 'Deck', 'Embarked']"
193_catboost_lr_0_03_cv_seed_2026_169,catboost,0.8342361863488623,0.01414954824755922,0.8435754189944135,5,"[2, 3, 81, 119, 18]",2000,0.03,7,Logloss,Min,12648430,0,1,['Logloss'],Accuracy,False,MVS,"['Pclass', 'Sex', 'Title', 'Deck', 'Embarked']"
194_catboost_lr_0_05_cv_seed_42_177,catboost,0.83006993006993,0.019477748337306623,0.8491620111731844,5,"[39, 15, 2, 30, 37]",2000,0.05,7,Logloss,Min,12648430,0,1,['Logloss'],Accuracy,False,MVS,"['Pclass', 'Sex', 'Title', 'Deck', 'Embarked']"
195_catboost_lr_0_05_cv_seed_2026_177,catboost,0.8370235398404413,0.01677356122382464,0.8435754189944135,5,"[34, 4, 2, 104, 33]",2000,0.05,7,Logloss,Min,12648430,0,1,['Logloss'],Accuracy,False,MVS,"['Pclass', 'Sex', 'Title', 'Deck', 'Embarked']"
196_catboost_random_strength_0_cv_seed_42_179,catboost,0.8300502314586822,0.012930379092115255,0.8491620111731844,5,"[23, 76, 1, 10, 7]",2000,0.05,7,Logloss,Min,12648430,0,0,['Logloss'],Accuracy,False,MVS,"['Pclass', 'Sex', 'Title', 'Deck', 'Embarked']"
197_catboost_random_strength_0_cv_seed_2026_179,catboost,0.8426573426573427,0.01191253055032891,0.8435754189944135,5,"[20, 105, 17, 34, 177]",2000,0.05,7,Logloss,Min,12648430,0,0,['Logloss'],Accuracy,False,MVS,"['Pclass', 'Sex', 'Title', 'Deck', 'Embarked']"
200_catboost_optuna_trial_94,catboost,0.8581306017925737,0.020699233774904204,0.8435754189944135,5,"[144, 141, 83, 138, 2]",2000,0.09984993623369727,5,3.1197576358329733,Logloss,Min,8,12648430,0,0.2403295819462555,['Logloss'],Accuracy,False,MVS,"['Pclass', 'Sex', 'Title', 'Deck', 'Embarked']"
201_catboost_optuna_trial_68,catboost,0.8567418496995961,0.018135778680641586,0.8435754189944135,5,"[197, 32, 87, 137, 89]",2000,0.085605,5,3.37851,Logloss,Min,8,12648430,0,0.043072,['Logloss'],Accuracy,False,MVS,"['Pclass', 'Sex', 'Title', 'Deck', 'Embarked']"
202_catboost_optuna_trial_36,catboost,0.8539150989855215,0.012307242396808122,0.8379888268156425,5,"[187, 97, 19, 61, 10]",2000,0.064715,5,4.183138,Logloss,Min,8,12648430,0,0.022054,['Logloss'],Accuracy,False,MVS,"['Pclass', 'Sex', 'Title', 'Deck', 'Embarked']"
203_catboost_optuna_trial_94_cv_seed_42,catboost,0.8483403920023639,0.016126252186887777,0.8379888268156425,5,"[11, 38, 21, 175, 7]",2000,0.09984993623369727,5,3.1197576358329733,Logloss,Min,8,12648430,0,0.2403295819462555,['Logloss'],Accuracy,False,MVS,"['Pclass', 'Sex', 'Title', 'Deck', 'Embarked']"
204_catboost_optuna_trial_94_cv_seed_2026,catboost,0.8469122426868905,0.0068315851659520805,0.8491620111731844,5,"[11, 3, 7, 202, 158]",2000,0.09984993623369727,5,3.1197576358329733,Logloss,Min,8,12648430,0,0.2403295819462555,['Logloss'],Accuracy,False,MVS,"['Pclass', 'Sex', 'Title', 'Deck', 'Embarked']"
205_catboost_optuna_trial_68_cv_seed_42,catboost,0.8413473850093569,0.017007489371167528,0.8379888268156425,5,"[12, 5, 9, 170, 43]",2000,0.085605,5,3.37851,Logloss,Min,8,12648430,0,0.043072,['Logloss'],Accuracy,False,MVS,"['Pclass', 'Sex', 'Title', 'Deck', 'Embarked']"
206_catboost_optuna_trial_68_cv_seed_2026,catboost,0.8426671919629666,0.00998325151620505,0.8379888268156425,5,"[4, 2, 10, 68, 63]",2000,0.085605,5,3.37851,Logloss,Min,8,12648430,0,0.043072,['Logloss'],Accuracy,False,MVS,"['Pclass', 'Sex', 'Title', 'Deck', 'Embarked']"
207_catboost_optuna_trial_94_round,catboost,0.8469122426868905,0.015653877938164237,0.8547486033519553,5,"[37, 29, 2, 109, 2]",2000,0.1,5,3.0,Logloss,Min,8,12648430,0,0.25,['Logloss'],Accuracy,False,MVS,"['Pclass', 'Sex', 'Title', 'Deck', 'Embarked']"
208_catboost_optuna_trial_94_cv_seed_42_round,catboost,0.8441445878065597,0.01811510359341209,0.8379888268156425,5,"[11, 13, 2, 126, 4]",2000,0.1,5,3.0,Logloss,Min,8,12648430,0,0.25,['Logloss'],Accuracy,False,MVS,"['Pclass', 'Sex', 'Title', 'Deck', 'Embarked']"
209_catboost_optuna_trial_94_cv_seed_2026_round,catboost,0.8469023933812666,0.008332850174976515,0.8435754189944135,5,"[11, 33, 7, 195, 64]",2000,0.1,5,3.0,Logloss,Min,8,12648430,0,0.25,['Logloss'],Accuracy,False,MVS,"['Pclass', 'Sex', 'Title', 'Deck', 'Embarked']"
207_catboost_optuna_trial_94_round,catboost,0.8553235496897468,0.01877292637692751,0.8435754189944135,5,"[88, 35, 55, 203, 2]",2000,0.1,5,3.12,Logloss,Min,8,12648430,0,0.24,['Logloss'],Accuracy,False,MVS,"['Pclass', 'Sex', 'Title', 'Deck', 'Embarked']"
208_catboost_optuna_trial_94_cv_seed_42_round,catboost,0.8469516399093864,0.015850235109232537,0.8491620111731844,5,"[11, 40, 21, 146, 7]",2000,0.1,5,3.12,Logloss,Min,8,12648430,0,0.24,['Logloss'],Accuracy,False,MVS,"['Pclass', 'Sex', 'Title', 'Deck', 'Embarked']"
209_catboost_optuna_trial_94_cv_seed_2026_round,catboost,0.8497291440953413,0.008248262756521886,0.8324022346368715,5,"[11, 3, 7, 165, 209]",2000,0.1,5,3.12,Logloss,Min,8,12648430,0,0.24,['Logloss'],Accuracy,False,MVS,"['Pclass', 'Sex', 'Title', 'Deck', 'Embarked']"
210_random_forest_standard_cv_oof,random_forest,0.8440854919728158,0.02253199537760993,0.8547486033519553,1,,True,0.0,,gini,13,log2,,,0.0,3,5,0.0,,300,-1,True,12648430,0,False
211_random_forest_standard_cv_ensemble,random_forest,0.8440854919728158,0.02253199537760993,0.8547486033519553,5,,True,0.0,,gini,13,log2,,,0.0,3,5,0.0,,300,-1,True,12648430,0,False
212_decision_tree_full_fit_136,decision_tree,0.8286023835319611,0.019073317030246395,0.8547486033519553,1,,0,,log_loss,11,,18,0.0,3,10,0.0,,12648430,best
213_decision_tree_fold_ensemble_136,decision_tree,0.8286023835319611,0.019073317030246395,0.8491620111731844,5,,0,,log_loss,11,,18,0.0,3,10,0.0,,12648430,best
214_logistic_regression_full_fit_48,logistic_regression,0.7808726484782823,0.028065623595404383,0.776536312849162,1,,0.7,,False,True,1,0.5,1000,,deprecated,12648430,saga,0.0001,0,False
214_logistic_regression_full_fit_48,logistic_regression,0.8356741849699596,0.01969413915551361,0.8379888268156425,1,,0.7,,False,True,1,0.5,1000,,deprecated,12648430,saga,0.0001,0,False
214_logistic_regression_full_fit_48,logistic_regression,0.8356741849699596,0.01969413915551361,0.8379888268156425,5,,0.7,,False,True,1,0.5,1000,,deprecated,12648430,saga,0.0001,0,False
214_logistic_regression_full_fit_48,logistic_regression,0.8356741849699596,0.01969413915551361,0.8379888268156425,1,,0.7,,False,True,1,0.5,1000,,deprecated,12648430,saga,0.0001,0,False
215_logistic_regression_fold_ensemble_48,logistic_regression,0.8356741849699596,0.01969413915551361,0.8379888268156425,5,,0.7,,False,True,1,0.5,1000,,deprecated,12648430,saga,0.0001,0,False
216_knn_full_fit_82,knn,0.8356840342755836,0.02527080396134634,0.8324022346368715,1,,auto,30,minkowski,,,6,2,uniform
217_knn_fold_ensemble_82,knn,0.8356840342755836,0.02527080396134634,0.8379888268156425,5,,auto,30,minkowski,,,6,2,uniform
218_catboost_fold_ensemble_207,catboost,0.8553235496897468,0.01877292637692751,0.8435754189944135,5,"[88, 35, 55, 203, 2]",2000,0.1,5,3.12,Logloss,Min,8,12648430,0,0.24,['Logloss'],Accuracy,False,MVS,"['Pclass', 'Sex', 'Title', 'Deck', 'Embarked']"
218_catboost_fold_ensemble_207,catboost,0.8553235496897468,0.01877292637692751,0.8435754189944135,5,"[88, 35, 55, 203, 2]",2000,0.1,5,3.12,Logloss,Min,8,12648430,0,0.24,['Logloss'],Accuracy,False,MVS,"['Pclass', 'Sex', 'Title', 'Deck', 'Embarked']"
219_refactoring_test,catboost,0.8553235496897468,0.01877292637692751,0.8435754189944135,5,"[88, 35, 55, 203, 2]",2000,0.1,5,3.12,Logloss,Min,8,12648430,0,0.24,['Logloss'],Accuracy,False,MVS,"['Pclass', 'Sex', 'Title', 'Deck', 'Embarked']"
219_refactoring_test,logistic_regression,0.7808726484782823,0.028065623595404383,0.776536312849162,1,,0.7,,False,True,1,0.5,1000,,deprecated,12648430,saga,0.0001,0,False
219_refactoring_test,decision_tree,0.8286023835319611,0.019073317030246395,0.8491620111731844,5,,0,,log_loss,11,,18,0.0,3,10,0.0,,12648430,best
219_refactoring_test,catboost,0.8553235496897468,0.01877292637692751,0.8435754189944135,5,"[88, 35, 55, 203, 2]",2000,0.1,5,3.12,Logloss,Min,8,12648430,0,0.24,['Logloss'],Accuracy,False,MVS,"['Pclass', 'Sex', 'Title', 'Deck', 'Embarked']"
219_refactoring_test,knn,0.7050526937850881,0.019833048589686018,0.7653631284916201,5,,auto,30,minkowski,,,6,2,uniform
219_refactoring_test,knn,0.8356840342755836,0.02527080396134634,0.8379888268156425,5,,auto,30,minkowski,,,6,2,uniform
219_refactoring_test,knn,0.8356840342755836,0.02527080396134634,0.8379888268156425,5,,auto,30,minkowski,,,6,2,uniform
219_refactoring_test,logistic_regression,0.8342657342657344,0.02209863749112022,0.8379888268156425,5,,0.7,,False,True,1,0.5,1000,,deprecated,12648430,saga,0.0001,0,False
219_refactoring_test,logistic_regression,0.8342657342657344,0.02209863749112022,0.8379888268156425,1,,0.7,,False,True,1,0.5,1000,,deprecated,12648430,saga,0.0001,0,False
219_refactoring_test,logistic_regression,0.8342657342657344,0.02209863749112022,0.8379888268156425,1,,0.7,,False,True,1,0.5,1000,,deprecated,12648430,saga,0.0001,0,False
219_refactoring_test,logistic_regression,0.8356741849699596,0.01969413915551361,0.8379888268156425,1,,0.7,,False,True,1,0.5,1000,,deprecated,12648430,saga,0.0001,0,False
219_refactoring_test,knn,0.8356840342755836,0.02527080396134634,0.8379888268156425,5,,auto,30,minkowski,,,6,2,uniform
219_refactoring_test,decision_tree,0.8286023835319611,0.019073317030246395,0.8491620111731844,5,,0,,log_loss,11,,18,0.0,3,10,0.0,,12648430,best
219_refactoring_test,decision_tree,0.8286023835319611,0.019073317030246395,0.8547486033519553,1,,0,,log_loss,11,,18,0.0,3,10,0.0,,12648430,best
219_refactoring_test,random_forest,0.8440854919728158,0.02253199537760993,0.8547486033519553,5,,True,0.0,,gini,13,log2,,,0.0,3,5,0.0,,300,-1,True,12648430,0,False
219_refactoring_test,catboost,0.8553235496897468,0.01877292637692751,0.8435754189944135,5,"[88, 35, 55, 203, 2]",2000,0.1,5,3.12,Logloss,Min,8,12648430,0,0.24,['Logloss'],Accuracy,False,MVS,"['Pclass', 'Sex', 'Title', 'Deck', 'Embarked']"
219_refactoring_test,random_forest,0.8440854919728158,0.02253199537760993,0.8547486033519553,5,,True,0.0,,gini,13,log2,,,0.0,3,5,0.0,,300,-1,True,12648430,0,False
219_refactoring_test,catboost,0.8553235496897468,0.01877292637692751,0.8435754189944135,5,"[88, 35, 55, 203, 2]",2000,0.1,5,3.12,Logloss,Min,8,12648430,0,0.24,['Logloss'],Accuracy,False,MVS,"['Pclass', 'Sex', 'Title', 'Deck', 'Embarked']"
219_refactoring_test,catboost,0.8553235496897468,0.01877292637692751,0.8435754189944135,5,"[88, 35, 55, 203, 2]",2000,0.1,5,3.12,Logloss,Min,8,12648430,0,0.24,['Logloss'],Accuracy,False,MVS,"['Pclass', 'Sex', 'Title', 'Deck', 'Embarked']"
219_refactoring_test,catboost,0.8553235496897468,0.01877292637692751,0.8435754189944135,5,"[88, 35, 55, 203, 2]",2000,0.1,5,3.12,Logloss,Min,8,12648430,0,0.24,['Logloss'],Accuracy,False,MVS,"['Pclass', 'Sex', 'Title', 'Deck', 'Embarked']"
220_catboost_baseline,catboost,0.8553235496897468,0.01877292637692751,0.8435754189944135,5,"[88, 35, 55, 203, 2]",2000,0.1,5,3.12,Logloss,Min,8,12648430,0,0.24,['Logloss'],Accuracy,False,MVS,"['Pclass', 'Sex', 'Title', 'Deck', 'Embarked']"
220_catboost_baseline,catboost,0.8553235496897468,0.01877292637692751,0.8435754189944135,5,"[88, 35, 55, 203, 2]",2000,0.1,5,3.12,Logloss,Min,8,12648430,0,0.24,['Logloss'],Accuracy,False,MVS,"['Pclass', 'Sex', 'Title', 'Deck', 'Embarked']"
220_catboost_baseline,catboost,0.8553235496897468,0.01877292637692751,0.8435754189944135,5,"[88, 35, 55, 203, 2]",2000,0.1,5,3.12,Logloss,Min,8,12648430,0,0.24,['Logloss'],Accuracy,False,MVS,"['Pclass', 'Sex', 'Title', 'Deck', 'Embarked']"
220_catboost_baseline,catboost,0.8553235496897468,0.01877292637692751,0.8435754189944135,5,"[88, 35, 55, 203, 2]",2000,0.1,5,3.12,Logloss,Min,8,12648430,0,0.24,['Logloss'],Accuracy,False,MVS,"['Pclass', 'Sex', 'Title', 'Deck', 'Embarked']"
220_lightgbm_baseline,lightgbm,0.8440657933615681,0.026684940957576262,0.8268156424581006,5,"[15, 146, 88, 143, 16]",gbdt,,1.0,split,0.03,4,10,0.001,0.0,2000,15,15,binary,12648430,0.0,0.0,1.0,200000,0,binary_error,10.0,10.0,100,32,4,True,True,-1
220_lightgbm_baseline,lightgbm,0.8440657933615681,0.026684940957576262,0.8268156424581006,5,"[15, 146, 88, 143, 16]",gbdt,,1.0,split,0.03,4,10,0.001,0.0,2000,15,15,binary,12648430,0.0,0.0,1.0,200000,0,binary_error,10.0,10.0,100,32,4,True,True,-1
221_lightgbm_early_stopping_logloss,lightgbm,0.8328572835615089,0.025772510733880854,0.8547486033519553,5,"[96, 478, 336, 188, 71]",gbdt,,1.0,split,0.03,4,10,0.001,0.0,2000,15,15,binary,12648430,0.0,0.0,1.0,200000,0,binary_logloss,10.0,10.0,100,32,4,True,True,-1
222_lightgbm_early_stopping_rounds_200,lightgbm,0.8440657933615681,0.026684940957576262,0.8268156424581006,5,"[15, 146, 88, 143, 16]",gbdt,,1.0,split,0.03,4,10,0.001,0.0,2000,15,15,binary,12648430,0.0,0.0,1.0,200000,0,binary_error,10.0,10.0,100,32,4,True,True,-1
223_lightgbm_learning_rate_0_01,lightgbm,0.832837584950261,0.020791989150288567,0.7988826815642458,5,"[44, 158, 195, 49, 52]",gbdt,,1.0,split,0.01,4,10,0.001,0.0,2000,15,15,binary,12648430,0.0,0.0,1.0,200000,0,binary_error,10.0,10.0,100,32,4,True,True,-1
223_lightgbm_learning_rate_0_01,lightgbm,0.8370333891460652,0.022295865113390347,0.8100558659217877,5,"[44, 409, 195, 49, 52]",gbdt,,1.0,split,0.01,4,10,0.001,0.0,2000,15,15,binary,12648430,0.0,0.0,1.0,200000,0,binary_error,10.0,10.0,100,32,4,True,True,-1
223_lightgbm_learning_rate_0_01,lightgbm,0.832837584950261,0.020791989150288567,0.7988826815642458,5,"[44, 158, 195, 49, 52]",gbdt,,1.0,split,0.01,4,10,0.001,0.0,2000,15,15,binary,12648430,0.0,0.0,1.0,200000,0,binary_error,10.0,10.0,100,32,4,True,True,-1
223_lightgbm_learning_rate_0_01_200,lightgbm,0.8370333891460652,0.022295865113390347,0.8100558659217877,5,"[44, 409, 195, 49, 52]",gbdt,,1.0,split,0.01,4,10,0.001,0.0,2000,15,15,binary,12648430,0.0,0.0,1.0,200000,0,binary_error,10.0,10.0,100,32,4,True,True,-1
223_lightgbm_learning_rate_0_01_200,lightgbm,0.8426671919629666,0.028177508690750534,0.8268156424581006,5,"[44, 409, 195, 477, 52]",gbdt,,1.0,split,0.01,4,10,0.001,0.0,2000,15,15,binary,12648430,0.0,0.0,1.0,200000,0,binary_error,10.0,10.0,100,32,4,True,True,-1
223_lightgbm_learning_rate_0_01_250,lightgbm,0.8426671919629666,0.028177508690750534,0.8268156424581006,5,"[44, 409, 195, 477, 52]",gbdt,,1.0,split,0.01,4,10,0.001,0.0,2000,15,15,binary,12648430,0.0,0.0,1.0,200000,0,binary_error,10.0,10.0,100,32,4,True,True,-1
223_lightgbm_learning_rate_0_01_200,lightgbm,0.8370333891460652,0.022295865113390347,0.8100558659217877,5,"[44, 409, 195, 49, 52]",gbdt,,1.0,split,0.01,4,10,0.001,0.0,2000,15,15,binary,12648430,0.0,0.0,1.0,200000,0,binary_error,10.0,10.0,100,32,4,True,True,-1
223_lightgbm_learning_rate_0_01_300,lightgbm,0.8454840933714174,0.027566314986144015,0.8324022346368715,5,"[44, 409, 579, 477, 52]",gbdt,,1.0,split,0.01,4,10,0.001,0.0,2000,15,15,binary,12648430,0.0,0.0,1.0,200000,0,binary_error,10.0,10.0,100,32,4,True,True,-1
223_lightgbm_learning_rate_0_01_350,lightgbm,0.8454840933714174,0.027566314986144015,0.8324022346368715,5,"[44, 409, 579, 477, 52]",gbdt,,1.0,split,0.01,4,10,0.001,0.0,2000,15,15,binary,12648430,0.0,0.0,1.0,200000,0,binary_error,10.0,10.0,100,32,4,True,True,-1
224_lightgbm_learning_rate_0_05,lightgbm,0.8454742440657933,0.026514403914215008,0.8379888268156425,5,"[9, 94, 104, 99, 9]",gbdt,,1.0,split,0.05,4,10,0.001,0.0,2000,15,15,binary,12648430,0.0,0.0,1.0,200000,0,binary_error,10.0,10.0,100,32,4,True,True,-1
225_lightgbm_learning_rate_0_10,lightgbm,0.8482911454742441,0.025556387905571347,0.8547486033519553,5,"[5, 43, 82, 44, 67]",gbdt,,1.0,split,0.1,4,10,0.001,0.0,2000,15,15,binary,12648430,0.0,0.0,1.0,200000,0,binary_error,10.0,10.0,100,32,4,True,True,-1
226_lightgbm_num_leaves_7,lightgbm,0.8567320003939722,0.02735067935325818,0.8547486033519553,5,"[3, 97, 58, 182, 9]",gbdt,,1.0,split,0.1,4,10,0.001,0.0,2000,15,7,binary,12648430,0.0,0.0,1.0,200000,0,binary_error,10.0,10.0,100,32,4,True,True,-1
227_lightgbm_num_leaves_10,lightgbm,0.8496897468728454,0.028861010050081987,0.8547486033519553,5,"[3, 122, 47, 133, 5]",gbdt,,1.0,split,0.1,4,10,0.001,0.0,2000,15,10,binary,12648430,0.0,0.0,1.0,200000,0,binary_error,10.0,10.0,100,32,4,True,True,-1
228_lightgbm_max_depth_3,lightgbm,0.855303851078499,0.0324188574237234,0.8603351955307262,5,"[3, 144, 65, 209, 5]",gbdt,,1.0,split,0.1,3,10,0.001,0.0,2000,15,7,binary,12648430,0.0,0.0,1.0,200000,0,binary_error,10.0,10.0,100,32,4,True,True,-1
229_lightgbm_max_depth_5,lightgbm,0.8553235496897468,0.025494759710349764,0.8491620111731844,5,"[3, 138, 43, 118, 9]",gbdt,,1.0,split,0.1,5,10,0.001,0.0,2000,15,7,binary,12648430,0.0,0.0,1.0,200000,0,binary_error,10.0,10.0,100,32,4,True,True,-1
230_lightgbm_min_child_samples_5,lightgbm,0.8553137003841229,0.028823316002689524,0.8603351955307262,5,"[3, 67, 58, 62, 16]",gbdt,,1.0,split,0.1,4,5,0.001,0.0,2000,15,7,binary,12648430,0.0,0.0,1.0,200000,0,binary_error,10.0,10.0,100,32,4,True,True,-1
231_lightgbm_min_child_samples_20,lightgbm,0.8553137003841229,0.0203247050094083,0.8659217877094972,5,"[3, 217, 55, 59, 74]",gbdt,,1.0,split,0.1,4,20,0.001,0.0,2000,15,7,binary,12648430,0.0,0.0,1.0,200000,0,binary_error,10.0,10.0,100,32,4,True,True,-1
232_lightgbm_min_child_samples_30,lightgbm,0.8539150989855215,0.02656704091532358,0.8603351955307262,5,"[3, 142, 30, 186, 103]",gbdt,,1.0,split,0.1,4,30,0.001,0.0,2000,15,7,binary,12648430,0.0,0.0,1.0,200000,0,binary_error,10.0,10.0,100,32,4,True,True,-1
233_lightgbm_min_child_weight_0_01,lightgbm,0.8553137003841229,0.0203247050094083,0.8659217877094972,5,"[3, 217, 55, 59, 74]",gbdt,,1.0,split,0.1,4,20,0.01,0.0,2000,15,7,binary,12648430,0.0,0.0,1.0,200000,0,binary_error,10.0,10.0,100,32,4,True,True,-1
234_lightgbm_min_child_weight_0_1,lightgbm,0.8553137003841229,0.0203247050094083,0.8659217877094972,5,"[3, 217, 55, 59, 74]",gbdt,,1.0,split,0.1,4,20,0.1,0.0,2000,15,7,binary,12648430,0.0,0.0,1.0,200000,0,binary_error,10.0,10.0,100,32,4,True,True,-1
234_lightgbm_min_child_weight_1,lightgbm,0.8567320003939722,0.020248347093115026,0.8659217877094972,5,"[3, 178, 126, 127, 74]",gbdt,,1.0,split,0.1,4,20,1,0.0,2000,15,7,binary,12648430,0.0,0.0,1.0,200000,0,binary_error,10.0,10.0,100,32,4,True,True,-1
234_lightgbm_min_child_weight_2,lightgbm,0.8511178961883188,0.023338560966550948,0.8603351955307262,5,"[3, 143, 93, 137, 21]",gbdt,,1.0,split,0.1,4,20,2,0.0,2000,15,7,binary,12648430,0.0,0.0,1.0,200000,0,binary_error,10.0,10.0,100,32,4,True,True,-1
235_lightgbm_min_split_gain_0_05,lightgbm,0.85251649758692,0.02141786709982196,0.8659217877094972,5,"[3, 171, 70, 153, 73]",gbdt,,1.0,split,0.1,4,20,1,0.05,2000,15,7,binary,12648430,0.0,0.0,1.0,200000,0,binary_error,10.0,10.0,100,32,4,True,True,-1
236_lightgbm_min_split_gain_0_1,lightgbm,0.8497389934009651,0.029632817388082558,0.8659217877094972,5,"[3, 38, 59, 101, 21]",gbdt,,1.0,split,0.1,4,20,1,0.1,2000,15,7,binary,12648430,0.0,0.0,1.0,200000,0,binary_error,10.0,10.0,100,32,4,True,True,-1
235_lightgbm_min_split_gain_0_01,lightgbm,0.8553333989953709,0.019213685519308108,0.8659217877094972,5,"[3, 173, 112, 91, 74]",gbdt,,1.0,split,0.1,4,20,1,0.01,2000,15,7,binary,12648430,0.0,0.0,1.0,200000,0,binary_error,10.0,10.0,100,32,4,True,True,-1
237_lightgbm_subsample_0_8_freq_1,lightgbm,0.8511178961883188,0.02247866177968318,0.8603351955307262,5,"[88, 53, 40, 92, 73]",gbdt,,1.0,split,0.1,4,20,1,0.0,2000,15,7,binary,12648430,0.0,0.0,0.8,200000,1,binary_error,10.0,10.0,100,32,4,True,True,-1
237_lightgbm_subsample_0_9_freq_1,lightgbm,0.8497094454840933,0.02508327132118817,0.8659217877094972,5,"[3, 48, 62, 131, 18]",gbdt,,1.0,split,0.1,4,20,1,0.0,2000,15,7,binary,12648430,0.0,0.0,0.9,200000,1,binary_error,10.0,10.0,100,32,4,True,True,-1
238_lightgbm_colsample_bytree_0_8,lightgbm,0.8539150989855215,0.0290631897773245,0.8603351955307262,5,"[118, 111, 92, 201, 15]",gbdt,,0.8,split,0.1,4,20,1,0.0,2000,15,7,binary,12648430,0.0,0.0,1.0,200000,0,binary_error,10.0,10.0,100,32,4,True,True,-1
238_lightgbm_colsample_bytree_0_9,lightgbm,0.8511080468826947,0.01970908812298302,0.8659217877094972,5,"[4, 172, 82, 74, 74]",gbdt,,0.9,split,0.1,4,20,1,0.0,2000,15,7,binary,12648430,0.0,0.0,1.0,200000,0,binary_error,10.0,10.0,100,32,4,True,True,-1
239_lightgbm_subsample_colsample_0_8,lightgbm,0.8496995961784695,0.03048214495623817,0.8659217877094972,5,"[15, 48, 34, 100, 8]",gbdt,,0.8,split,0.1,4,20,1,0.0,2000,15,7,binary,12648430,0.0,0.0,0.8,200000,1,binary_error,10.0,10.0,100,32,4,True,True,-1
240_lightgbm_reg_lambda_0_1,lightgbm,0.8539249482911455,0.02458421803207517,0.8603351955307262,5,"[3, 176, 97, 107, 18]",gbdt,,1.0,split,0.1,4,20,1,0.0,2000,15,7,binary,12648430,0.0,0.1,1.0,200000,0,binary_error,10.0,10.0,100,32,4,True,True,-1
241_lightgbm_reg_lambda_1,lightgbm,0.8497192947897172,0.022081708288805953,0.8547486033519553,5,"[3, 59, 130, 152, 19]",gbdt,,1.0,split,0.1,4,20,1,0.0,2000,15,7,binary,12648430,0.0,1,1.0,200000,0,binary_error,10.0,10.0,100,32,4,True,True,-1
242_lightgbm_reg_alpha_0_1,lightgbm,0.85251649758692,0.02403641059475414,0.8715083798882681,5,"[3, 229, 122, 87, 15]",gbdt,,1.0,split,0.1,4,20,1,0.0,2000,15,7,binary,12648430,0.1,0.0,1.0,200000,0,binary_error,10.0,10.0,100,32,4,True,True,-1
243_lightgbm_reg_alpha_1,lightgbm,0.8511277454939427,0.024925944249551135,0.8603351955307262,5,"[3, 50, 62, 188, 101]",gbdt,,1.0,split,0.1,4,20,1,0.0,2000,15,7,binary,12648430,1,0.0,1.0,200000,0,binary_error,10.0,10.0,100,32,4,True,True,-1
245_lightgbm_cat_smooth_5,lightgbm,0.8525460455037919,0.020750885849853573,0.8603351955307262,5,"[3, 40, 126, 107, 71]",gbdt,,1.0,split,0.1,4,20,1,0.0,2000,15,7,binary,12648430,0.0,0.0,1.0,200000,0,binary_error,5,10.0,100,32,4,True,True,-1
246_lightgbm_cat_smooth_20,lightgbm,0.8511080468826947,0.018690276541456382,0.8659217877094972,5,"[53, 53, 74, 62, 78]",gbdt,,1.0,split,0.1,4,20,1,0.0,2000,15,7,binary,12648430,0.0,0.0,1.0,200000,0,binary_error,20,10.0,100,32,4,True,True,-1
246_lightgbm_cat_smooth_15,lightgbm,0.85251649758692,0.01998031605152051,0.8659217877094972,5,"[3, 169, 126, 62, 75]",gbdt,,1.0,split,0.1,4,20,1,0.0,2000,15,7,binary,12648430,0.0,0.0,1.0,200000,0,binary_error,15,10.0,100,32,4,True,True,-1
247_lightgbm_cat_l2_5,lightgbm,0.8483305426967398,0.025323987907462327,0.8659217877094972,5,"[3, 22, 87, 119, 16]",gbdt,,1.0,split,0.1,4,20,1,0.0,2000,15,7,binary,12648430,0.0,0.0,1.0,200000,0,binary_error,10.0,5,100,32,4,True,True,-1
248_lightgbm_cat_l2_20,lightgbm,0.85251649758692,0.028212757872374455,0.8659217877094972,5,"[3, 137, 95, 123, 109]",gbdt,,1.0,split,0.1,4,20,1,0.0,2000,15,7,binary,12648430,0.0,0.0,1.0,200000,0,binary_error,10.0,20,100,32,4,True,True,-1
249_lightgbm_min_data_per_group_20,lightgbm,0.8483108440854921,0.022552875410871222,0.8659217877094972,5,"[3, 33, 91, 155, 21]",gbdt,,1.0,split,0.1,4,20,1,0.0,2000,15,7,binary,12648430,0.0,0.0,1.0,200000,0,binary_error,10.0,10.0,20,32,4,True,True,-1
250_lightgbm_min_data_per_group_50,lightgbm,0.85251649758692,0.02403641059475414,0.8603351955307262,5,"[3, 84, 79, 114, 21]",gbdt,,1.0,split,0.1,4,20,1,0.0,2000,15,7,binary,12648430,0.0,0.0,1.0,200000,0,binary_error,10.0,10.0,50,32,4,True,True,-1
251_lightgbm_max_cat_to_onehot_10,lightgbm,0.8553235496897468,0.026620769125883046,0.8659217877094972,5,"[78, 123, 132, 108, 18]",gbdt,,1.0,split,0.1,4,20,1,0.0,2000,15,7,binary,12648430,0.0,0.0,1.0,200000,0,binary_error,10.0,10.0,100,32,10,True,True,-1
251_lightgbm_max_cat_to_onehot_5,lightgbm,0.8567320003939722,0.020248347093115026,0.8659217877094972,5,"[3, 178, 126, 127, 74]",gbdt,,1.0,split,0.1,4,20,1,0.0,2000,15,7,binary,12648430,0.0,0.0,1.0,200000,0,binary_error,10.0,10.0,100,32,5,True,True,-1
253_lightgbm_native_age_missing,lightgbm,0.8468826947700187,0.02947048852549692,0.8435754189944135,5,"[6, 44, 125, 19, 21]",gbdt,,1.0,split,0.1,4,20,1,0.0,2000,15,7,binary,12648430,0.0,0.0,1.0,200000,0,binary_error,10.0,10.0,100,32,4,True,True,-1
254_lightgbm_cv_seed_42,lightgbm,0.8356840342755836,0.01290986627608396,0.8603351955307262,5,"[16, 78, 100, 136, 44]",gbdt,,1.0,split,0.1,4,20,1,0.0,2000,15,7,binary,12648430,0.0,0.0,1.0,200000,0,binary_error,10.0,10.0,100,32,4,True,True,-1
255_lightgbm_cv_seed_2026,lightgbm,0.8525460455037919,0.02546632012872374,0.8659217877094972,5,"[75, 32, 16, 106, 113]",gbdt,,1.0,split,0.1,4,20,1,0.0,2000,15,7,binary,12648430,0.0,0.0,1.0,200000,0,binary_error,10.0,10.0,100,32,4,True,True,-1
234_lightgbm_min_child_weight_1,lightgbm,0.8567320003939722,0.020248347093115026,0.8659217877094972,5,"[3, 178, 126, 127, 74]",gbdt,,1.0,split,0.1,4,20,1,0.0,2000,15,7,binary,12648430,0.0,0.0,1.0,200000,0,binary_error,10.0,10.0,100,32,4,True,True,-1
257_lightgbm_optuna_trial_216,lightgbm,0.863754555303851,0.0304242101338407,0.8435754189944135,5,"[176, 315, 80, 289, 139]",gbdt,,0.8869339873610533,split,0.11784745281602944,7,10,0.43511604559295053,0.08776787070217627,2000,15,4,binary,12648430,0.001,0.05,0.9696707640811784,200000,1,binary_error,28.83549369109806,7.399983164441014,60,8,10,127,True,True,-1
258_lightgbm_optuna_trial_216_seed_42,lightgbm,0.8413572343149808,0.024901327619135924,0.8435754189944135,5,"[3, 30, 15, 66, 34]",gbdt,,0.8869339873610533,split,0.11784745281602944,7,10,0.43511604559295053,0.08776787070217627,2000,15,4,binary,12648430,0.001,0.05,0.9696707640811784,200000,1,binary_error,28.83549369109806,7.399983164441014,60,8,10,127,True,True,-1
259_lightgbm_optuna_trial_216_seed_2026,lightgbm,0.8511178961883188,0.015076176113065035,0.8659217877094972,5,"[47, 12, 22, 136, 249]",gbdt,,0.8869339873610533,split,0.11784745281602944,7,10,0.43511604559295053,0.08776787070217627,2000,15,4,binary,12648430,0.001,0.05,0.9696707640811784,200000,1,binary_error,28.83549369109806,7.399983164441014,60,8,10,127,True,True,-1
261_lightgbm_optuna_trial_92,lightgbm,0.855294001772875,0.03185400962836156,0.8603351955307262,5,"[197, 229, 35, 161, 31]",gbdt,,0.9406386213591118,split,0.14543029929604373,7,35,1.1441588080348284,0.07074078669716788,2000,15,16,binary,12648430,0.5,0.05,0.7290275330628179,200000,1,binary_error,63,14.759011982530762,6.985602579442557,30,32,10,-1,True,True
234_lightgbm_min_child_weight_1,lightgbm,0.8567320003939722,0.020248347093115026,0.8659217877094972,5,"[3, 178, 126, 127, 74]",gbdt,,1.0,split,0.1,4,20,1.0,0.0,2000,15,7,binary,12648430,0.0,0.0,1.0,200000,0,binary_error,255,10.0,10.0,100,32,4,-1,True,True
234_lightgbm_min_child_weight_1,lightgbm,0.8567320003939722,0.020248347093115026,0.8659217877094972,5,"[3, 178, 126, 127, 74]",gbdt,,1.0,split,0.1,4,20,1.0,0.0,2000,15,7,binary,12648430,0.0,0.0,1.0,200000,0,binary_error,255,10.0,10.0,100,32,4,-1,True,True
262_xgboost_baseline,xgboost,0.8356446370530877,0.02636137900720137,0.8603351955307262,5,"[3, 145, 31, 49, 7]",binary:logistic,,,,,,1.0,,,True,error,,,0.0,,,,0.1,,,,,6,,1.0,,,,2000,15,,12648430,0.0,1.0,,,1.0,hist,,0
263_xgboost_early_stopping_300,xgboost,0.8356446370530877,0.02636137900720137,0.8603351955307262,5,"[3, 145, 31, 49, 7]",binary:logistic,,,,,,1.0,,,False,error,,,0.0,,,,0.1,,,,,6,,1.0,,,,2000,15,,12648430,0.0,1.0,,,1.0,hist,,0
264_xgboost_early_stopping_500,xgboost,0.8370432384516893,0.026694234902340404,0.8547486033519553,5,"[425, 145, 31, 49, 7]",binary:logistic,,,,,,1.0,,,False,error,,,0.0,,,,0.1,,,,,6,,1.0,,,,2000,15,,12648430,0.0,1.0,,,1.0,hist,,0
265_xgboost_max_depth_4,xgboost,0.8398798384713878,0.02937751845253839,0.8603351955307262,5,"[3, 14, 51, 148, 5]",binary:logistic,,,,,,1.0,,,False,error,,,0.0,,,,0.1,,,,,4,,1.0,,,,2000,15,,12648430,0.0,1.0,,,1.0,hist,,0
266_xgboost_max_depth_3,xgboost,0.8553235496897468,0.025108204116718023,0.8603351955307262,5,"[614, 200, 39, 274, 18]",binary:logistic,,,,,,1.0,,,False,error,,,0.0,,,,0.1,,,,,3,,1.0,,,,2000,15,,12648430,0.0,1.0,,,1.0,hist,,0
267_xgboost_max_depth_5,xgboost,0.8426573426573427,0.029258373214455388,0.8659217877094972,5,"[240, 150, 30, 157, 8]",binary:logistic,,,,,,1.0,,,False,error,,,0.0,,,,0.1,,,,,5,,1.0,,,,2000,15,,12648430,0.0,1.0,,,1.0,hist,,0
268_xgboost_max_depth_2,xgboost,0.859539052496799,0.032153471171580315,0.8379888268156425,5,"[254, 449, 298, 718, 35]",binary:logistic,,,,,,1.0,,,False,error,,,0.0,,,,0.1,,,,,2,,1.0,,,,2000,15,,12648430,0.0,1.0,,,1.0,hist,,0
266_xgboost_max_depth_3,xgboost,0.8553235496897468,0.025108204116718023,0.8603351955307262,5,"[614, 200, 39, 274, 18]",binary:logistic,,,,,,1.0,,,False,error,,,0.0,,,,0.1,,,,,3,,1.0,,,,2000,15,,12648430,0.0,1.0,,,1.0,hist,,0
268_xgboost_max_depth_2,xgboost,0.859539052496799,0.032153471171580315,0.8379888268156425,5,"[254, 449, 298, 718, 35]",binary:logistic,,,,,,1.0,,,False,error,,,0.0,,,,0.1,,,,,2,,1.0,,,,2000,15,,12648430,0.0,1.0,,,1.0,hist,,0
269_xgboost_min_child_weight_3,xgboost,0.8496995961784695,0.021298312109612916,0.8715083798882681,5,"[203, 29, 109, 81, 68]",binary:logistic,,,,,,1.0,,,False,error,,,0.0,,,,0.1,,,,,3,,3,,,,2000,15,,12648430,0.0,1.0,,,1.0,hist,,0
270_xgboost_min_child_weight_5,xgboost,0.8525066482812962,0.027913460395266806,0.8603351955307262,5,"[6, 179, 86, 164, 23]",binary:logistic,,,,,,1.0,,,False,error,,,0.0,,,,0.1,,,,,3,,5,,,,2000,15,,12648430,0.0,1.0,,,1.0,hist,,0
271_xgboost_min_child_weight_10,xgboost,0.8398601398601399,0.025894429523135136,0.8268156424581006,5,"[4, 54, 63, 462, 18]",binary:logistic,,,,,,1.0,,,False,error,,,0.0,,,,0.1,,,,,3,,10,,,,2000,15,,12648430,0.0,1.0,,,1.0,hist,,0
272_xgboost_gamma_0_1,xgboost,0.8553432483009947,0.024990186480452,0.8603351955307262,5,"[141, 159, 38, 188, 161]",binary:logistic,,,,,,1.0,,,False,error,,,0.1,,,,0.1,,,,,3,,1.0,,,,2000,15,,12648430,0.0,1.0,,,1.0,hist,,0
273_xgboost_gamma_0_5,xgboost,0.8455037919826651,0.019918632375816515,0.8603351955307262,5,"[3, 24, 36, 48, 18]",binary:logistic,,,,,,1.0,,,False,error,,,0.5,,,,0.1,,,,,3,,1.0,,,,2000,15,,12648430,0.0,1.0,,,1.0,hist,,0
274_xgboost_gamma_1,xgboost,0.8384713877671623,0.014884806912404737,0.8547486033519553,5,"[3, 24, 27, 32, 18]",binary:logistic,,,,,,1.0,,,False,error,,,1,,,,0.1,,,,,3,,1.0,,,,2000,15,,12648430,0.0,1.0,,,1.0,hist,,0
272_xgboost_gamma_0_1,xgboost,0.8553432483009947,0.024990186480452,0.8603351955307262,5,"[141, 159, 38, 188, 161]",binary:logistic,,,,,,1.0,,,False,error,,,0.1,,,,0.1,,,,,3,,1.0,,,,2000,15,,12648430,0.0,1.0,,,1.0,hist,,0
275_xgboost_subsample_0_9,xgboost,0.8581306017925737,0.025036605550501915,0.8659217877094972,5,"[482, 350, 55, 72, 176]",binary:logistic,,,,,,1.0,,,False,error,,,0.0,,,,0.1,,,,,3,,1.0,,,,2000,15,,12648430,0.0,1.0,,,0.9,hist,,0
276_xgboost_subsample_0_8,xgboost,0.8539150989855215,0.022526302945072647,0.8659217877094972,5,"[68, 193, 24, 139, 195]",binary:logistic,,,,,,1.0,,,False,error,,,0.0,,,,0.1,,,,,3,,1.0,,,,2000,15,,12648430,0.0,1.0,,,0.8,hist,,0
277_xgboost_colsample_bytree_0_9,xgboost,0.8567221510883483,0.03473630452973741,0.8491620111731844,5,"[5, 213, 99, 278, 152]",binary:logistic,,,,,,0.9,,,False,error,,,0.0,,,,0.1,,,,,3,,1.0,,,,2000,15,,12648430,0.0,1.0,,,1.0,hist,,0
278_xgboost_colsample_bytree_0_8,xgboost,0.8581306017925737,0.028017447030534263,0.8547486033519553,5,"[254, 282, 35, 399, 310]",binary:logistic,,,,,,0.8,,,False,error,,,0.0,,,,0.1,,,,,3,,1.0,,,,2000,15,,12648430,0.0,1.0,,,1.0,hist,,0
279_xgboost_subsample_colsample_best,xgboost,0.859539052496799,0.02991628939800764,0.8659217877094972,5,"[129, 252, 31, 153, 198]",binary:logistic,,,,,,0.8,,,False,error,,,0.0,,,,0.1,,,,,3,,1.0,,,,2000,15,,12648430,0.0,1.0,,,0.9,hist,,0
275_xgboost_subsample_0_9,xgboost,0.8581306017925737,0.025036605550501915,0.8659217877094972,5,"[482, 350, 55, 72, 176]",binary:logistic,,,,,,1.0,,,False,error,,,0.0,,,,0.1,,,,,3,,1.0,,,,2000,15,,12648430,0.0,1.0,,,0.9,hist,,0
280_xgboost_reg_lambda_5,xgboost,0.8525066482812962,0.025693136594510096,0.8547486033519553,5,"[636, 606, 38, 301, 14]",binary:logistic,,,,,,1.0,,,False,error,,,0.0,,,,0.1,,,,,3,,1.0,,,,2000,15,,12648430,0.0,5,,,0.9,hist,,0
281_xgboost_reg_lambda_10,xgboost,0.8511178961883188,0.027605609485268384,0.8659217877094972,5,"[4, 257, 33, 319, 10]",binary:logistic,,,,,,1.0,,,False,error,,,0.0,,,,0.1,,,,,3,,1.0,,,,2000,15,,12648430,0.0,10,,,0.9,hist,,0
282_xgboost_reg_alpha_0_1,xgboost,0.8553333989953709,0.023403027923664707,0.8659217877094972,5,"[5, 615, 57, 190, 182]",binary:logistic,,,,,,1.0,,,False,error,,,0.0,,,,0.1,,,,,3,,1.0,,,,2000,15,,12648430,0.1,1.0,,,0.9,hist,,0
283_xgboost_reg_alpha_0_5,xgboost,0.848300994779868,0.025498492190633812,0.8659217877094972,5,"[5, 357, 58, 227, 162]",binary:logistic,,,,,,1.0,,,False,error,,,0.0,,,,0.1,,,,,3,,1.0,,,,2000,15,,12648430,0.5,1.0,,,0.9,hist,,0
284_xgboost_reg_alpha_1,xgboost,0.8468925440756425,0.023833203136279745,0.8659217877094972,5,"[5, 20, 45, 232, 237]",binary:logistic,,,,,,1.0,,,False,error,,,0.0,,,,0.1,,,,,3,,1.0,,,,2000,15,,12648430,1,1.0,,,0.9,hist,,0
285_xgboost_learning_rate_0_05,xgboost,0.8553235496897468,0.02258964387125833,0.8659217877094972,5,"[9, 428, 157, 233, 480]",binary:logistic,,,,,,1.0,,,False,error,,,0.0,,,,0.05,,,,,3,,1.0,,,,2000,15,,12648430,0.0,1.0,,,0.9,hist,,0
286_xgboost_learning_rate_0_03,xgboost,0.8511178961883188,0.027620628169450333,0.8603351955307262,5,"[14, 77, 357, 361, 59]",binary:logistic,,,,,,1.0,,,False,error,,,0.0,,,,0.03,,,,,3,,1.0,,,,2000,15,,12648430,0.0,1.0,,,0.9,hist,,0
287_xgboost_learning_rate_0_01,xgboost,0.8497192947897172,0.02619112787902062,0.8603351955307262,5,"[44, 190, 777, 1047, 226]",binary:logistic,,,,,,1.0,,,False,error,,,0.0,,,,0.01,,,,,3,,1.0,,,,2000,15,,12648430,0.0,1.0,,,0.9,hist,,0
287_xgboost_learning_rate_0_01_30000_1500,xgboost,0.852536196198168,0.02983114853262233,0.8603351955307262,5,"[44, 190, 777, 1816, 226]",binary:logistic,,,,,,1.0,,,False,error,,,0.0,,,,0.01,,,,,3,,1.0,,,,30000,15,,12648430,0.0,1.0,,,0.9,hist,,0
287_xgboost_learning_rate_0_01_30000_3000,xgboost,0.8595489018024229,0.02633312753529374,0.8547486033519553,5,"[44, 1953, 777, 1816, 2233]",binary:logistic,,,,,,1.0,,,False,error,,,0.0,,,,0.01,,,,,3,,1.0,,,,30000,15,,12648430,0.0,1.0,,,0.9,hist,,0
287_xgboost_learning_rate_0_01_30000_6000,xgboost,0.8609475032010243,0.02576410802162261,0.8491620111731844,5,"[5026, 1953, 777, 1816, 2233]",binary:logistic,,,,,,1.0,,,False,error,,,0.0,,,,0.01,,,,,3,,1.0,,,,30000,15,,12648430,0.0,1.0,,,0.9,hist,,0
288_xgboost_scale_pos_weight_1_2,xgboost,0.8539249482911455,0.027623946987120458,0.8603351955307262,5,"[170, 600, 43, 212, 176]",binary:logistic,,,,,,1.0,,,False,error,,,0.0,,,,0.1,,,,,3,,1.0,,,,2000,15,,12648430,0.0,1.0,,1.2,0.9,hist,,0
289_xgboost_scale_pos_weight_1_4,xgboost,0.8468826947700187,0.024699623548546358,0.8435754189944135,5,"[204, 235, 68, 158, 2]",binary:logistic,,,,,,1.0,,,False,error,,,0.0,,,,0.1,,,,,3,,1.0,,,,2000,15,,12648430,0.0,1.0,,1.4,0.9,hist,,0
290_xgboost_subsample_0_9_fold_seed_42,xgboost,0.8371023342854329,0.01173400819183105,0.8659217877094972,5,"[467, 59, 20, 72, 512]",binary:logistic,,,,,,1.0,,,False,error,,,0.0,,,,0.1,,,,,3,,1.0,,,,2000,15,,12648430,0.0,1.0,,,0.9,hist,,0
291_xgboost_subsample_0_9_fold_seed_2026,xgboost,0.852555894809416,0.02539568538574176,0.8770949720670391,5,"[212, 21, 35, 224, 176]",binary:logistic,,,,,,1.0,,,False,error,,,0.0,,,,0.1,,,,,3,,1.0,,,,2000,15,,12648430,0.0,1.0,,,0.9,hist,,0
290_xgboost_subsample_0_9_fold_seed_42,xgboost,0.8371023342854329,0.01173400819183105,0.8659217877094972,5,"[467, 59, 20, 72, 512]",binary:logistic,,,,,,1.0,,,False,error,,,0.0,,,,0.1,,,,,3,,1.0,,,,2000,15,,12648430,0.0,1.0,,,0.9,hist,,0
293_xgboost_optuna_trial_31,xgboost,0.8637644046094751,0.0269277674106917,0.8379888268156425,5,"[8, 346, 78, 541, 237]",binary:logistic,,,,,,0.8244924870903084,,,False,error,,,0.0,,,,0.11176949123089937,,,,,2,,1.0,,,,2000,15,,12648430,0.09960972038669126,0.5828846693956847,,,0.8364402681078542,hist,,0
294_xgboost_optuna_trial_31_fold_seed_2027,xgboost,0.848300994779868,0.028440671140014345,0.8659217877094972,5,"[57, 123, 132, 203, 79]",binary:logistic,,,,,,0.8244924870903084,,,False,error,,,0.0,,,,0.11176949123089937,,,,,2,,1.0,,,,2000,15,,12648430,0.09960972038669126,0.5828846693956847,,,0.8364402681078542,hist,,0
295_xgboost_subsample_0_9_fold_seed_2027,xgboost,0.8468925440756427,0.030415351078971555,0.8603351955307262,5,"[114, 238, 115, 99, 77]",binary:logistic,,,,,,1.0,,,False,error,,,0.0,,,,0.1,,,,,3,,1.0,,,,2000,15,,12648430,0.0,1.0,,,0.9,hist,,0
